TID,Type,String
区分字,类型,禁止语
2,,
U16,U8,CBwString
1,3,毛泽东
2,3,周恩来
3,3,刘少奇
4,3,朱德
5,3,彭德怀
6,3,林彪
7,3,刘伯承
8,3,陈毅
9,3,贺龙
10,3,聂荣臻
11,3,徐向前
12,3,罗荣桓
13,3,叶剑英
14,3,李大钊
15,3,陈独秀
16,3,孙中山
17,3,孙文
18,3,孙逸仙
19,3,邓小平
20,3,陈云
21,3,江泽民
22,3,李鹏
23,3,朱镕基
24,3,李瑞环
25,3,尉健行
26,3,李岚清
27,3,胡锦涛
28,3,罗干
29,3,温家宝
30,3,吴邦国
31,3,曾庆红
32,3,贾庆林
33,3,黄菊
34,3,吴官正
35,3,李长春
36,3,吴仪
37,3,回良玉
38,3,曾培炎
39,3,周永康
40,3,曹刚川
41,3,唐家璇
42,3,华建敏
43,3,陈至立
44,3,陈良宇
45,3,张德江
46,3,张立昌
47,3,俞正声
48,3,刘云山
49,3,王岐山
50,3,张高丽
51,3,王乐泉
52,3,王刚
53,3,王兆国
54,3,刘淇
55,3,贺国强
56,3,郭伯雄
57,3,胡耀邦
58,3,李登辉
59,3,连战
60,3,陈水扁
61,3,宋楚瑜
62,3,吕秀莲
63,3,郁慕明
64,3,蒋介石
65,3,蒋中正
66,3,蒋经国
67,3,马英九
68,3,习近平
69,3,李克强
70,3,吴帮国
71,3,无帮国
72,3,无邦国
73,3,无帮过
74,3,瘟家宝
75,3,假庆林
76,3,甲庆林
77,3,假青林
78,3,离长春
79,3,习远平
80,3,袭近平
81,3,李磕墙
82,3,贺过墙
83,3,和锅枪
84,3,粥永康
85,3,轴永康
86,3,肘永康
87,3,周健康
88,3,粥健康
89,3,周小康
90,3,李肇星务
91,3,国务委员
92,3,国务院
93,3,中央委员
94,3,发改委
95,3,国家发展和改革委员会
96,3,发展和改革委员会
97,3,国家发展与改革委员会
98,3,发展与改革委员会
99,3,薄熙来
100,3,温家饱
101,3,温假饱
102,3,胡惊涛
103,3,习仲勋
104,3,华国锋
105,3,彭丽媛
106,3,新闻出版总署
107,3,新闻出版署
108,3,布什
109,3,布莱尔
110,3,小泉
111,3,纯一郎
112,3,萨马兰奇
113,3,安南
114,3,阿拉法特
115,3,普京
116,3,默克尔
117,3,克林顿
118,3,里根
119,3,尼克松
120,3,林肯
121,3,杜鲁门
122,3,赫鲁晓夫
123,3,列宁
124,3,斯大林
125,3,马克思
126,3,恩格斯
127,3,金正日
128,3,金日成
129,3,萨达姆
130,3,胡志明
131,3,西哈努克
132,3,希拉克
133,3,撒切尔
134,3,阿罗约
135,3,曼德拉
136,3,卡斯特罗
137,3,富兰克林
138,3,华盛顿
139,3,艾森豪威尔
140,3,拿破仑
141,3,亚历山大
142,3,路易
143,3,拉姆斯菲尔德
144,3,劳拉
145,3,鲍威尔
146,3,奥巴马
147,3,本拉登
148,3,奥马尔
149,3,柴玲
150,3,达赖喇嘛
151,3,江青
152,3,张春桥
153,3,姚文元
154,3,王洪文
155,3,东条英机
156,3,希特勒
157,3,墨索里尼
158,3,冈村秀树
159,3,冈村宁次
160,3,高丽朴
161,3,赵紫阳
162,3,王丹
163,3,沃尔开西
164,3,李洪志
165,3,李大师
166,3,赖昌星
167,3,马加爵
168,3,班禅
169,3,额尔德尼
170,3,山本五十六
171,3,阿扁
172,3,阿扁万岁
173,3,热那亚
174,3,热比娅
175,3,尖阁列岛
176,3,实际神
177,3,东方闪电
178,3,安倍晋三
179,3,金正恩
180,3,张学良
181,3,卍
182,3,占中
183,3,东土耳其斯坦
184,3,五四运动
185,3,意志不坚的图腾
186,3,乌克兰分离
187,3,穆罕默德
188,3,占领中环
189,3,全能神
190,3,伊斯兰国
191,3,呼喊派
192,3,灵灵教
193,3,观音法门
194,3,主神教
195,3,被立王
196,3,三班仆人派
197,3,灵仙真佛宗
198,3,天父的儿女
199,3,达米宣教会
200,3,世界以利亚福音宣教会
201,3,常受教
202,3,中华大陆行政执事站
203,3,全范围教会
204,3,徒弟会
205,3,新约教会
206,3,同一教
207,3,Free tibet
208,3,西藏自由
209,3,南疆
210,3,北疆
211,3,新疆砍人
212,3,东伊运
213,3,恐怖组织
214,3,买毒品
215,3,卖毒品
216,3,茉莉花
217,3,钓鱼岛
218,3,钓鱼岛不属于中国
219,3,突尼斯
220,3,isis
221,3,ISIL
222,3,gongchandang
223,3,西藏314事件
224,3,新疆7.5事件
225,3,新疆国
226,3,党中央
227,3,新闻管制
228,3,一边一国
229,3,两国论
230,3,分裂中国
231,3,革命
232,3,国内动态详情
233,3,回回
234,3,六四
235,3,六四运动
236,3,美国之音
237,3,密宗
238,3,民国
239,3,民进党
240,3,民运
241,3,民主
242,3,民主潮
243,3,摩门教
244,3,纳粹
245,3,南华早报
246,3,南蛮
247,3,明慧网
248,3,起义
249,3,亲民党
250,3,瘸腿帮
251,3,人民报
252,3,法轮功
253,3,法轮大法
254,3,打倒共产党
255,3,台独万岁
256,3,圣战
257,3,示威
258,3,台独
259,3,台独分子
260,3,台联
261,3,台湾民国
262,3,台湾岛国
263,3,台湾国
264,3,台湾独立
265,3,太子党
266,3,天安门事件
267,3,天安门运动
268,3,屠杀
269,3,新党
270,3,新疆独立
271,3,新疆分裂
272,3,疆独
273,3,西藏独立
274,3,西藏分裂
275,3,西藏国
276,3,藏独
277,3,藏青会
278,3,藏妇会
279,3,学潮
280,3,学运
281,3,一党专政
282,3,一中一台
283,3,两个中国
284,3,一贯道
285,3,游行
286,3,造反
287,3,真善忍
288,3,镇压
289,3,政变
290,3,政治
291,3,政治反对派
292,3,政治犯
293,3,中共
294,3,共产党
295,3,反党
296,3,反共
297,3,政府
298,3,民主党
299,3,中国之春
300,3,转法轮
301,3,自焚
302,3,共党
303,3,共匪
304,3,苏家屯
305,3,基地组织
306,3,塔利班
307,3,东亚病夫
308,3,支那
309,3,高治联
310,3,高自联
311,3,专政
312,3,专制
313,3,世界维吾尔大会
314,3,核工业基地
315,3,核武器
316,3,铀
317,3,原子弹
318,3,氢弹
319,3,导弹
320,3,核潜艇
321,3,大参考
322,3,小参考
323,3,国内动态清样
324,3,活佛
325,3,释迦牟尼
326,3,阿弥陀佛
327,3,多维
328,3,河殇
329,3,耶和华
330,3,耶稣
331,3,伊斯兰
332,3,真主安拉
333,3,白莲教
334,3,天主教
335,3,基督教
336,3,东正教
337,3,大法
338,3,法轮
339,3,真理教
340,3,走向圆满
341,3,黄大仙
342,3,跳大神
343,3,神汉
344,3,神婆
345,3,大卫教
346,3,阎王
347,3,黑白无常
348,3,牛头马面
349,3,高丽棒子
350,3,蒙古鞑子
351,3,老毛子
352,3,回民
353,3,回民吃猪肉
354,3,回民是猪
355,3,回民都是猪
356,3,k粉
357,3,古柯碱
358,3,谋杀
359,3,杀人
360,3,吸毒
361,3,贩毒
362,3,赌博
363,3,拐卖
364,3,走私
365,3,卖淫
366,3,强奸
367,3,轮奸
368,3,抢劫
369,3,先奸后杀
370,3,押大
371,3,押小
372,3,押注
373,3,下注
374,3,抽头
375,3,坐庄
376,3,赌马
377,3,赌球
378,3,筹码
379,3,老虎机
380,3,轮盘赌
381,3,安非他命
382,3,大麻
383,3,可卡因
384,3,海洛因
385,3,冰毒
386,3,摇头丸
387,3,杜冷丁
388,3,鸦片
389,3,罂粟
390,3,迷幻药
391,3,白粉
392,3,嗑药
393,3,冰粉
394,3,强暴幼女
395,3,你奶奶的
396,3,你祖宗
397,3,二奶
398,3,偷窥视频
399,3,偷窥图片
400,3,成人影片
401,3,AV电影下载
402,3,夫妻床上激情自拍
403,3,处女
404,3,房事
405,3,坐台
406,3,猥亵
407,3,猥琐
408,3,肉欲
409,3,肉体
410,3,排泄
411,3,卵子
412,3,搞基
413,3,约炮
414,3,撸管子
415,3,处男
416,3,黄盘
417,3,毛盘
418,3,艾滋病
419,3,性病
420,3,叫春
421,3,牛B
422,3,牛比
423,3,J8
424,3,小姐兼职
425,3,交媾
426,3,毛片
427,3,黄片
428,3,交配
429,3,性事
430,3,偷窥
431,3,马拉戈壁
432,3,AIDS
433,3,DICK
434,3,penis
435,3,sex
436,3,SM
437,3,屙
438,3,爱滋
439,3,淋病
440,3,梅毒
441,3,爱液
442,3,屄
443,3,逼
444,3,臭机八
445,3,臭鸡巴
446,3,吹喇叭
447,3,吹箫
448,3,催情
449,3,催情药
450,3,屌
451,3,肛交
452,3,肛门
453,3,龟头
454,3,黄色
455,3,机八
456,3,机巴
457,3,鸡八
458,3,鸡巴
459,3,机掰
460,3,鸡叭
461,3,鸡鸡
462,3,鸡掰
463,3,鸡奸
464,3,妓女
465,3,奸
466,3,茎
467,3,精液
468,3,精子
469,3,尻
470,3,口交
471,3,滥交
472,3,乱交
473,3,屁眼
474,3,嫖娼
475,3,强奸犯
476,3,情色
477,3,肉棒
478,3,乳房
479,3,乳峰
480,3,乳交
481,3,乳头
482,3,乳晕
483,3,三陪
484,3,色情
485,3,射精
486,3,手淫
487,3,威而钢
488,3,威而柔
489,3,伟哥
490,3,性高潮
491,3,性交
492,3,性虐
493,3,性欲
494,3,穴
495,3,颜射
496,3,阳物
497,3,一夜情
498,3,阴部
499,3,阴唇
500,3,阴道
501,3,阴蒂
502,3,阴核
503,3,阴户
504,3,阴茎
505,3,阴门
506,3,淫
507,3,淫秽
508,3,淫乱
509,3,淫水
510,3,淫娃
511,3,淫液
512,3,淫汁
513,3,淫穴
514,3,淫洞
515,3,援交妹
516,3,做爱
517,3,梦遗
518,3,阳痿
519,3,早泄
520,3,奸淫
521,3,Bitch
522,3,bt
523,3,cao
524,3,FUCK
525,3,kao
526,3,NMD
527,3,NND
528,3,sb
529,3,shit
530,3,SUCK
531,3,tmd
532,3,tnnd
533,3,K他命
534,3,白痴
535,3,笨蛋
536,3,变态
537,3,婊子
538,3,操她妈
539,3,操妳妈
540,3,操你
541,3,操你妈
542,3,操他妈
543,3,草你
544,3,肏
545,3,册那
546,3,侧那
547,3,测拿
548,3,插
549,3,蠢猪
550,3,荡妇
551,3,发骚
552,3,废物
553,3,干她妈
554,3,干妳
555,3,干妳娘
556,3,干你
557,3,干你妈
558,3,干你妈B
559,3,干你妈逼
560,3,干你娘
561,3,干他妈
562,3,狗娘养的
563,3,滚
564,3,贱货
565,3,贱人
566,3,烂人
567,3,老母
568,3,老土
569,3,妈比
570,3,妈的
571,3,马的
572,3,妳老母的
573,3,妳娘的
574,3,你妈逼
575,3,破鞋
576,3,仆街
577,3,去她妈
578,3,去妳的
579,3,去妳妈
580,3,去你的
581,3,去你妈
582,3,去死
583,3,去他妈
584,3,日
585,3,日你
586,3,赛她娘
587,3,赛妳娘
588,3,赛你娘
589,3,赛他娘
590,3,骚货
591,3,傻B
592,3,傻比
593,3,傻子
594,3,上妳
595,3,上你
596,3,神经病
597,3,屎
598,3,屎妳娘
599,3,屎你娘
600,3,他妈的
601,3,王八蛋
602,3,我操
603,3,我日
604,3,乡巴佬
605,3,猪猡
606,3,干
607,3,尿
608,3,掯
609,3,操
610,3,骑你
611,3,湿了
612,3,操他
613,3,操她
614,3,骑他
615,3,骑她
616,3,欠骑
617,3,欠人骑
618,3,来爽我
619,3,来插我
620,3,干他
621,3,干她
622,3,干死
623,3,干爆
624,3,干机
625,3,机叭
626,3,臭鸡
627,3,臭机
628,3,烂鸟
629,3,览叫
630,3,阳具
631,3,肉壶
632,3,奶子
633,3,摸咪咪
634,3,干鸡
635,3,干入
636,3,小穴
637,3,插你
638,3,爽你
639,3,干干
640,3,干X
641,3,他干
642,3,干它
643,3,干牠
644,3,干您
645,3,干汝
646,3,干林
647,3,操林
648,3,干尼
649,3,操尼
650,3,我咧干
651,3,干勒
652,3,干我
653,3,干到
654,3,干啦
655,3,干爽
656,3,欠干
657,3,狗干
658,3,我干
659,3,来干
660,3,轮干
661,3,轮流干
662,3,干一干
663,3,援交
664,3,奸暴
665,3,再奸
666,3,我奸
667,3,奸你
668,3,奸他
669,3,奸她
670,3,奸一奸
671,3,淫湿
672,3,鸡歪
673,3,臭西
674,3,遗精
675,3,烂逼
676,3,大血比
677,3,叼你妈
678,3,靠你妈
679,3,戳你
680,3,逼你老母
681,3,挨球
682,3,我日你
683,3,草拟妈
684,3,卖逼
685,3,狗操卖逼
686,3,日死
687,3,奶娘
688,3,他娘
689,3,她娘
690,3,骚B
691,3,你妈了妹
692,3,逼毛
693,3,插你妈
694,3,叼你
695,3,渣波波
696,3,嫩b
697,3,weelaa
698,3,缔顺
699,3,帝顺
700,3,蒂顺
701,3,系统消息
702,3,午夜
703,3,看下
704,3,草泥马
705,3,法克鱿
706,3,雅蠛蝶
707,3,潜烈蟹
708,3,菊花蚕
709,3,尾申鲸
710,3,吉跋猫
711,3,搞栗棒
712,3,吟稻雁
713,3,达菲鸡
714,3,ML
715,3,3P
716,3,群P
717,3,马勒戈壁
718,3,双飞
719,3,周恩來
720,3,碡 
721,3,籀
722,3,朱駿 
723,3,朱狨基
724,3,朱容基
725,3,朱溶剂
726,3,朱熔基
727,3,邾
728,3,猪操
729,3,猪聋畸
730,3,猪毛
731,3,猪毛1
732,3,舳
733,3,瘃
734,3,躅
735,3,翥
736,3,專政
737,3,颛
738,3,丬
739,3,隹
740,3,窀
741,3,卓伯源
742,3,倬
743,3,斫
744,3,诼
745,3,髭
746,3,鲻
747,3,子宫
748,3,秭
749,3,訾
750,3,自民党
751,3,自慰
752,3,自已的故事
753,3,自由民主论坛
754,3,总理
755,3,偬
756,3,诹
757,3,陬
758,3,鄹
759,3,鲰
760,3,躜
761,3,缵
762,3,作爱
763,3,作秀
764,3,阼
765,3,祚
766,3,阿扁萬歲
767,3,阿萊娜
768,3,啊無卵
769,3,埃裏克蘇特勤
770,3,埃斯萬
771,3,艾麗絲
772,3,愛滋
773,3,愛滋病
774,3,垵
775,3,暗黑法師
776,3,嶴
777,3,奧克拉
778,3,奧拉德
779,3,奧利弗
780,3,奧魯奇
781,3,奧倫
782,3,奧特蘭
783,3,㈧
784,3,巴倫侍從
785,3,巴倫坦
786,3,白立樸
787,3,白夢
788,3,白皮書
789,3,班禪
790,3,寶石商人
791,3,保釣
792,3,鮑戈
793,3,鮑彤
794,3,鮑伊
795,3,暴風亡靈
796,3,暴亂
797,3,暴熱的戰士
798,3,暴躁的城塔野獸
799,3,暴躁的警衛兵靈魂
800,3,暴躁的馬杜克
801,3,北大三角地論壇
802,3,北韓
803,3,北京當局
804,3,北美自由論壇
805,3,貝尤爾
806,3,韝
807,3,逼樣
808,3,比樣
809,3,蹕
810,3,颮
811,3,鑣
812,3,婊子養的 
813,3,賓周
814,3,冰後
815,3,博訊
816,3,不滅帝王
817,3,不爽不要錢
818,3,布萊爾
819,3,布雷爾
820,3,蔡崇國
821,3,蔡啓芳
822,3,黲
823,3,操鶏
824,3,操那嗎B
825,3,操那嗎逼
826,3,操那嗎比
827,3,操你媽
828,3,操你爺爺
829,3,曹長青
830,3,曹剛川
831,3,草
832,3,草你媽
833,3,草擬媽
834,3,册那娘餓比
835,3,插那嗎B
836,3,插那嗎逼
837,3,插那嗎比
838,3,插你媽
839,3,插你爺爺
840,3,覘
841,3,蕆
842,3,囅
843,3,閶
844,3,長官沙塔特
845,3,常勁
846,3,朝鮮
847,3,車侖
848,3,車侖女幹
849,3,沉睡圖騰
850,3,陳炳基
851,3,陳博志
852,3,陳定南
853,3,陳建銘
854,3,陳景俊
855,3,陳菊
856,3,陳軍
857,3,陳良宇
858,3,陳蒙
859,3,陳破空
860,3,陳水扁
861,3,陳唐山
862,3,陳希同
863,3,陳小同
864,3,陳宣良
865,3,陳學聖
866,3,陳一諮
867,3,陳總統
868,3,諶
869,3,齔
870,3,櫬
871,3,讖
872,3,程凱
873,3,程鐵軍
874,3,鴟
875,3,痴鳩
876,3,痴拈
877,3,遲鈍的圖騰
878,3,持不同政見 
879,3,赤色騎士
880,3,赤色戰士
881,3,處女膜
882,3,傳染性病
883,3,吹簫
884,3,春夏自由論壇
885,3,戳那嗎B
886,3,戳那嗎逼
887,3,戳那嗎比
888,3,輳
889,3,鹺
890,3,錯B
891,3,錯逼
892,3,錯比
893,3,錯那嗎B
894,3,錯那嗎逼
895,3,錯那嗎比
896,3,達夫警衛兵
897,3,達夫侍從
898,3,達癩
899,3,打飛機
900,3,大參考
901,3,大東亞
902,3,大東亞共榮
903,3,大鶏巴
904,3,大紀元
905,3,大紀元新聞網
906,3,大紀園
907,3,大家論壇
908,3,大奶媽
909,3,大史記
910,3,大史紀
911,3,大衛教
912,3,大中國論壇
913,3,大中華論壇
914,3,大衆真人真事
915,3,紿
916,3,戴維教
917,3,戴相龍
918,3,彈劾
919,3,氹
920,3,蕩婦
921,3,導師
922,3,盜竊犯
923,3,德維爾
924,3,登輝
925,3,鄧笑貧
926,3,糴
927,3,迪裏夏提
928,3,覿
929,3,地下教會
930,3,帝國主義
931,3,電視流氓
932,3,叼你媽
933,3,釣魚島
934,3,丁關根
935,3,東北獨立
936,3,東部地下水路
937,3,東方紅時空
938,3,東方時空
939,3,東南西北論談
940,3,東社
941,3,東升
942,3,東條
943,3,東條英機
944,3,東突暴動
945,3,東突獨立
946,3,東土耳其斯坦
947,3,東西南北論壇
948,3,東亞
949,3,東院看守
950,3,動亂
951,3,鬥士哈夫拉蘇
952,3,鬥士霍克
953,3,獨裁
954,3,獨裁政治
955,3,獨夫
956,3,獨立臺灣會
957,3,俄國 
958,3,鮞
959,3,㈡
960,3,發楞
961,3,發掄
962,3,發掄功
963,3,發倫
964,3,發倫功
965,3,發輪
966,3,發論
967,3,發論公
968,3,發論功
969,3,發騷
970,3,發正念
971,3,法~倫
972,3,法~淪
973,3,法~綸
974,3,法~輪
975,3,法~論
976,3,法爾卡
977,3,法掄
978,3,法掄功
979,3,法侖
980,3,法淪
981,3,法綸
982,3,法輪大法
983,3,法輪功
984,3,法十輪十功
985,3,法謫
986,3,法謫功
987,3,反封鎖
988,3,反封鎖技術
989,3,反腐敗論壇
990,3,反人類
991,3,反社會
992,3,方勵之
993,3,防衛指揮官
994,3,放蕩
995,3,飛揚論壇
996,3,廢墟守護者
997,3,費鴻泰
998,3,費良勇
999,3,分隊長施蒂文
1000,3,粉飾太平
1001,3,糞便
1002,3,鱝
1003,3,豐饒的果實
1004,3,風雨神州
1005,3,風雨神州論壇
1006,3,封從德
1007,3,封殺
1008,3,封印的靈魂騎士
1009,3,馮東海
1010,3,馮素英
1011,3,紱
1012,3,襆
1013,3,嘸 
1014,3,傅作義
1015,3,幹bi
1016,3,幹逼
1017,3,幹比
1018,3,幹的你
1019,3,幹幹幹
1020,3,幹她
1021,3,幹你
1022,3,幹你老比
1023,3,幹你老母
1024,3,幹你娘
1025,3,幹全家
1026,3,幹死
1027,3,幹死你
1028,3,幹他
1029,3,幹一家
1030,3,趕你娘
1031,3,岡巒
1032,3,剛比
1033,3,剛比樣子
1034,3,崗哨士兵
1035,3,肛門
1036,3,高麗棒子
1037,3,高文謙
1038,3,高薪養廉
1039,3,高自聯
1040,3,膏藥旗
1041,3,戈瑞爾德
1042,3,戈揚
1043,3,鴿派
1044,3,歌功頌德
1045,3,格雷(關卡排名管理者)
1046,3,格魯
1047,3,格魯(城鎮移動)
1048,3,鯁
1049,3,工自聯
1050,3,弓雖
1051,3,共産
1052,3,共産黨
1053,3,共産主義
1054,3,共黨
1055,3,共軍
1056,3,共榮圈
1057,3,緱
1058,3,狗誠
1059,3,狗狼養的
1060,3,狗娘養的
1061,3,狗養
1062,3,狗雜種
1063,3,覯
1064,3,轂
1065,3,古龍祭壇
1066,3,骨獅
1067,3,鯝
1068,3,鴰
1069,3,詿
1070,3,關卓中
1071,3,貫通兩極法
1072,3,廣聞
1073,3,嬀
1074,3,龜兒子
1075,3,龜公
1076,3,龜孫子
1077,3,龜頭
1078,3,龜投
1079,3,劌
1080,3,緄
1081,3,滾那嗎
1082,3,滾那嗎B
1083,3,滾那嗎錯比
1084,3,滾那嗎老比
1085,3,滾那嗎瘟比
1086,3,鯀
1087,3,咼
1088,3,郭俊銘
1089,3,郭羅基
1090,3,郭岩華
1091,3,國家安全
1092,3,國家機密
1093,3,國軍
1094,3,國賊
1095,3,哈爾羅尼
1096,3,頇
1097,3,韓東方
1098,3,韓聯潮
1099,3,韓正
1100,3,漢奸
1101,3,顥
1102,3,灝
1103,3,河殤
1104,3,賀國强
1105,3,賀龍
1106,3,黑社會
1107,3,黑手黨
1108,3,紅燈區
1109,3,紅色恐怖
1110,3,紅炎猛獸
1111,3,洪傳
1112,3,洪興
1113,3,洪哲勝
1114,3,黌
1115,3,鱟
1116,3,胡緊掏
1117,3,胡錦滔
1118,3,胡錦淘
1119,3,胡景濤
1120,3,胡喬木
1121,3,胡總書記
1122,3,湖岸護衛兵
1123,3,湖岸警衛兵
1124,3,湖岸哨兵隊長
1125,3,護法
1126,3,鸌
1127,3,華建敏
1128,3,華通時事論壇
1129,3,華夏文摘
1130,3,華語世界論壇
1131,3,華岳時事論壇
1132,3,懷特
1133,3,鍰
1134,3,皇軍
1135,3,黃伯源
1136,3,黃慈萍
1137,3,黃禍
1138,3,黃劍輝
1139,3,黃金幼龍
1140,3,黃菊
1141,3,黃片
1142,3,黃翔
1143,3,黃義交
1144,3,黃仲生
1145,3,回民暴動
1146,3,噦
1147,3,繢
1148,3,毀滅步兵
1149,3,毀滅騎士
1150,3,毀滅射手
1151,3,昏迷圖騰
1152,3,混亂的圖騰
1153,3,鍃
1154,3,活動 
1155,3,擊倒圖騰
1156,3,擊傷的圖騰
1157,3,鶏8
1158,3,鶏八
1159,3,鶏巴
1160,3,鶏吧
1161,3,鶏鶏
1162,3,鶏奸
1163,3,鶏毛信文匯
1164,3,鶏女
1165,3,鶏院
1166,3,姬勝德
1167,3,積克館
1168,3,賫
1169,3,鱭
1170,3,賈廷安
1171,3,賈育台
1172,3,戔
1173,3,監視塔
1174,3,監視塔哨兵
1175,3,監視塔哨兵隊長
1176,3,鰹
1177,3,韉
1178,3,簡肇棟
1179,3,建國黨
1180,3,賤B
1181,3,賤bi
1182,3,賤逼
1183,3,賤比
1184,3,賤貨
1185,3,賤人
1186,3,賤種
1187,3,江八點
1188,3,江羅
1189,3,江綿恒
1190,3,江戲子
1191,3,江則民
1192,3,江澤慧
1193,3,江賊
1194,3,江賊民
1195,3,薑春雲
1196,3,將則民
1197,3,僵賊
1198,3,僵賊民
1199,3,講法
1200,3,蔣介石
1201,3,蔣中正
1202,3,降低命中的圖騰
1203,3,醬猪媳
1204,3,撟
1205,3,狡猾的達夫
1206,3,矯健的馬努爾
1207,3,嶠
1208,3,教養院
1209,3,癤
1210,3,揭批書
1211,3,訐
1212,3,她媽
1213,3,届中央政治局委員
1214,3,金槍不倒 
1215,3,金堯如
1216,3,金澤辰
1217,3,巹
1218,3,錦濤
1219,3,經文
1220,3,經血
1221,3,莖候佳陰
1222,3,荊棘護衛兵 
1223,3,靖國神社
1224,3,㈨
1225,3,舊斗篷哨兵
1226,3,齟
1227,3,巨槌騎兵
1228,3,巨鐵角哈克
1229,3,鋸齒通道被遺弃的骷髏
1230,3,鋸齒通道骷髏
1231,3,屨
1232,3,棬
1233,3,絕望之地
1234,3,譎
1235,3,軍妓
1236,3,開苞
1237,3,開放雜志
1238,3,凱奧勒尼什
1239,3,凱爾本
1240,3,凱爾雷斯
1241,3,凱特切爾
1242,3,砍翻一條街
1243,3,看中國
1244,3,闞
1245,3,靠你媽
1246,3,柯賜海
1247,3,柯建銘
1248,3,科萊爾
1249,3,克萊恩
1250,3,克萊特
1251,3,克勞森
1252,3,客戶服務
1253,3,緙
1254,3,空氣精靈
1255,3,空虛的伊坤
1256,3,空虛之地
1257,3,恐怖主義
1258,3,瞘
1259,3,嚳
1260,3,鄺錦文
1261,3,貺
1262,3,昆圖
1263,3,拉姆斯菲爾德
1264,3,拉皮條
1265,3,萊特
1266,3,賴士葆
1267,3,蘭迪
1268,3,爛B
1269,3,爛逼
1270,3,爛比
1271,3,爛袋
1272,3,爛貨
1273,3,濫B
1274,3,濫逼
1275,3,濫比
1276,3,濫貨
1277,3,濫交
1278,3,勞動教養所
1279,3,勞改
1280,3,勞教
1281,3,鰳
1282,3,雷尼亞
1283,3,誄
1284,3,李紅痔
1285,3,李洪寬
1286,3,李繼耐
1287,3,李蘭菊
1288,3,李老師
1289,3,李錄
1290,3,李祿
1291,3,李慶安
1292,3,李慶華
1293,3,李淑嫻
1294,3,李鐵映
1295,3,李旺陽
1296,3,李小鵬
1297,3,李月月鳥
1298,3,李志綏
1299,3,李總理
1300,3,李總統
1301,3,裏菲斯
1302,3,鱧
1303,3,轢
1304,3,躒
1305,3,奩
1306,3,連方瑀
1307,3,連惠心
1308,3,連勝德
1309,3,連勝文
1310,3,連戰
1311,3,聯總
1312,3,廉政大論壇
1313,3,煉功
1314,3,兩岸關係
1315,3,兩岸三地論壇
1316,3,兩個中國
1317,3,兩會
1318,3,兩會報道
1319,3,兩會新聞
1320,3,廖錫龍 
1321,3,林保華
1322,3,林長盛
1323,3,林佳龍
1324,3,林信義
1325,3,林正勝
1326,3,林重謨
1327,3,躪
1328,3,淩鋒
1329,3,劉賓深
1330,3,劉賓雁
1331,3,劉剛
1332,3,劉國凱
1333,3,劉華清
1334,3,劉俊國
1335,3,劉凱中
1336,3,劉千石
1337,3,劉青
1338,3,劉山青
1339,3,劉士賢
1340,3,劉文勝
1341,3,劉文雄
1342,3,劉曉波
1343,3,劉曉竹
1344,3,劉永川
1345,3,㈥
1346,3,鷚
1347,3,龍虎豹
1348,3,龍火之心
1349,3,盧卡
1350,3,盧西德
1351,3,陸委會
1352,3,輅
1353,3,呂京花
1354,3,呂秀蓮
1355,3,亂交
1356,3,亂倫
1357,3,亂輪
1358,3,鋝
1359,3,掄功
1360,3,倫功
1361,3,輪大
1362,3,輪功
1363,3,輪奸
1364,3,論壇管理員
1365,3,羅福助
1366,3,羅幹
1367,3,羅禮詩
1368,3,羅文嘉
1369,3,羅志明
1370,3,腡
1371,3,濼
1372,3,洛克菲爾特
1373,3,媽B
1374,3,媽比
1375,3,媽的
1376,3,媽批
1377,3,馬大維
1378,3,馬克思
1379,3,馬良駿
1380,3,馬三家
1381,3,馬時敏
1382,3,馬特斯
1383,3,馬英九
1384,3,馬永成
1385,3,瑪麗亞
1386,3,瑪雅
1387,3,嗎的
1388,3,嗎啡
1389,3,勱
1390,3,麥克斯
1391,3,賣逼
1392,3,賣比
1393,3,賣國
1394,3,賣騷
1395,3,賣淫
1396,3,瞞報
1397,3,毛厠洞
1398,3,毛賊
1399,3,毛賊東
1400,3,美國
1401,3,美國參考
1402,3,美國佬
1403,3,美國之音
1404,3,蒙獨
1405,3,蒙古達子
1406,3,蒙古獨
1407,3,蒙古獨立
1408,3,禰
1409,3,羋
1410,3,綿恒
1411,3,黽
1412,3,民國
1413,3,民進黨
1414,3,民聯
1415,3,民意論壇
1416,3,民陣
1417,3,民主墻
1418,3,緡
1419,3,湣
1420,3,鰵
1421,3,摸你鶏巴
1422,3,莫偉强
1423,3,木子論壇
1424,3,內褲
1425,3,內衣
1426,3,那嗎B
1427,3,那嗎逼
1428,3,那嗎錯比
1429,3,那嗎老比
1430,3,那嗎瘟比
1431,3,那娘錯比
1432,3,納粹
1433,3,奶頭
1434,3,南大自由論壇
1435,3,南蠻子
1436,3,鬧事
1437,3,能樣
1438,3,尼奧夫
1439,3,倪育賢
1440,3,鯢
1441,3,你媽
1442,3,你媽逼
1443,3,你媽比
1444,3,你媽的
1445,3,你媽了妹
1446,3,你說我說論壇
1447,3,你爺 
1448,3,娘餓比
1449,3,捏你鶏巴
1450,3,儂著岡巒
1451,3,儂著卵拋
1452,3,奴隸魔族士兵
1453,3,女幹
1454,3,女主人羅姬馬莉
1455,3,儺
1456,3,諾姆
1457,3,潘國平
1458,3,蹣 
1459,3,龐建國
1460,3,泡沫經濟
1461,3,轡
1462,3,噴你
1463,3,皮條客
1464,3,羆
1465,3,諞
1466,3,潑婦 
1467,3,齊墨
1468,3,齊諾
1469,3,騎你
1470,3,磧
1471,3,僉
1472,3,鈐
1473,3,錢達
1474,3,錢國梁
1475,3,錢其琛
1476,3,膁
1477,3,槧
1478,3,錆
1479,3,繰
1480,3,喬石
1481,3,喬伊
1482,3,橋侵襲兵
1483,3,譙
1484,3,鞽
1485,3,篋
1486,3,親美
1487,3,親民黨
1488,3,親日
1489,3,欽本立
1490,3,禽獸
1491,3,唚
1492,3,輕舟快訊
1493,3,情婦
1494,3,情獸
1495,3,檾
1496,3,慶紅
1497,3,丘垂貞
1498,3,詘
1499,3,去你媽的
1500,3,闃
1501,3,全國兩會
1502,3,全國人大
1503,3,犬
1504,3,綣
1505,3,瘸腿幫
1506,3,愨
1507,3,讓你操
1508,3,熱比婭
1509,3,熱站政論網
1510,3,人民報
1511,3,人民大會堂
1512,3,人民內情真相
1513,3,人民真實
1514,3,人民之聲論壇
1515,3,人權
1516,3,日本帝國
1517,3,日軍
1518,3,日內瓦金融
1519,3,日你媽
1520,3,日你爺爺
1521,3,日朱駿
1522,3,顬
1523,3,乳頭
1524,3,乳暈
1525,3,瑞士金融大學
1526,3,薩達姆
1527,3,三K黨
1528,3,三個代表
1529,3,三級片
1530,3,三去車侖工力
1531,3,㈢
1532,3,毿
1533,3,糝
1534,3,騷B
1535,3,騷棒
1536,3,騷包
1537,3,騷逼
1538,3,騷棍
1539,3,騷貨
1540,3,騷鶏
1541,3,騷卵 
1542,3,殺你全家
1543,3,殺你一家
1544,3,殺人犯
1545,3,傻鳥
1546,3,煞筆
1547,3,山口組
1548,3,善惡有報
1549,3,上訪
1550,3,上海幫
1551,3,上海孤兒院
1552,3,厙
1553,3,社會主義
1554,3,射了還說要
1555,3,灄
1556,3,詵
1557,3,神經病
1558,3,諗
1559,3,生孩子沒屁眼
1560,3,生命分流的圖騰
1561,3,澠
1562,3,聖射手
1563,3,聖戰
1564,3,盛華仁
1565,3,濕了還說不要
1566,3,濕了還說要
1567,3,釃
1568,3,鯴
1569,3,㈩
1570,3,石化圖騰
1571,3,石拳戰鬥兵
1572,3,時代論壇
1573,3,時事論壇
1574,3,鰣
1575,3,史萊姆
1576,3,史萊姆王
1577,3,士兵管理員瓦爾臣
1578,3,世界經濟導報
1579,3,事實獨立
1580,3,侍從貝赫爾特
1581,3,侍從倫斯韋
1582,3,貰
1583,3,攄
1584,3,數據中國
1585,3,雙十節
1586,3,氵去車侖工力
1587,3,氵去車侖工力?
1588,3,稅力
1589,3,司馬晋
1590,3,司馬璐
1591,3,司徒華
1592,3,私?服
1593,3,私處
1594,3,思科羅
1595,3,斯諾
1596,3,斯皮爾德
1597,3,四川獨
1598,3,四川獨立
1599,3,四人幫
1600,3,㈣
1601,3,宋書元
1602,3,藪
1603,3,蘇菲爾
1604,3,蘇拉
1605,3,蘇南成
1606,3,蘇紹智
1607,3,蘇特勒守護兵
1608,3,蘇特勤
1609,3,蘇特勤護衛兵
1610,3,蘇特勤魔法師
1611,3,蘇曉康
1612,3,蘇盈貴
1613,3,蘇貞昌
1614,3,誶
1615,3,碎片製造商人馬克
1616,3,碎片製造商人蘇克
1617,3,孫大千
1618,3,孫中山
1619,3,他媽
1620,3,他媽的
1621,3,他嗎的
1622,3,他母親
1623,3,塔內
1624,3,塔烏
1625,3,鰨
1626,3,闥
1627,3,臺盟
1628,3,臺灣帝國
1629,3,臺灣獨立
1630,3,臺灣獨
1631,3,臺灣共産黨
1632,3,臺灣狗
1633,3,臺灣建國運動組織
1634,3,臺灣民國
1635,3,臺灣青年獨立聯盟
1636,3,臺灣政論區
1637,3,臺灣自由聯盟
1638,3,鮐
1639,3,太監
1640,3,泰奴橋警衛兵
1641,3,泰奴橋掠奪者
1642,3,湯光中
1643,3,唐柏橋
1644,3,鞀
1645,3,謄
1646,3,天安門
1647,3,天安門錄影帶
1648,3,天安門事件
1649,3,天安門屠殺
1650,3,天安門一代
1651,3,天閹
1652,3,田紀雲
1653,3,齠
1654,3,鰷
1655,3,銚
1656,3,庭院警衛兵
1657,3,統獨
1658,3,統獨論壇
1659,3,統戰
1660,3,頭領奧馬
1661,3,頭領墳墓管理員
1662,3,圖書管理員卡特
1663,3,屠殺
1664,3,團長戈登
1665,3,團員馬爾汀
1666,3,摶
1667,3,鼉
1668,3,籜
1669,3,膃
1670,3,外交論壇
1671,3,外交與方略
1672,3,晚年周恩來
1673,3,綰
1674,3,萬里
1675,3,萬潤南
1676,3,萬維讀者論壇
1677,3,萬曉東
1678,3,王寶森
1679,3,王超華
1680,3,王輔臣
1681,3,王剛
1682,3,王涵萬
1683,3,王滬寧
1684,3,王軍濤
1685,3,王樂泉
1686,3,王潤生
1687,3,王世堅
1688,3,王世勛
1689,3,王秀麗
1690,3,王兆國
1691,3,網禪
1692,3,網特
1693,3,猥褻
1694,3,鮪
1695,3,溫B
1696,3,溫逼
1697,3,溫比
1698,3,溫家寶
1699,3,溫元凱
1700,3,閿
1701,3,無界瀏覽器
1702,3,吳百益
1703,3,吳敦義
1704,3,吳方城
1705,3,吳弘達
1706,3,吳宏達
1707,3,吳仁華
1708,3,吳淑珍
1709,3,吳學燦
1710,3,吳學璨
1711,3,吳育升
1712,3,吳志芳
1713,3,西藏獨
1714,3,吸收的圖騰
1715,3,吸血獸
1716,3,覡
1717,3,洗腦
1718,3,系統
1719,3,系統公告
1720,3,餼
1721,3,郤
1722,3,下賤
1723,3,下體
1724,3,薟
1725,3,躚
1726,3,鮮族
1727,3,獫
1728,3,蜆
1729,3,峴
1730,3,現金
1731,3,現金交易
1732,3,獻祭的圖騰
1733,3,鯗
1734,3,項懷誠
1735,3,項小吉
1736,3,嘵
1737,3,小B樣
1738,3,小比樣
1739,3,小參考
1740,3,小鶏鶏
1741,3,小靈通
1742,3,小泉純一郎
1743,3,謝長廷
1744,3,謝深山
1745,3,謝選駿
1746,3,謝中之
1747,3,辛灝年
1748,3,新觀察論壇
1749,3,新華舉報
1750,3,新華內情
1751,3,新華通論壇
1752,3,新疆獨
1753,3,新生網
1754,3,新手訓練營
1755,3,新聞出版總署
1756,3,新聞封鎖
1757,3,新義安
1758,3,新語絲
1759,3,信用危機
1760,3,邢錚
1761,3,性愛
1762,3,性無能
1763,3,修煉
1764,3,頊
1765,3,虛弱圖騰
1766,3,虛無的飽食者
1767,3,徐國舅
1768,3,許財利
1769,3,許家屯
1770,3,許信良
1771,3,諼
1772,3,薛偉
1773,3,學潮
1774,3,學聯
1775,3,學運
1776,3,學自聯
1777,3,澩
1778,3,閹狗
1779,3,訁
1780,3,嚴家其
1781,3,嚴家祺
1782,3,閻明複
1783,3,顔清標
1784,3,顔慶章
1785,3,顔射
1786,3,讞
1787,3,央視內部晚會
1788,3,陽具
1789,3,陽痿
1790,3,陽物
1791,3,楊懷安
1792,3,楊建利
1793,3,楊巍
1794,3,楊月清
1795,3,楊周
1796,3,姚羅
1797,3,姚月謙
1798,3,軺
1799,3,搖頭丸
1800,3,藥材商人蘇耐得
1801,3,藥水
1802,3,耶穌
1803,3,野鶏
1804,3,葉菊蘭
1805,3,夜話紫禁城
1806,3,一陀糞
1807,3,㈠
1808,3,伊莎貝爾
1809,3,伊斯蘭
1810,3,伊斯蘭亞格林尼斯
1811,3,遺精
1812,3,議長阿茵斯塔
1813,3,議員斯格文德
1814,3,异見人士
1815,3,异型叛軍
1816,3,异議人士
1817,3,易丹軒
1818,3,意志不堅的圖騰
1819,3,瘞
1820,3,陰部
1821,3,陰唇
1822,3,陰道
1823,3,陰蒂
1824,3,陰戶
1825,3,陰莖
1826,3,陰精
1827,3,陰毛
1828,3,陰門
1829,3,陰囊
1830,3,陰水
1831,3,淫蕩
1832,3,淫穢
1833,3,淫貨
1834,3,淫賤
1835,3,尹慶民
1836,3,引導
1837,3,隱者之路
1838,3,鷹眼派氏族
1839,3,硬直圖騰
1840,3,憂鬱的艾拉
1841,3,尤比亞
1842,3,由喜貴
1843,3,游蕩的僵尸
1844,3,游蕩的士兵
1845,3,游蕩爪牙
1846,3,游錫坤
1847,3,游戲管理員
1848,3,友好的魯德
1849,3,幼齒
1850,3,幼龍
1851,3,于幼軍
1852,3,余英時
1853,3,漁夫菲斯曼
1854,3,輿論
1855,3,輿論反制
1856,3,傴
1857,3,宇明網
1858,3,齬
1859,3,飫
1860,3,鵒
1861,3,元老蘭提(沃德）
1862,3,圓滿
1863,3,緣圈圈
1864,3,遠志明
1865,3,月經
1866,3,韞
1867,3,雜種
1868,3,鏨
1869,3,造愛
1870,3,則民
1871,3,擇民
1872,3,澤夫
1873,3,澤民
1874,3,賾
1875,3,賊民
1876,3,譖
1877,3,扎卡維是英雄
1878,3,驏
1879,3,張伯笠
1880,3,張博雅
1881,3,張鋼
1882,3,張健
1883,3,張林
1884,3,張清芳
1885,3,張偉國
1886,3,張溫鷹
1887,3,張昭富
1888,3,張志清
1889,3,章孝嚴
1890,3,帳號
1891,3,賬號
1892,3,招鶏
1893,3,趙海青
1894,3,趙建銘
1895,3,趙南
1896,3,趙品潞
1897,3,趙曉微
1898,3,趙紫陽
1899,3,貞操
1900,3,鎮壓
1901,3,爭鳴論壇
1902,3,正見網
1903,3,正義黨論壇
1904,3,㊣
1905,3,鄭寶清
1906,3,鄭麗文
1907,3,鄭義
1908,3,鄭餘鎮
1909,3,鄭源
1910,3,鄭運鵬
1911,3,政權
1912,3,政治反對派
1913,3,縶
1914,3,躑
1915,3,指點江山論壇
1916,3,騭
1917,3,觶
1918,3,躓
1919,3,中毒的圖騰
1920,3,中毒圖騰
1921,3,中俄邊界
1922,3,中國復興論壇
1923,3,中國共産黨
1924,3,中國孤兒院
1925,3,中國和平
1926,3,中國論壇
1927,3,中國社會進步黨
1928,3,中國社會論壇
1929,3,中國威脅論
1930,3,中國問題論壇
1931,3,中國移動通信
1932,3,中國真實內容
1933,3,中國之春
1934,3,中國猪
1935,3,中華大地
1936,3,中華大衆
1937,3,中華講清
1938,3,中華民國
1939,3,中華人民實話實說
1940,3,中華人民正邪
1941,3,中華時事
1942,3,中華養生益智功
1943,3,中華真實報道
1944,3,中央電視臺
1945,3,鐘山風雨論壇
1946,3,周鋒鎖
1947,3,周守訓 
1948,3,朱鳳芝
1949,3,朱立倫
1950,3,朱溶劑
1951,3,㈱
1952,3,猪聾畸
1953,3,主攻指揮官
1954,3,主義
1955,3,助手威爾特
1956,3,專制
1957,3,顓
1958,3,轉化
1959,3,諑
1960,3,資本主義
1961,3,鯔
1962,3,子宮
1963,3,自民黨
1964,3,自由民主論壇
1965,3,總理
1966,3,諏
1967,3,鯫 
1968,3,躦
1969,3,纘
1970,3,作愛
1971,3,做愛
1972,3,胡总书记
1973,3,胡景涛
1974,3,大纪元
1975,3,大纪元新闻网
1976,3,燕玲论坛
1977,3,urban
1978,3,煞笔
1979,3,urban-rivals
1980,3,rivals
1981,3,UR
1982,3,她妈
1983,3,牛逼
1984,3,傻逼
1985,3,装逼
1986,3,装B
1987,3,日你妈
1988,3,不玩了
1989,3,删号
1990,3,卖号  
1991,3,删 号
1992,3,妈逼
1993,3,草你妈
1994,3,T.M.D
1995,3,JB
1996,3,jb 
1997,3,出售账号
1998,3,出售此号
1999,3,卖号
2000,3,U/R
2001,3,U-R
2002,3,吗的
2003,3,8仙
2004,3,狗日
2005,3,出售神符
2006,3,NPC
2007,3,*法*轮*功*
2008,3,*李*洪*志*阿扁
2009,3,阿拉
2010,3,安全局
2011,3,澳洲光明网
2012,3,八九
2013,3,八九风波
2014,3,办理文凭
2015,3,办理证件
2016,3,包皮
2017,3,保钓
2018,3,保监会
2019,3,保密局
2020,3,鸨
2021,3,鲍岳桥
2022,3,暴动
2023,3,暴乱
2024,3,暴徒
2025,3,北京之春
2026,3,贝肉
2027,3,本?拉登
2028,3,苯比
2029,3,笨屄
2030,3,笨逼
2031,3,屄毛
2032,3,逼样
2033,3,比毛
2034,3,婊
2035,3,宾周
2036,3,波霸
2037,3,博讯
2038,3,薄一波
2039,3,布雷尔
2040,3,财政部
2041,3,参事室
2042,3,操GM
2043,3,操XX
2044,3,操逼
2045,3,操比
2046,3,操蛋
2047,3,乱伦
2048,3,群交
2049,3,茉莉花革命
2050,3,操你八辈祖宗
2051,3,操你妈屄
2052,3,草的你妈
2053,3,草妈
2054,3,测绘局
2055,3,插GM
2056,3,插妳
2057,3,插深些
2058,3,产权局
2059,3,朝鲜
2060,3,车臣
2061,3,车仑
2062,3,陈功
2063,3,陈希同
2064,3,陈晓宁
2065,3,成人电影
2066,3,成人片
2067,3,吃大便
2068,3,吃屎
2069,3,迟浩田
2070,3,赤匪
2071,3,抽插
2072,3,抽你丫的
2073,3,臭化西
2074,3,出售假币
2075,3,出售枪支
2076,3,出售手枪
2077,3,春药
2078,3,粗制吗啡
2079,3,达赖
2080,3,打炮
2081,3,大B
2082,3,大逼
2083,3,大便
2084,3,大波波
2085,3,大麻树脂
2086,3,大麻油
2087,3,大师
2088,3,戴维教
2089,3,大学骚乱
2090,3,大血B
2091,3,呆卵
2092,3,戴海静
2093,3,戴红
2094,3,戴晶
2095,3,党主席
2096,3,档案局
2097,3,盗窃犯
2098,3,道教
2099,3,帝国主义
2100,3,电监会
2101,3,屌7
2102,3,屌鸠
2103,3,屌毛
2104,3,屌妳
2105,3,屌七
2106,3,屌西
2107,3,钓鱼台
2108,3,丁关根
2109,3,丁子霖
2110,3,东北独立
2111,3,东升
2112,3,东突
2113,3,东突暴动和独立
2114,3,东突组织
2115,3,董建华
2116,3,董贱华
2117,3,董文华
2118,3,懂文华
2119,3,独立
2120,3,独立台湾会
2121,3,二B
2122,3,二屄
2123,3,二逼
2124,3,二乙基酰胺发抡
2125,3,发抡功
2126,3,发伦
2127,3,发伦功
2128,3,发轮
2129,3,发论
2130,3,发论公
2131,3,发论功
2132,3,法(轮)功
2133,3,法*轮*功
2134,3,法功
2135,3,法愣
2136,3,法仑
2137,3,法西斯
2138,3,法制办
2139,3,反动
2140,3,反革命
2141,3,发票
2142,3,性奴
2143,3,反华
2144,3,反恐委员会
2145,3,反日
2146,3,反政府
2147,3,分裂祖国
2148,3,佛教
2149,3,佛展千手法
2150,3,佛祖
2151,3,斧头镰刀
2152,3,阝月
2153,3,傅鹏
2154,3,傅作义
2155,3,干GM
2156,3,干拎娘
2157,3,干妳老母
2158,3,干妳妈
2159,3,干七八
2160,3,干死你
2161,3,肛
2162,3,港澳办
2163,3,高俊
2164,3,高校暴乱
2165,3,高校群体事件
2166,3,高校骚乱
2167,3,睾
2168,3,睾丸
2169,3,膏药旗
2170,3,弓虽女干
2171,3,公安
2172,3,公安部
2173,3,公安局
2174,3,共产主义
2175,3,共狗
2176,3,狗b
2177,3,狗操
2178,3,狗卵
2179,3,狗娘
2180,3,狗屁
2181,3,狗日的
2182,3,狗屎
2183,3,观世音
2184,3,官逼民反
2185,3,官商勾结
2186,3,龟儿子
2187,3,龟公
2188,3,龟孙子
2189,3,鬼村
2190,3,国安局
2191,3,国防部
2192,3,国防科工委
2193,3,国管局
2194,3,国际法院
2195,3,国家民委
2196,3,国家主席
2197,3,国家主要部委
2198,3,国民党
2199,3,国民党万岁
2200,3,海洋局
2201,3,何候华
2202,3,黑社会
2203,3,黑手党
2204,3,红卫兵
2205,3,洪兴
2206,3,洪志
2207,3,后庭
2208,3,胡XX
2209,3,胡紧涛
2210,3,胡紧掏
2211,3,胡紧套
2212,3,胡锦淘
2213,3,胡乔木
2214,3,胡主席
2215,3,花柳
2216,3,换妻
2217,3,黄　菊
2218,3,黄色电影
2219,3,黄色小电影
2220,3,回教
2221,3,回民暴动
2222,3,回族人吃猪肉
2223,3,昏药
2224,3,火棒
2225,3,鸡芭
2226,3,基督
2227,3,激情电影
2228,3,激情小电影
2229,3,鸡
2230,3,计牌软件
2231,3,计生委
2232,3,妓
2233,3,妓院
2234,3,奸夫淫妇
2235,3,贱
2236,3,贱逼
2237,3,江Core
2238,3,江八
2239,3,江八点
2240,3,江独裁
2241,3,江核心
2242,3,江戏子
2243,3,江择民
2244,3,江贼民
2245,3,江折民
2246,3,江猪
2247,3,江猪媳
2248,3,江主席
2249,3,僵贼民
2250,3,酱猪媳
2251,3,交通部
2252,3,姣西
2253,3,叫床
2254,3,叫鸡
2255,3,叫小姐
2256,3,教育部
2257,3,她妈的金日成
2258,3,禁书
2259,3,经济社会理事会
2260,3,经社理事会
2261,3,警匪一家
2262,3,敬国神社
2263,3,靖国神社
2264,3,静坐
2265,3,纠察员
2266,3,鸠
2267,3,鸠屎
2268,3,军长发威
2269,3,军国主义
2270,3,军妓
2271,3,靠
2272,3,靠腰
2273,3,可待因
2274,3,可卡叶
2275,3,恐怖份子
2276,3,恐怖主义
2277,3,寇晓伟
2278,3,狂操
2279,3,狂操你全家
2280,3,拉登
2281,3,懒教
2282,3,烂B
2283,3,烂屄
2284,3,烂比
2285,3,烂屌
2286,3,烂货
2287,3,劳+教+所
2288,3,劳动保障部
2289,3,老逼
2290,3,黎阳评
2291,3,李弘旨
2292,3,李红志
2293,3,李宏旨
2294,3,李宏志
2295,3,李鹏*
2296,3,李山
2297,3,李铁映
2298,3,李先念
2299,3,联大
2300,3,联合国
2301,3,联合国大会
2302,3,联易
2303,3,联易互动
2304,3,粮食局
2305,3,两腿之间
2306,3,林业局
2307,3,刘　淇
2308,3,刘军
2309,3,流氓
2310,3,六.四
2311,3,六。四
2312,3,六?四
2313,3,六合彩
2314,3,六-四
2315,3,六四事件
2316,3,六四真相
2317,3,龙新民
2318,3,旅游局
2319,3,卵
2320,3,轮功
2321,3,罗　干
2322,3,骡干
2323,3,妈卖妈屁
2324,3,妈批
2325,3,妈祖
2326,3,妈B
2327,3,麻醉钢枪
2328,3,麻醉枪
2329,3,麻醉药
2330,3,麻醉乙醚
2331,3,马卖马屁
2332,3,吗啡
2333,3,吗啡碱
2334,3,吗啡片
2335,3,买财富
2336,3,买卖枪支
2337,3,麦角酸
2338,3,卖.国
2339,3,卖B
2340,3,卖ID
2341,3,卖QQ
2342,3,卖比
2343,3,卖财富
2344,3,卖党求荣
2345,3,卖国
2346,3,卖国求荣
2347,3,卖卡
2348,3,卖软件
2349,3,毛XX
2350,3,毛厕洞
2351,3,毛一鲜
2352,3,毛贼东
2353,3,毛主席
2354,3,梅花网
2355,3,美国
2356,3,美国佬
2357,3,美利坚
2358,3,蒙尘药
2359,3,蒙独
2360,3,蒙古达子
2361,3,蒙古独立
2362,3,迷魂药
2363,3,迷奸药
2364,3,迷歼药
2365,3,迷药
2366,3,密洞
2367,3,民航局
2368,3,民政部
2369,3,莫索里尼
2370,3,穆斯林
2371,3,妳妈的
2372,3,妳马的
2373,3,南联盟
2374,3,南蛮子
2375,3,伱妈
2376,3,你爸
2377,3,你大爷
2378,3,你二大爷
2379,3,你老母
2380,3,你老味
2381,3,你姥
2382,3,你姥姥的
2383,3,你妈
2384,3,你妈的
2385,3,你娘
2386,3,你爷爷的
2387,3,鸟GM
2388,3,鸟你
2389,3,农业部
2390,3,虐待
2391,3,拍肩神药
2392,3,喷你
2393,3,彭真
2394,3,皮条
2395,3,嫖客
2396,3,苹果日报
2397,3,破坏
2398,3,气象局
2399,3,钱其琛
2400,3,枪决女犯
2401,3,枪决现场
2402,3,枪支弹药
2403,3,强卫
2404,3,强效失意药
2405,3,强硬发言
2406,3,乔石
2407,3,侨办
2408,3,切七
2409,3,窃听器
2410,3,窃听器材
2411,3,青天白日
2412,3,去你妈的
2413,3,全国人大
2414,3,人大
2415,3,人大代表
2416,3,人代会
2417,3,人弹
2418,3,人民
2419,3,人民大会堂
2420,3,人民广场
2421,3,人民日报
2422,3,人民银行
2423,3,人体炸弹
2424,3,日GM
2425,3,日X妈
2426,3,日本RING
2427,3,日本鬼子
2428,3,日你娘
2429,3,日他娘
2430,3,肉壁
2431,3,肉洞
2432,3,肉缝
2433,3,肉棍
2434,3,肉棍子
2435,3,肉穴
2436,3,乳
2437,3,乳波臀浪
2438,3,撒尿
2439,3,塞白
2440,3,塞你爸
2441,3,塞你公
2442,3,塞你老母
2443,3,塞你老师
2444,3,塞你母
2445,3,塞你娘
2446,3,三个呆婊
2447,3,三个代婊
2448,3,三级片
2449,3,三民主义
2450,3,三陪女
2451,3,三去车仑
2452,3,三唑仑
2453,3,骚
2454,3,骚逼
2455,3,色情电影
2456,3,色情服务
2457,3,色情小电影
2458,3,杀人犯
2459,3,傻屄
2460,3,傻吊
2461,3,傻卵
2462,3,煞逼
2463,3,商务部
2464,3,社科院
2465,3,身份生成器
2466,3,神通加持法
2467,3,生鸦片
2468,3,圣女峰
2469,3,十八摸
2470,3,十年动乱石进
2471,3,食捻屎
2472,3,食屎
2473,3,驶你爸
2474,3,驶你公
2475,3,驶你老母
2476,3,驶你老师
2477,3,驶你母
2478,3,驶你娘
2479,3,是鸡
2480,3,受虐狂
2481,3,售ID
2482,3,售号
2483,3,售软件
2484,3,双峰微颤
2485,3,氵去
2486,3,水利部
2487,3,水去车仑
2488,3,税务总局
2489,3,司法部
2490,3,私服
2491,3,私/服
2492,3,私\\服
2493,3,私-服
2494,3,私—服
2495,3,死gd
2496,3,死gm
2497,3,死全家
2498,3,四川独立
2499,3,四人帮
2500,3,宋祖英
2501,3,他爹
2502,3,他妈
2503,3,他马的
2504,3,他母亲
2505,3,他祖宗
2506,3,台办
2507,3,台湾党
2508,3,台湾帝国
2509,3,台湾共产党
2510,3,台湾共和国
2511,3,台湾狗
2512,3,太监
2513,3,天皇陛下
2514,3,田纪云
2515,3,舔西
2516,3,投毒杀人
2517,3,透视软件
2518,3,推油
2519,3,外　挂
2520,3,外挂
2521,3,外/挂
2522,3,外\\挂
2523,3,外_挂
2524,3,外-挂
2525,3,外—挂
2526,3,外汇局
2527,3,外交部
2528,3,外专局
2529,3,晚年周恩来
2530,3,万税
2531,3,王宝森
2532,3,王昊
2533,3,王太华
2534,3,王震
2535,3,网管
2536,3,卫生部
2537,3,温加宝
2538,3,温家保
2539,3,温馨
2540,3,温总理
2541,3,文化部
2542,3,文物局
2543,3,倭国
2544,3,倭寇
2545,3,我操你
2546,3,我妳老爸
2547,3,无界浏览器
2548,3,吴　仪
2549,3,五星红旗
2550,3,西藏天葬
2551,3,希望之声
2552,3,洗脑班
2553,3,系统
2554,3,系统公告
2555,3,系统讯息
2556,3,鲜族
2557,3,想上你
2558,3,小鸡鸡
2559,3,小泉纯一郎
2560,3,小日本
2561,3,小肉粒
2562,3,小乳头
2563,3,邪教
2564,3,兴奋剂
2565,3,性爱
2566,3,性虐待
2567,3,性无能
2568,3,徐光春
2569,3,血逼
2570,3,血腥图片
2571,3,鸦片液
2572,3,鸦片渣
2573,3,烟草局
2574,3,严方军
2575,3,阳精
2576,3,摇头玩
2577,3,耶苏
2578,3,夜情
2579,3,一党专制
2580,3,一国两制
2581,3,伊拉克
2582,3,伊朗
2583,3,以茎至洞
2584,3,抑制剂
2585,3,阴毛
2586,3,阴水
2587,3,阴小撕大
2588,3,淫荡
2589,3,淫货
2590,3,淫贱
2591,3,淫叫
2592,3,淫毛
2593,3,淫靡
2594,3,淫语连连
2595,3,淫欲
2596,3,英雄纪念碑
2597,3,硬挺
2598,3,邮政局
2599,3,游戏发奖员
2600,3,游戏宫理员
2601,3,游戏管理员
2602,3,舆论钳制
2603,3,玉杵
2604,3,欲火焚身
2605,3,原子能机构
2606,3,远程偷拍
2607,3,曰GM
2608,3,曰你
2609,3,月经
2610,3,月经不调
2611,3,扎卡维是英雄
2612,3,杂种
2613,3,扎卡维
2614,3,张朝阳
2615,3,张潮阳
2616,3,张磊
2617,3,张小平
2618,3,侦探设备
2619,3,中国恐怖组织
2620,3,中华民国
2621,3,中南海
2622,3,中宣部
2623,3,周总理
2624,3,朱容鸡
2625,3,朱总理
2626,3,猪容基
2627,3,主席
2628,3,装屄
2629,3,追查国际
2630,3,子女任职名单
2631,3,自杀手册
2632,3,自杀指南
2633,3,自制手枪
2634,3,自治机关
2635,3,宗教
2636,3,总局
2637,3,坐台的
2638,3,操逼毛
2639,3,u r
2640,3,taobao
2641,3,webgame.com.cn
2642,3,垃圾游戏
2643,3,烂游戏
2644,3,淘宝
2645,3,c a o
2646,3,h站
2647,3,龙虎
2648,3,虎门
2649,3,龙 虎 门
2650,3,WEB牌戰
2651,3,WEB战牌
2652,3,战牌
2653,3,8 仙
2654,3,ＵＲ
2655,3,街头对抗
2656,3,混 沌决
2657,3,国信网
2658,3,国信城网
2659,3,国信诚网
2660,3,信诚网
2661,3,信城网
2662,3,王玉生
2663,3,信城
2664,3,信诚
2665,3,新城网
2666,3,xinchengwang
2667,3,xincheng
2668,3,微信
2669,3,QQ
2670,3,weixin
2671,3,微 信
2672,3,Q Q
2673,3,wei xin
2674,3,加微
2675,3,加Q
2676,3,加wei
2677,3,加v
2678,3,VX
2679,3,v信
2680,3,#NAME?
2681,3,残废人
2682,3,独眼龙
2683,3,瞎子
2684,3,聋子
2685,3,呆子
2686,3,弱智
2687,3,哇噻
2688,3,玉米
2689,3,纲丝
2690,3,凉粉
2691,3,特么的
2692,3,撕逼
2693,3,玛拉戈壁
2694,3,爆菊
2695,3,呆逼
2696,3,本屌
2697,3,齐B短裙
2698,3,丢你老母
2699,3,装13
2700,3,逼格
2701,3,蛋疼
2702,3,绿茶婊
2703,3,表砸
2704,3,屌爆了
2705,3,买了个婊
2706,3,已撸
2707,3,妈蛋
2708,3,逗比
2709,3,我靠
2710,3,碧莲
2711,3,碧池
2712,3,然并卵
2713,3,日了狗
2714,3,屁民
2715,3,吃翔
2716,3,XX狗
2717,3,淫家
2718,3,你妹
2719,3,浮尸国
2720,3,滚粗
2721,3,人大常委
2722,3,河南小偷
2723,3,省委书记
2724,3,市委书记
2725,3,非党人士
2726,3,回回蛮子
2727,3,蒙古大夫
2728,3,摩梭族
2729,3,撒尼族
2730,3,穿（川）青族
2731,3,中港中澳
2732,3,内港内澳
2733,3,成员国
2734,3,国家
2735,3,中央
2736,3,全国
2737,3,总统府
2738,3,行政院
2739,3,国父纪念馆
2740,3,福摩萨
2741,3,福尔摩莎
2742,3,国共合作
2743,3,第三次国共合作等
2744,3,反共爱国同盟
2745,3,三民主义统一中国大同盟
2746,3,台北故宫
2747,3,国立
2748,3,台湾金门县
2749,3,台湾连江（马祖地区）
2750,3,台湾离岛
2751,3,修宪
2752,3,宪改
2753,3,新宪
2754,3,去中国化
2755,3,荷治
2756,3,日治
2757,3,大陆政府
2758,3,九二共识、一中各表
2759,3,台语
2760,3,原住民
2761,3,小三通
2762,3,斯普拉特利群岛
2763,3,维独
2764,3,北朝鲜（英文 North Korea ）
2765,3,穆斯林国家
2766,3,穆斯林世界
2767,3,阿拉伯民兵
2768,3,黑非洲
2769,3,伊斯兰原教旨主义
2770,3,伊斯兰原教旨主义者
2771,3,十字军（东征）
2772,3,"前苏联"""
2773,3,乌克兰亲俄武装
2774,3,乌克兰民兵武装
2775,3,乌克兰分裂分子
2776,3,村长
2777,3,村官
2778,3,解放前(后)
2779,3,新中国成立前(后)
2780,3,深港一体化
2781,3,一带一路
2782,3,李强
2783,3,赵乐际
2784,3,王沪宁
2785,3,蔡奇
2786,3,丁薛祥
2787,3,李希
2788,3,总书记
2789,3,社会主义
2790,3,臺獨
2791,3,賤货
2792,3,騷货
2793,3,找雞
2794,3,蕩妇
2795,3,陰戶習近平
2796,3,李克強
2797,3,台灣帝國
2798,3,回民吃猪
2799,3,不爽不要錢
2800,3,東突
2801,3,爹
2802,3,妈
2803,3,母
2804,3,父
2805,3,爷
2806,3,奶
2807,3,孙
2808,3,儿
2809,3,孙子
2810,3,儿子
2811,3,女儿
2812,3,姥
2813,3,爸
2814,3,ba
2815,3,毛润之
2816,3,毛岸英
2817,3,00O
2818,3,O00
2819,3,OO0
2820,3,0O
2821,3,O0
2822,3,o
2823,3,O
