TID,Comment,ReqTotal,STR,CON,WIS,MEN,AGI,HPFixed,HPR,HPRBuff,MPFixed,MPR,MPRBuff,POPMin,POPMax,MOPMin,MOPMax,PD,MD,FD,WD,AD,LD,AP,DP,BP,CP,IGN_AT,PvP_AT,PvP_DF,AS,RS,CS,EngDesc,LocalDesc
分离器,套装名(企划者用),需要个数,气力,体力,智慧,智力,敏捷,最大 HP,HP回复量,HP追加回复量,最大MP,MP回复量,MP追加回复量,最小物理攻击,最大物理攻击,最小魔法攻击,最大魔法攻击,物理防御,魔法防御,火属性抵抗,水属性抵抗,攻击属性抵抗,土属性抵抗,命中度,闪避度,拦截度,致命一击,防御武器攻击力,PvP攻击力,PvP防御力,攻击速度,移动速度,施法速度,英文说明,韩文说明
,,,,,,,,,,,,,,,,,,,,,,,,,,,,,,,,,,,
U16,CBwString,U8,U8,U8,U8,U8,U8,S32,S32,S32,S32,S32,S32,U32,U32,U32,U32,U32,U32,U32,U32,U32,U32,U8,U8,U8,U8,U16,F32,F32,U16,U16,U16,CBwString,CBwString
1,高级-1献身的洛夫套装(Lv.10),2,0,0,0,0,0,0,0,0,0,0,0,0,0,0,0,0,0,0,0,0,0,0,0,0,0,0,0,0,0,0,0,,2套装：无
2,高级-1献身的洛夫套装(Lv.10),3,0,0,0,0,0,0,0,0,0,17,0,0,0,0,0,0,0,0,0,0,0,0,0,0,0,0,0,0,0,0,0,,3套装：+17魔法值
3,高级-1献身的洛夫套装(Lv.10),4,0,0,0,0,0,0,0,20,0,17,0,0,0,0,0,0,0,0,0,0,0,0,0,0,0,0,0,0,0,0,0,,4组：治疗+20
4,高级-1献身的洛夫套装(Lv.10),5,0,0,0,0,0,0,0,20,0,17,0,0,0,0,0,21,32,0,0,0,0,0,0,0,0,0,0,0,0,0,0,,5套装：+21护甲的物理，魔法护甲+32
5,高级-1献身的洛夫套装(Lv.10),6,0,4,0,5,0,0,0,20,0,17,0,0,0,0,0,21,32,0,0,0,0,0,0,0,0,0,0,0,0,0,0,,6.套装：耐力+4，+5精神
6,高级-2献身的洛夫套装(Lv.10),2,0,0,0,0,0,0,0,0,0,0,0,0,0,0,0,0,0,0,0,0,0,0,0,0,0,0,0,0,0,0,0,,2套装：无
7,高级-2献身的洛夫套装(Lv.10),3,0,0,0,0,0,0,0,0,0,0,0,0,0,0,0,0,0,0,0,0,0,5,0,0,0,0,0,0,0,0,0,,3套装：+5等级
8,高级-2献身的洛夫套装(Lv.10),4,0,0,0,0,0,0,0,0,0,0,0,0,0,0,0,0,0,0,0,0,0,5,0,0,3,0,0,0,0,0,0,,4套装：致命一击+3
9,高级-2献身的洛夫套装(Lv.10),5,0,0,0,0,0,0,0,0,0,0,0,0,0,0,0,21,32,0,0,0,0,5,0,0,0,0,0,0,0,0,0,,5套装：+21护甲的物理，魔法护甲+32
10,高级-2献身的洛夫套装(Lv.10),6,0,0,5,4,0,0,0,0,0,0,0,0,0,0,0,21,32,0,0,0,0,5,0,0,0,0,0,0,0,0,0,,6.套装：智力+5精神+4
11,高级-1奉献的颈甲套装(Lv.10),2,0,0,0,0,0,0,0,0,0,0,0,0,0,0,0,0,0,0,0,0,0,0,0,0,0,0,0,0,0,0,0,,2套装：无
12,高级-1奉献的颈甲套装(Lv.10),3,0,0,0,0,0,0,0,0,0,0,0,0,0,0,0,0,0,0,0,0,0,0,4,0,0,0,0,0,0,0,0,,3套装：+4躲闪
13,高级-1奉献的颈甲套装(Lv.10),4,0,0,0,0,0,0,0,0,0,0,0,0,0,0,0,0,0,0,0,0,0,0,4,0,0,0,0,0,20,0,0,,4套装：攻击速度+ 2％
14,高级-1奉献的颈甲套装(Lv.10),5,0,0,0,0,0,0,0,0,0,0,0,0,0,0,0,26,26,0,0,0,0,0,4,0,0,0,0,0,20,0,0,,5套装：+26护甲的物理，魔法护甲+26
15,高级-1奉献的颈甲套装(Lv.10),6,4,0,0,0,5,0,0,0,0,0,0,0,0,0,0,26,26,0,0,0,0,0,4,0,0,0,0,0,20,0,0,,6.套装：+4力量，敏捷+5
16,高级-2奉献的颈甲套装(Lv.10),2,0,0,0,0,0,0,0,0,0,0,0,0,0,0,0,0,0,0,0,0,0,0,0,0,0,0,0,0,0,0,0,,2套装：无
17,高级-2奉献的颈甲套装(Lv.10),3,0,0,0,0,0,0,0,0,0,0,0,0,0,0,0,0,0,0,0,0,0,5,0,0,0,0,0,0,0,0,0,,3套装：+5等级
18,高级-2奉献的颈甲套装(Lv.10),4,0,0,0,0,0,0,0,0,0,0,0,0,0,0,0,0,0,0,0,0,0,5,0,0,5,0,0,0,0,0,0,,4套装：+5致命一击
19,高级-2奉献的颈甲套装(Lv.10),5,0,0,0,0,0,0,0,0,0,0,0,0,0,0,0,26,26,0,0,0,0,5,0,0,5,0,0,0,0,0,0,,5套装：+26护甲的物理，魔法护甲+26
20,高级-2奉献的颈甲套装(Lv.10),6,3,0,0,0,6,0,0,0,0,0,0,0,0,0,0,26,26,0,0,0,0,5,0,0,5,0,0,0,0,0,0,,6.套装：+3力量，敏捷+6
21,高级-1奉献的中等套装(Lv.10),2,0,0,0,0,0,0,0,0,0,0,0,0,0,0,0,0,0,0,0,0,0,0,0,0,0,0,0,0,0,0,0,,2套装：无
22,高级-1奉献的中等套装(Lv.10),3,0,0,0,0,0,0,0,0,0,0,0,0,0,0,0,0,0,0,0,0,0,0,2,0,0,0,0,0,0,0,0,,3套装：+2回避甚至
23,高级-1奉献的中等套装(Lv.10),4,0,0,0,0,0,0,0,0,0,0,0,0,0,0,0,0,0,0,0,0,0,0,2,7,0,0,0,0,0,0,0,,4套装：还+7伤害减免
24,高级-1奉献的中等套装(Lv.10),5,0,0,0,0,0,0,0,0,0,0,0,0,0,0,0,32,21,0,0,0,0,0,2,7,0,0,0,0,0,0,0,,套装5：物理护甲+32，+21魔甲术
25,高级-1奉献的中等套装(Lv.10),6,3,6,0,0,0,0,0,0,0,0,0,0,0,0,0,32,21,0,0,0,0,0,2,7,0,0,0,0,0,0,0,,6.套装：+3力量，耐力+6
26,高级-2奉献的中等套装(Lv.10),2,0,0,0,0,0,0,0,0,0,0,0,0,0,0,0,0,0,0,0,0,0,0,0,0,0,0,0,0,0,0,0,,2套装：无
27,高级-2奉献的中等套装(Lv.10),3,0,0,0,0,0,0,0,0,0,0,0,0,0,0,0,0,0,0,0,0,0,5,0,0,0,0,0,0,0,0,0,,3套装：+5等级
28,高级-2奉献的中等套装(Lv.10),4,0,0,0,0,0,0,0,0,0,0,0,0,0,0,0,0,0,0,0,0,0,5,0,0,4,0,0,0,0,0,0,,4套装：致命一击+4
29,高级-2奉献的中等套装(Lv.10),5,0,0,0,0,0,0,0,0,0,0,0,0,0,0,0,32,21,0,0,0,0,5,0,0,4,0,0,0,0,0,0,,套装5：物理护甲+32，+21魔甲术
30,高级-2奉献的中等套装(Lv.10),6,5,4,0,0,0,0,0,0,0,0,0,0,0,0,0,32,21,0,0,0,0,5,0,0,4,0,0,0,0,0,0,,6.套装：力量+5耐力+4
31,高级-1传说之洛夫套装(Lv.20),2,0,0,0,0,0,0,0,0,0,0,0,0,0,0,0,0,0,0,0,0,0,0,0,0,0,0,0,0,0,0,0,,2套装：无
32,高级-1传说之洛夫套装(Lv.20),3,0,0,0,0,0,0,0,0,0,33,0,0,0,0,0,0,0,0,0,0,0,0,0,0,0,0,0,0,0,0,0,,3套装：+33魔法值
33,高级-1传说之洛夫套装(Lv.20),4,0,0,0,0,0,0,0,40,0,33,0,0,0,0,0,0,0,0,0,0,0,0,0,0,0,0,0,0,0,0,0,,4组：治疗+ 40
34,高级-1传说之洛夫套装(Lv.20),5,0,0,0,0,0,0,0,40,0,33,0,0,0,0,0,42,63,0,0,0,0,0,0,0,0,0,0,0,0,0,0,,5套装：+42护甲的物理，魔法护甲+63
35,高级-1传说之洛夫套装(Lv.20),6,0,8,0,10,0,0,0,40,0,33,0,0,0,0,0,42,63,0,0,0,0,0,0,0,0,0,0,0,0,0,0,,6.套装：+8耐力，+10精神
36,高级-2传说之洛夫套装(Lv.20),2,0,0,0,0,0,0,0,0,0,0,0,0,0,0,0,0,0,0,0,0,0,0,0,0,0,0,0,0,0,0,0,,2套装：无
37,高级-2传说之洛夫套装(Lv.20),3,0,0,0,0,0,0,0,0,0,0,0,0,0,0,0,0,0,0,0,0,0,10,0,0,0,0,0,0,0,0,0,,3套装：+10命中度
38,高级-2传说之洛夫套装(Lv.20),4,0,0,0,0,0,0,0,0,0,0,0,0,0,0,0,0,0,0,0,0,0,10,0,0,6,0,0,0,0,0,0,,4套装：致命一击+6
39,高级-2传说之洛夫套装(Lv.20),5,0,0,0,0,0,0,0,0,0,0,0,0,0,0,0,42,63,0,0,0,0,10,0,0,6,0,0,0,0,0,0,,5套装：+42护甲的物理，魔法护甲+63
40,高级-2传说之洛夫套装(Lv.20),6,0,0,10,8,0,0,0,0,0,0,0,0,0,0,0,42,63,0,0,0,0,10,0,0,6,0,0,0,0,0,0,,6.套装：+10智力，精神+8。
41,高级-1传说之颈甲套装(Lv.20),2,0,0,0,0,0,0,0,0,0,0,0,0,0,0,0,0,0,0,0,0,0,0,0,0,0,0,0,0,0,0,0,,2套装：无
42,高级-1传说之颈甲套装(Lv.20),3,0,0,0,0,0,0,0,0,0,0,0,0,0,0,0,0,0,0,0,0,0,0,6,0,0,0,0,0,0,0,0,,3套装：+6闪避
43,高级-1传说之颈甲套装(Lv.20),4,0,0,0,0,0,0,0,0,0,0,0,0,0,0,0,0,0,0,0,0,0,0,6,0,0,0,0,0,40,0,0,,4套装：攻击速度+ 4％
44,高级-1传说之颈甲套装(Lv.20),5,0,0,0,0,0,0,0,0,0,0,0,0,0,0,0,53,53,0,0,0,0,0,6,0,0,0,0,0,40,0,0,,5套装：+53护甲的物理，魔法护甲+53
45,高级-1传说之颈甲套装(Lv.20),6,8,0,0,0,10,0,0,0,0,0,0,0,0,0,0,53,53,0,0,0,0,0,6,0,0,0,0,0,40,0,0,,6.套装：+8力量，+10敏捷
46,高级-2传说之颈甲套装(Lv.20),2,0,0,0,0,0,0,0,0,0,0,0,0,0,0,0,0,0,0,0,0,0,0,0,0,0,0,0,0,0,0,0,,2套装：无
47,高级-2传说之颈甲套装(Lv.20),3,0,0,0,0,0,0,0,0,0,0,0,0,0,0,0,0,0,0,0,0,0,10,0,0,0,0,0,0,0,0,0,,3套装：+10命中度
48,高级-2传说之颈甲套装(Lv.20),4,0,0,0,0,0,0,0,0,0,0,0,0,0,0,0,0,0,0,0,0,0,10,0,0,9,0,0,0,0,0,0,,4套装：致命一击+9
49,高级-2传说之颈甲套装(Lv.20),5,0,0,0,0,0,0,0,0,0,0,0,0,0,0,0,53,53,0,0,0,0,10,0,0,9,0,0,0,0,0,0,,5套装：+53护甲的物理，魔法护甲+53
50,高级-2传说之颈甲套装(Lv.20),6,6,0,0,0,12,0,0,0,0,0,0,0,0,0,0,53,53,0,0,0,0,10,0,0,9,0,0,0,0,0,0,,6.套装：+6力量，+12敏捷
51,高级-1传说之中等套装(Lv.20),2,0,0,0,0,0,0,0,0,0,0,0,0,0,0,0,0,0,0,0,0,0,0,0,0,0,0,0,0,0,0,0,,2套装：无
52,高级-1传说之中等套装(Lv.20),3,0,0,0,0,0,0,0,0,0,0,0,0,0,0,0,0,0,0,0,0,0,0,4,0,0,0,0,0,0,0,0,,3套装：+4躲闪
53,高级-1传说之中等套装(Lv.20),4,0,0,0,0,0,0,0,0,0,0,0,0,0,0,0,0,0,0,0,0,0,0,4,13,0,0,0,0,0,0,0,,4套装：+13减少伤害
54,高级-1传说之中等套装(Lv.20),5,0,0,0,0,0,0,0,0,0,0,0,0,0,0,0,63,42,0,0,0,0,0,4,13,0,0,0,0,0,0,0,,5套装：+63护甲的物理，魔法护甲+42
55,高级-1传说之中等套装(Lv.20),6,6,12,0,0,0,0,0,0,0,0,0,0,0,0,0,63,42,0,0,0,0,0,4,13,0,0,0,0,0,0,0,,6.套装：+6力量，耐力+12
56,高级-2传说之中等套装(Lv.20),2,0,0,0,0,0,0,0,0,0,0,0,0,0,0,0,0,0,0,0,0,0,0,0,0,0,0,0,0,0,0,0,,2套装：无
57,高级-2传说之中等套装(Lv.20),3,0,0,0,0,0,0,0,0,0,0,0,0,0,0,0,0,0,0,0,0,0,10,0,0,0,0,0,0,0,0,0,,3套装：+10命中度
58,高级-2传说之中等套装(Lv.20),4,0,0,0,0,0,0,0,0,0,0,0,0,0,0,0,0,0,0,0,0,0,10,0,0,8,0,0,0,0,0,0,,4套装：+8致命一击
59,高级-2传说之中等套装(Lv.20),5,0,0,0,0,0,0,0,0,0,0,0,0,0,0,0,63,42,0,0,0,0,10,0,0,8,0,0,0,0,0,0,,5套装：+63护甲的物理，魔法护甲+42
60,高级-2传说之中等套装(Lv.20),6,10,8,0,0,0,0,0,0,0,0,0,0,0,0,0,63,42,0,0,0,0,10,0,0,8,0,0,0,0,0,0,,6.套装：力量+10，+8耐力
61,高级-1怒之洛夫套装(Lv.25),2,0,0,0,0,0,0,0,0,0,0,0,0,0,0,0,0,0,0,0,0,0,0,0,0,0,0,0,0,0,0,0,,2套装：无
62,高级-1怒之洛夫套装(Lv.25),3,0,0,0,0,0,0,0,0,0,42,0,0,0,0,0,0,0,0,0,0,0,0,0,0,0,0,0,0,0,0,0,,3套装：+42魔法值
63,高级-1怒之洛夫套装(Lv.25),4,0,0,0,0,0,0,0,50,0,42,0,0,0,0,0,0,0,0,0,0,0,0,0,0,0,0,0,0,0,0,0,,4组：治疗+50
64,高级-1怒之洛夫套装(Lv.25),5,0,0,0,0,0,0,0,50,0,42,0,0,0,0,0,53,79,0,0,0,0,0,0,0,0,0,0,0,0,0,0,,5套装：+53护甲的物理，魔法护甲+79
65,高级-1怒之洛夫套装(Lv.25),6,0,10,0,13,0,0,0,50,0,42,0,0,0,0,0,53,79,0,0,0,0,0,0,0,0,0,0,0,0,0,0,,6.套装：+10耐力，+13精神
66,高级-2怒之洛夫套装(Lv.25),2,0,0,0,0,0,0,0,0,0,0,0,0,0,0,0,0,0,0,0,0,0,0,0,0,0,0,0,0,0,0,0,,2套装：无
67,高级-2怒之洛夫套装(Lv.25),3,0,0,0,0,0,0,0,0,0,0,0,0,0,0,0,0,0,0,0,0,0,15,0,0,0,0,0,0,0,0,0,,3套装：+15命中度
68,高级-2怒之洛夫套装(Lv.25),4,0,0,0,0,0,0,0,0,0,0,0,0,0,0,0,0,0,0,0,0,0,15,0,0,8,0,0,0,0,0,0,,4套装：+8致命一击
69,高级-2怒之洛夫套装(Lv.25),5,0,0,0,0,0,0,0,0,0,0,0,0,0,0,0,53,79,0,0,0,0,15,0,0,8,0,0,0,0,0,0,,5套装：+53护甲的物理，魔法护甲+79
70,高级-2怒之洛夫套装(Lv.25),6,0,0,13,10,0,0,0,0,0,0,0,0,0,0,0,53,79,0,0,0,0,15,0,0,8,0,0,0,0,0,0,,6.套装：+13智力，精神+10
71,高级-1怒之颈甲套装(Lv.25),2,0,0,0,0,0,0,0,0,0,0,0,0,0,0,0,0,0,0,0,0,0,0,0,0,0,0,0,0,0,0,0,,2套装：无
72,高级-1怒之颈甲套装(Lv.25),3,0,0,0,0,0,0,0,0,0,0,0,0,0,0,0,0,0,0,0,0,0,0,8,0,0,0,0,0,0,0,0,,3套装：+8闪避
73,高级-1怒之颈甲套装(Lv.25),4,0,0,0,0,0,0,0,0,0,0,0,0,0,0,0,0,0,0,0,0,0,0,8,0,0,0,0,0,50,0,0,,4套装：攻击速度+ 5％
74,高级-1怒之颈甲套装(Lv.25),5,0,0,0,0,0,0,0,0,0,0,0,0,0,0,0,66,66,0,0,0,0,0,8,0,0,0,0,0,50,0,0,,5套装：+66护甲的物理，魔法护甲+66
75,高级-1怒之颈甲套装(Lv.25),6,10,0,0,0,13,0,0,0,0,0,0,0,0,0,0,66,66,0,0,0,0,0,8,0,0,0,0,0,50,0,0,,6.套装：力量+10，敏捷+13
76,高级-2怒之颈甲套装(Lv.25),2,0,0,0,0,0,0,0,0,0,0,0,0,0,0,0,0,0,0,0,0,0,0,0,0,0,0,0,0,0,0,0,,2套装：无
77,高级-2怒之颈甲套装(Lv.25),3,0,0,0,0,0,0,0,0,0,0,0,0,0,0,0,0,0,0,0,0,0,15,0,0,0,0,0,0,0,0,0,,3套装：+15命中度
78,高级-2怒之颈甲套装(Lv.25),4,0,0,0,0,0,0,0,0,0,0,0,0,0,0,0,0,0,0,0,0,0,15,0,0,12,0,0,0,0,0,0,,4套装：+12致命一击
79,高级-2怒之颈甲套装(Lv.25),5,0,0,0,0,0,0,0,0,0,0,0,0,0,0,0,66,66,0,0,0,0,15,0,0,12,0,0,0,0,0,0,,5套装：+66护甲的物理，魔法护甲+66
80,高级-2怒之颈甲套装(Lv.25),6,8,0,0,0,15,0,0,0,0,0,0,0,0,0,0,66,66,0,0,0,0,15,0,0,12,0,0,0,0,0,0,,6.套装：+8力量，+15敏捷
81,高级-1怒之中等套装(Lv.25),2,0,0,0,0,0,0,0,0,0,0,0,0,0,0,0,0,0,0,0,0,0,0,0,0,0,0,0,0,0,0,0,,2套装：无
82,高级-1怒之中等套装(Lv.25),3,0,0,0,0,0,0,0,0,0,0,0,0,0,0,0,0,0,0,0,0,0,0,6,0,0,0,0,0,0,0,0,,3套装：+6闪避
83,高级-1怒之中等套装(Lv.25),4,0,0,0,0,0,0,0,0,0,0,0,0,0,0,0,0,0,0,0,0,0,0,6,17,0,0,0,0,0,0,0,,4套装：+17减少伤害
84,高级-1怒之中等套装(Lv.25),5,0,0,0,0,0,0,0,0,0,0,0,0,0,0,0,79,53,0,0,0,0,0,6,17,0,0,0,0,0,0,0,,5套装：+79护甲的物理，魔法护甲+53
85,高级-1怒之中等套装(Lv.25),6,8,15,0,0,0,0,0,0,0,0,0,0,0,0,0,79,53,0,0,0,0,0,6,17,0,0,0,0,0,0,0,,6.套装：+8力量，耐力+15
86,高级-2怒之中等套装(Lv.25),2,0,0,0,0,0,0,0,0,0,0,0,0,0,0,0,0,0,0,0,0,0,0,0,0,0,0,0,0,0,0,0,,2套装：无
87,高级-2怒之中等套装(Lv.25),3,0,0,0,0,0,0,0,0,0,0,0,0,0,0,0,0,0,0,0,0,0,15,0,0,0,0,0,0,0,0,0,,3套装：+15命中度
88,高级-2怒之中等套装(Lv.25),4,0,0,0,0,0,0,0,0,0,0,0,0,0,0,0,0,0,0,0,0,0,15,0,0,10,0,0,0,0,0,0,,4套装：+10致命一击
89,高级-2怒之中等套装(Lv.25),5,0,0,0,0,0,0,0,0,0,0,0,0,0,0,0,79,53,0,0,0,0,15,0,0,10,0,0,0,0,0,0,,5套装：+79护甲的物理，魔法护甲+53
90,高级-2怒之中等套装(Lv.25),6,13,10,0,0,0,0,0,0,0,0,0,0,0,0,0,79,53,0,0,0,0,15,0,0,10,0,0,0,0,0,0,,6件：+13力量，+10耐力
91,高级-1破灭之洛夫套装(Lv.30),2,0,0,0,0,0,0,0,0,0,0,0,0,0,0,0,0,0,0,0,0,0,0,0,0,0,0,0,0,0,0,0,,2套装：无
92,高级-1破灭之洛夫套装(Lv.30),3,0,0,0,0,0,0,0,0,0,50,0,0,0,0,0,0,0,0,0,0,0,0,0,0,0,0,0,0,0,0,0,,3套装：+50魔法值
93,高级-1破灭之洛夫套装(Lv.30),4,0,0,0,0,0,0,0,60,0,50,0,0,0,0,0,0,0,0,0,0,0,0,0,0,0,0,0,0,0,0,0,,4组：治疗+60
94,高级-1破灭之洛夫套装(Lv.30),5,0,0,0,0,0,0,0,60,0,50,0,0,0,0,0,63,95,0,0,0,0,0,0,0,0,0,0,0,0,0,0,,5套装：+63护甲的物理，魔法护甲+95
95,高级-1破灭之洛夫套装(Lv.30),6,0,12,0,15,0,0,0,60,0,50,0,0,0,0,0,63,95,0,0,0,0,0,0,0,0,0,0,0,0,0,0,,6.套装：+12耐力+15精神
96,高级-2破灭之洛夫套装(Lv.30),2,0,0,0,0,0,0,0,0,0,0,0,0,0,0,0,0,0,0,0,0,0,0,0,0,0,0,0,0,0,0,0,,2套装：无
97,高级-2破灭之洛夫套装(Lv.30),3,0,0,0,0,0,0,0,0,0,0,0,0,0,0,0,0,0,0,0,0,0,20,0,0,0,0,0,0,0,0,0,,3套装：+20命中度
98,高级-2破灭之洛夫套装(Lv.30),4,0,0,0,0,0,0,0,0,0,0,0,0,0,0,0,0,0,0,0,0,0,20,0,0,9,0,0,0,0,0,0,,4套装：致命一击+9
99,高级-2破灭之洛夫套装(Lv.30),5,0,0,0,0,0,0,0,0,0,0,0,0,0,0,0,63,95,0,0,0,0,20,0,0,9,0,0,0,0,0,0,,5套装：+63护甲的物理，魔法护甲+95
100,高级-2破灭之洛夫套装(Lv.30),6,0,0,15,12,0,0,0,0,0,0,0,0,0,0,0,63,95,0,0,0,0,20,0,0,9,0,0,0,0,0,0,,6.套装：+15智力，精神+12
101,高级-1破灭之颈甲套装(Lv.30),2,0,0,0,0,0,0,0,0,0,0,0,0,0,0,0,0,0,0,0,0,0,0,0,0,0,0,0,0,0,0,0,,2套装：无
102,高级-1破灭之颈甲套装(Lv.30),3,0,0,0,0,0,0,0,0,0,0,0,0,0,0,0,0,0,0,0,0,0,0,13,0,0,0,0,0,0,0,0,,3套装：+13闪避
103,高级-1破灭之颈甲套装(Lv.30),4,0,0,0,0,0,0,0,0,0,0,0,0,0,0,0,0,0,0,0,0,0,0,13,0,0,0,0,0,60,0,0,,4套装：攻击速度+ 6％
104,高级-1破灭之颈甲套装(Lv.30),5,0,0,0,0,0,0,0,0,0,0,0,0,0,0,0,79,79,0,0,0,0,0,13,0,0,0,0,0,60,0,0,,5套装：+79护甲的物理，魔法护甲+79
105,高级-1破灭之颈甲套装(Lv.30),6,12,0,0,0,15,0,0,0,0,0,0,0,0,0,0,79,79,0,0,0,0,0,13,0,0,0,0,0,60,0,0,,6件：+12力量，+15敏捷
106,高级-2破灭之颈甲套装(Lv.30),2,0,0,0,0,0,0,0,0,0,0,0,0,0,0,0,0,0,0,0,0,0,0,0,0,0,0,0,0,0,0,0,,2套装：无
107,高级-2破灭之颈甲套装(Lv.30),3,0,0,0,0,0,0,0,0,0,0,0,0,0,0,0,0,0,0,0,0,0,20,0,0,0,0,0,0,0,0,0,,3套装：+20命中度
108,高级-2破灭之颈甲套装(Lv.30),4,0,0,0,0,0,0,0,0,0,0,0,0,0,0,0,0,0,0,0,0,0,20,0,0,14,0,0,0,0,0,0,,4套装：+14致命一击
109,高级-2破灭之颈甲套装(Lv.30),5,0,0,0,0,0,0,0,0,0,0,0,0,0,0,0,79,79,0,0,0,0,20,0,0,14,0,0,0,0,0,0,,5套装：+79护甲的物理，魔法护甲+79
110,高级-2破灭之颈甲套装(Lv.30),6,9,0,0,0,18,0,0,0,0,0,0,0,0,0,0,79,79,0,0,0,0,20,0,0,14,0,0,0,0,0,0,,6.套装：力量+9，+18敏捷
111,高级-1破灭之中等套装(Lv.30),2,0,0,0,0,0,0,0,0,0,0,0,0,0,0,0,0,0,0,0,0,0,0,0,0,0,0,0,0,0,0,0,,2套装：无
112,高级-1破灭之中等套装(Lv.30),3,0,0,0,0,0,0,0,0,0,0,0,0,0,0,0,0,0,0,0,0,0,0,11,0,0,0,0,0,0,0,0,,3套装：+11闪避
113,高级-1破灭之中等套装(Lv.30),4,0,0,0,0,0,0,0,0,0,0,0,0,0,0,0,0,0,0,0,0,0,0,11,20,0,0,0,0,0,0,0,,4套装：伤害降低到+20度
114,高级-1破灭之中等套装(Lv.30),5,0,0,0,0,0,0,0,0,0,0,0,0,0,0,0,95,63,0,0,0,0,0,11,20,0,0,0,0,0,0,0,,5套装：+95护甲的物理，魔法护甲+63
115,高级-1破灭之中等套装(Lv.30),6,9,0,0,0,18,0,0,0,0,0,0,0,0,0,0,95,63,0,0,0,0,0,11,20,0,0,0,0,0,0,0,,6.套装：力量+9，+18敏捷
116,高级-2破灭之中等套装(Lv.30),2,0,0,0,0,0,0,0,0,0,0,0,0,0,0,0,0,0,0,0,0,0,0,0,0,0,0,0,0,0,0,0,,2套装：无
117,高级-2破灭之中等套装(Lv.30),3,0,0,0,0,0,0,0,0,0,0,0,0,0,0,0,0,0,0,0,0,0,20,0,0,0,0,0,0,0,0,0,,3套装：+20命中度
118,高级-2破灭之中等套装(Lv.30),4,0,0,0,0,0,0,0,0,0,0,0,0,0,0,0,0,0,0,0,0,0,20,0,0,12,0,0,0,0,0,0,,4套装：+12致命一击
119,高级-2破灭之中等套装(Lv.30),5,0,0,0,0,0,0,0,0,0,0,0,0,0,0,0,95,63,0,0,0,0,20,0,0,12,0,0,0,0,0,0,,5套装：+95护甲的物理，魔法护甲+63
120,高级-2破灭之中等套装(Lv.30),6,15,12,0,0,0,0,0,0,0,0,0,0,0,0,0,95,63,0,0,0,0,20,0,0,12,0,0,0,0,0,0,,6件：+15力量，+12耐力
121,高级-1憎恶之洛夫套装(Lv.35),2,0,0,0,0,0,0,0,0,0,0,0,0,0,0,0,0,0,0,0,0,0,0,0,0,0,0,0,0,0,0,0,,2套装：无
122,高级-1憎恶之洛夫套装(Lv.35),3,0,0,0,0,0,0,0,0,0,59,0,0,0,0,0,0,0,0,0,0,0,0,0,0,0,0,0,0,0,0,0,,3套装：+59魔法值
123,高级-1憎恶之洛夫套装(Lv.35),4,0,0,0,0,0,0,0,70,0,59,0,0,0,0,0,0,0,0,0,0,0,0,0,0,0,0,0,0,0,0,0,,4组：治疗+ 70
124,高级-1憎恶之洛夫套装(Lv.35),5,0,0,0,0,0,0,0,70,0,59,0,0,0,0,0,74,110,0,0,0,0,0,0,0,0,0,0,0,0,0,0,,5套装：+74护甲的物理，魔法护甲+110
125,高级-1憎恶之洛夫套装(Lv.35),6,0,14,0,18,0,0,0,70,0,59,0,0,0,0,0,74,110,0,0,0,0,0,0,0,0,0,0,0,0,0,0,,6.套装：+14耐力，+18精神
126,高级-2憎恶之洛夫套装(Lv.35),2,0,0,0,0,0,0,0,0,0,0,0,0,0,0,0,0,0,0,0,0,0,0,0,0,0,0,0,0,0,0,0,,2套装：无
127,高级-2憎恶之洛夫套装(Lv.35),3,0,0,0,0,0,0,0,0,0,0,0,0,0,0,0,0,0,0,0,0,0,25,0,0,0,0,0,0,0,0,0,,3套装：+25命中度
128,高级-2憎恶之洛夫套装(Lv.35),4,0,0,0,0,0,0,0,0,0,0,0,0,0,0,0,0,0,0,0,0,0,25,0,0,11,0,0,0,0,0,0,,4套装：+11致命一击
129,高级-2憎恶之洛夫套装(Lv.35),5,0,0,0,0,0,0,0,0,0,0,0,0,0,0,0,74,110,0,0,0,0,25,0,0,11,0,0,0,0,0,0,,5套装：+74护甲的物理，魔法护甲+110
130,高级-2憎恶之洛夫套装(Lv.35),6,0,0,18,14,0,0,0,0,0,0,0,0,0,0,0,74,110,0,0,0,0,25,0,0,11,0,0,0,0,0,0,,6.套装：+18智力，精神+14
131,高级-1憎恶之颈甲套装(Lv.35),2,0,0,0,0,0,0,0,0,0,0,0,0,0,0,0,0,0,0,0,0,0,0,0,0,0,0,0,0,0,0,0,,2套装：无
132,高级-1憎恶之颈甲套装(Lv.35),3,0,0,0,0,0,0,0,0,0,0,0,0,0,0,0,0,0,0,0,0,0,0,15,0,0,0,0,0,0,0,0,,3套装：+15闪避
133,高级-1憎恶之颈甲套装(Lv.35),4,0,0,0,0,0,0,0,0,0,0,0,0,0,0,0,0,0,0,0,0,0,0,15,0,0,0,0,0,70,0,0,,4套装：攻击速度+ 7％
134,高级-1憎恶之颈甲套装(Lv.35),5,0,0,0,0,0,0,0,0,0,0,0,0,0,0,0,92,92,0,0,0,0,0,15,0,0,0,0,0,70,0,0,,5套装：+92护甲的物理，魔法护甲+92
135,高级-1憎恶之颈甲套装(Lv.35),6,14,0,0,0,18,0,0,0,0,0,0,0,0,0,0,92,92,0,0,0,0,0,15,0,0,0,0,0,70,0,0,,6件：+14力量，+18敏捷
136,高级-2憎恶之颈甲套装(Lv.35),2,0,0,0,0,0,0,0,0,0,0,0,0,0,0,0,0,0,0,0,0,0,0,0,0,0,0,0,0,0,0,0,,2套装：无
137,高级-2憎恶之颈甲套装(Lv.35),3,0,0,0,0,0,0,0,0,0,0,0,0,0,0,0,0,0,0,0,0,0,25,0,0,0,0,0,0,0,0,0,,3套装：+25命中度
138,高级-2憎恶之颈甲套装(Lv.35),4,0,0,0,0,0,0,0,0,0,0,0,0,0,0,0,0,0,0,0,0,0,25,0,0,16,0,0,0,0,0,0,,4套装：+16致命一击
139,高级-2憎恶之颈甲套装(Lv.35),5,0,0,0,0,0,0,0,0,0,0,0,0,0,0,0,92,92,0,0,0,0,25,0,0,16,0,0,0,0,0,0,,5套装：+92护甲的物理，魔法护甲+92
140,高级-2憎恶之颈甲套装(Lv.35),6,11,0,0,0,21,0,0,0,0,0,0,0,0,0,0,92,92,0,0,0,0,25,0,0,16,0,0,0,0,0,0,,6件：+11力量，+21敏捷
141,高级-1憎恶之中等套装(Lv.35),2,0,0,0,0,0,0,0,0,0,0,0,0,0,0,0,0,0,0,0,0,0,0,0,0,0,0,0,0,0,0,0,,2套装：无
142,高级-1憎恶之中等套装(Lv.35),3,0,0,0,0,0,0,0,0,0,0,0,0,0,0,0,0,0,0,0,0,0,0,13,0,0,0,0,0,0,0,0,,3套装：+13闪避
143,高级-1憎恶之中等套装(Lv.35),4,0,0,0,0,0,0,0,0,0,0,0,0,0,0,0,0,0,0,0,0,0,0,13,23,0,0,0,0,0,0,0,,4套装：+23减少伤害
144,高级-1憎恶之中等套装(Lv.35),5,0,0,0,0,0,0,0,0,0,0,0,0,0,0,0,110,74,0,0,0,0,0,13,23,0,0,0,0,0,0,0,,5套装：+110护甲的物理，魔法护甲+74
145,高级-1憎恶之中等套装(Lv.35),6,11,21,0,0,0,0,0,0,0,0,0,0,0,0,0,110,74,0,0,0,0,0,13,23,0,0,0,0,0,0,0,,6件：+11力量，+21耐力
146,高级-2憎恶之中等套装(Lv.35),2,0,0,0,0,0,0,0,0,0,0,0,0,0,0,0,0,0,0,0,0,0,0,0,0,0,0,0,0,0,0,0,,2套装：无
147,高级-2憎恶之中等套装(Lv.35),3,0,0,0,0,0,0,0,0,0,0,0,0,0,0,0,0,0,0,0,0,0,25,0,0,0,0,0,0,0,0,0,,3套装：+25命中度
148,高级-2憎恶之中等套装(Lv.35),4,0,0,0,0,0,0,0,0,0,0,0,0,0,0,0,0,0,0,0,0,0,25,0,0,14,0,0,0,0,0,0,,4套装：+14致命一击
149,高级-2憎恶之中等套装(Lv.35),5,0,0,0,0,0,0,0,0,0,0,0,0,0,0,0,110,74,0,0,0,0,25,0,0,14,0,0,0,0,0,0,,5套装：+110护甲的物理，魔法护甲+74
150,高级-2憎恶之中等套装(Lv.35),6,18,14,0,0,0,0,0,0,0,0,0,0,0,0,0,110,74,0,0,0,0,25,0,0,14,0,0,0,0,0,0,,6件：+18力量，+14耐力
151,高级-1名誉之洛夫套装(Lv.40),2,0,0,0,0,0,0,0,0,0,0,0,0,0,0,0,0,0,0,0,0,0,0,0,0,0,0,0,0,0,0,0,,2套装：无
152,高级-1名誉之洛夫套装(Lv.40),3,0,0,0,0,0,0,0,0,0,67,0,0,0,0,0,0,0,0,0,0,0,0,0,0,0,0,0,0,0,0,0,,3套装：+67魔法值
153,高级-1名誉之洛夫套装(Lv.40),4,0,0,0,0,0,0,0,80,0,67,0,0,0,0,0,0,0,0,0,0,0,0,0,0,0,0,0,0,0,0,0,,4组：治疗+ 80
154,高级-1名誉之洛夫套装(Lv.40),5,0,0,0,0,0,0,0,80,0,67,0,0,0,0,0,84,126,0,0,0,0,0,0,0,0,0,0,0,0,0,0,,5套装：+84护甲的物理，魔法护甲+126
155,高级-1名誉之洛夫套装(Lv.40),6,0,16,0,20,0,0,0,80,0,67,0,0,0,0,0,84,126,0,0,0,0,0,0,0,0,0,0,0,0,0,0,,6.套装：+16耐力，+20精神
156,高级-2名誉之洛夫套装(Lv.40),2,0,0,0,0,0,0,0,0,0,0,0,0,0,0,0,0,0,0,0,0,0,0,0,0,0,0,0,0,0,0,0,,2套装：无
157,高级-2名誉之洛夫套装(Lv.40),3,0,0,0,0,0,0,0,0,0,0,0,0,0,0,0,0,0,0,0,0,0,30,0,0,0,0,0,0,0,0,0,,3套装：+30命中度
158,高级-2名誉之洛夫套装(Lv.40),4,0,0,0,0,0,0,0,0,0,0,0,0,0,0,0,0,0,0,0,0,0,30,0,0,14,0,0,0,0,0,0,,4套装：+14致命一击
159,高级-2名誉之洛夫套装(Lv.40),5,0,0,0,0,0,0,0,0,0,0,0,0,0,0,0,84,126,0,0,0,0,30,0,0,14,0,0,0,0,0,0,,5套装：+84护甲的物理，魔法护甲+126
160,高级-2名誉之洛夫套装(Lv.40),6,0,0,20,16,0,0,0,0,0,0,0,0,0,0,0,84,126,0,0,0,0,30,0,0,14,0,0,0,0,0,0,,6.套装：+20智力，精神+16
161,高级-1名誉之颈甲套装(Lv.40),2,0,0,0,0,0,0,0,0,0,0,0,0,0,0,0,0,0,0,0,0,0,0,0,0,0,0,0,0,0,0,0,,2套装：无
162,高级-1名誉之颈甲套装(Lv.40),3,0,0,0,0,0,0,0,0,0,0,0,0,0,0,0,0,0,0,0,0,0,0,20,0,0,0,0,0,0,0,0,,3套装：+20闪避
163,高级-1名誉之颈甲套装(Lv.40),4,0,0,0,0,0,0,0,0,0,0,0,0,0,0,0,0,0,0,0,0,0,0,20,0,0,0,0,0,80,0,0,,4套装：攻击速度+ 8％
164,高级-1名誉之颈甲套装(Lv.40),5,0,0,0,0,0,0,0,0,0,0,0,0,0,0,0,105,105,0,0,0,0,0,20,0,0,0,0,0,80,0,0,,5套装：+105护甲的物理，魔法护甲+105
165,高级-1名誉之颈甲套装(Lv.40),6,16,0,0,0,20,0,0,0,0,0,0,0,0,0,0,105,105,0,0,0,0,0,20,0,0,0,0,0,80,0,0,,6件：+16力量，+20敏捷
166,高级-2名誉之颈甲套装(Lv.40),2,0,0,0,0,0,0,0,0,0,0,0,0,0,0,0,0,0,0,0,0,0,0,0,0,0,0,0,0,0,0,0,,2套装：无
167,高级-2名誉之颈甲套装(Lv.40),3,0,0,0,0,0,0,0,0,0,0,0,0,0,0,0,0,0,0,0,0,0,30,0,0,0,0,0,0,0,0,0,,3套装：+30命中度
168,高级-2名誉之颈甲套装(Lv.40),4,0,0,0,0,0,0,0,0,0,0,0,0,0,0,0,0,0,0,0,0,0,30,0,0,18,0,0,0,0,0,0,,4套装：+18致命一击
169,高级-2名誉之颈甲套装(Lv.40),5,0,0,0,0,0,0,0,0,0,0,0,0,0,0,0,105,105,0,0,0,0,30,0,0,18,0,0,0,0,0,0,,5套装：+105护甲的物理，魔法护甲+105
170,高级-2名誉之颈甲套装(Lv.40),6,12,0,0,0,24,0,0,0,0,0,0,0,0,0,0,105,105,0,0,0,0,30,0,0,18,0,0,0,0,0,0,,6件：+12力量，+24敏捷
171,高级-1名誉之中等套装(Lv.40),2,0,0,0,0,0,0,0,0,0,0,0,0,0,0,0,0,0,0,0,0,0,0,0,0,0,0,0,0,0,0,0,,2套装：无
172,高级-1名誉之中等套装(Lv.40),3,0,0,0,0,0,0,0,0,0,0,0,0,0,0,0,0,0,0,0,0,0,0,18,0,0,0,0,0,0,0,0,,3套装：+18闪避
173,高级-1名誉之中等套装(Lv.40),4,0,0,0,0,0,0,0,0,0,0,0,0,0,0,0,0,0,0,0,0,0,0,18,27,0,0,0,0,0,0,0,,4套装：+27减少伤害
174,高级-1名誉之中等套装(Lv.40),5,0,0,0,0,0,0,0,0,0,0,0,0,0,0,0,126,84,0,0,0,0,0,18,27,0,0,0,0,0,0,0,,5套装：+126护甲的物理，魔法护甲+84
175,高级-1名誉之中等套装(Lv.40),6,12,24,0,0,0,0,0,0,0,0,0,0,0,0,0,126,84,0,0,0,0,0,18,27,0,0,0,0,0,0,0,,6件：+12力量，+24耐力
176,高级-2名誉之中等套装(Lv.40),2,0,0,0,0,0,0,0,0,0,0,0,0,0,0,0,0,0,0,0,0,0,0,0,0,0,0,0,0,0,0,0,,2套装：无
177,高级-2名誉之中等套装(Lv.40),3,0,0,0,0,0,0,0,0,0,0,0,0,0,0,0,0,0,0,0,0,0,30,0,0,0,0,0,0,0,0,0,,3套装：+30命中度
178,高级-2名誉之中等套装(Lv.40),4,0,0,0,0,0,0,0,0,0,0,0,0,0,0,0,0,0,0,0,0,0,30,0,0,15,0,0,0,0,0,0,,4套装：+15致命一击
179,高级-2名誉之中等套装(Lv.40),5,0,0,0,0,0,0,0,0,0,0,0,0,0,0,0,126,84,0,0,0,0,30,0,0,15,0,0,0,0,0,0,,5套装：+126护甲的物理，魔法护甲+84
180,高级-2名誉之中等套装(Lv.40),6,20,16,0,0,0,0,0,0,0,0,0,0,0,0,0,126,84,0,0,0,0,30,0,0,15,0,0,0,0,0,0,,6件：+20力量，+16耐力
181,高级-1名誉之洛夫套装(Lv.42),2,0,0,0,0,0,0,0,0,0,0,0,0,0,0,0,0,0,0,0,0,0,0,0,0,0,0,0,0,0,0,0,,2套装：无
182,高级-1名誉之洛夫套装(Lv.42),3,0,0,0,0,0,0,0,0,0,70,0,0,0,0,0,0,0,0,0,0,0,0,0,0,0,0,0,0,0,0,0,,3套装：+ 70点法力值
183,高级-1名誉之洛夫套装(Lv.42),4,0,0,0,0,0,0,0,90,0,70,0,0,0,0,0,0,0,0,0,0,0,0,0,0,0,0,0,0,0,0,0,,4组：治疗+90
184,高级-1名誉之洛夫套装(Lv.42),5,0,0,0,0,0,0,0,90,0,70,0,0,0,0,0,88,132,0,0,0,0,0,0,0,0,0,0,0,0,0,0,,5套装：+88护甲的物理，魔法护甲+132
185,高级-1名誉之洛夫套装(Lv.42),6,0,17,0,21,0,0,0,90,0,70,0,0,0,0,0,88,132,0,0,0,0,0,0,0,0,0,0,0,0,0,0,,6.套装：+17耐力，+21精神
186,高级-2名誉之洛夫套装(Lv.42),2,0,0,0,0,0,0,0,0,0,0,0,0,0,0,0,0,0,0,0,0,0,0,0,0,0,0,0,0,0,0,0,,2套装：无
187,高级-2名誉之洛夫套装(Lv.42),3,0,0,0,0,0,0,0,0,0,0,0,0,0,0,0,0,0,0,0,0,0,33,0,0,0,0,0,0,0,0,0,,3套装：+33命中度
188,高级-2名誉之洛夫套装(Lv.42),4,0,0,0,0,0,0,0,0,0,0,0,0,0,0,0,0,0,0,0,0,0,33,0,0,13,0,0,0,0,0,0,,4套装：+13致命一击
189,高级-2名誉之洛夫套装(Lv.42),5,0,0,0,0,0,0,0,0,0,0,0,0,0,0,0,88,132,0,0,0,0,33,0,0,13,0,0,0,0,0,0,,5套装：+88护甲的物理，魔法护甲+132
190,高级-2名誉之洛夫套装(Lv.42),6,0,0,21,17,0,0,0,0,0,0,0,0,0,0,0,88,132,0,0,0,0,33,0,0,13,0,0,0,0,0,0,,6.套装：+21智力，精神+17
191,高级-1名誉之颈甲套装(Lv.42),2,0,0,0,0,0,0,0,0,0,0,0,0,0,0,0,0,0,0,0,0,0,0,0,0,0,0,0,0,0,0,0,,2套装：无
192,高级-1名誉之颈甲套装(Lv.42),3,0,0,0,0,0,0,0,0,0,0,0,0,0,0,0,0,0,0,0,0,0,0,22,0,0,0,0,0,0,0,0,,3套装：+22闪避
193,高级-1名誉之颈甲套装(Lv.42),4,0,0,0,0,0,0,0,0,0,0,0,0,0,0,0,0,0,0,0,0,0,0,22,0,0,0,0,0,84,0,0,,4套装：攻击速度+ 8.4％
194,高级-1名誉之颈甲套装(Lv.42),5,0,0,0,0,0,0,0,0,0,0,0,0,0,0,0,110,110,0,0,0,0,0,22,0,0,0,0,0,84,0,0,,5套装：+110护甲的物理，魔法护甲+110
195,高级-1名誉之颈甲套装(Lv.42),6,17,0,0,0,21,0,0,0,0,0,0,0,0,0,0,110,110,0,0,0,0,0,22,0,0,0,0,0,84,0,0,,6件：+17力量，+21敏捷
196,高级-2名誉之颈甲套装(Lv.42),2,0,0,0,0,0,0,0,0,0,0,0,0,0,0,0,0,0,0,0,0,0,0,0,0,0,0,0,0,0,0,0,,2套装：无
197,高级-2名誉之颈甲套装(Lv.42),3,0,0,0,0,0,0,0,0,0,0,0,0,0,0,0,0,0,0,0,0,0,33,0,0,0,0,0,0,0,0,0,,3套装：+33命中度
198,高级-2名誉之颈甲套装(Lv.42),4,0,0,0,0,0,0,0,0,0,0,0,0,0,0,0,0,0,0,0,0,0,33,0,0,19,0,0,0,0,0,0,,4套装：+19致命一击
199,高级-2名誉之颈甲套装(Lv.42),5,0,0,0,0,0,0,0,0,0,0,0,0,0,0,0,110,110,0,0,0,0,33,0,0,19,0,0,0,0,0,0,,5套装：+110护甲的物理，魔法护甲+110
200,高级-2名誉之颈甲套装(Lv.42),6,13,0,0,0,25,0,0,0,0,0,0,0,0,0,0,110,110,0,0,0,0,33,0,0,19,0,0,0,0,0,0,,6件：+13力量，+25敏捷
201,高级-1名誉之中等套装(Lv.42),2,0,0,0,0,0,0,0,0,0,0,0,0,0,0,0,0,0,0,0,0,0,0,0,0,0,0,0,0,0,0,0,,2套装：无
202,高级-1名誉之中等套装(Lv.42),3,0,0,0,0,0,0,0,0,0,0,0,0,0,0,0,0,0,0,0,0,0,0,20,0,0,0,0,0,0,0,0,,3套装：+20闪避
203,高级-1名誉之中等套装(Lv.42),4,0,0,0,0,0,0,0,0,0,0,0,0,0,0,0,0,0,0,0,0,0,0,20,29,0,0,0,0,0,0,0,,4套装：+29减少伤害
204,高级-1名誉之中等套装(Lv.42),5,0,0,0,0,0,0,0,0,0,0,0,0,0,0,0,132,88,0,0,0,0,0,20,29,0,0,0,0,0,0,0,,5套装：+132护甲的物理，魔法护甲+88
205,高级-1名誉之中等套装(Lv.42),6,13,25,0,0,0,0,0,0,0,0,0,0,0,0,0,132,88,0,0,0,0,0,20,29,0,0,0,0,0,0,0,,6件：+13力量，+25耐力
206,高级-2名誉之中等套装(Lv.42),2,0,0,0,0,0,0,0,0,0,0,0,0,0,0,0,0,0,0,0,0,0,0,0,0,0,0,0,0,0,0,0,,2套装：无
207,高级-2名誉之中等套装(Lv.42),3,0,0,0,0,0,0,0,0,0,0,0,0,0,0,0,0,0,0,0,0,0,33,0,0,0,0,0,0,0,0,0,,3套装：+33命中度
208,高级-2名誉之中等套装(Lv.42),4,0,0,0,0,0,0,0,0,0,0,0,0,0,0,0,0,0,0,0,0,0,33,0,0,16,0,0,0,0,0,0,,4套装：+16致命一击
209,高级-2名誉之中等套装(Lv.42),5,0,0,0,0,0,0,0,0,0,0,0,0,0,0,0,132,88,0,0,0,0,33,0,0,16,0,0,0,0,0,0,,5套装：+132护甲的物理，魔法护甲+88
210,高级-2名誉之中等套装(Lv.42),6,21,17,0,0,0,0,0,0,0,0,0,0,0,0,0,132,88,0,0,0,0,33,0,0,16,0,0,0,0,0,0,,6件：+21力量，+17耐力
211,高级-1名誉之洛夫套装(Lv.45),2,0,0,0,0,0,0,0,0,0,0,0,0,0,0,0,0,0,0,0,0,0,0,0,0,0,0,0,0,0,0,0,,2套装：无
212,高级-1名誉之洛夫套装(Lv.45),3,0,0,0,0,0,0,0,0,0,75,0,0,0,0,0,0,0,0,0,0,0,0,0,0,0,0,0,0,0,0,0,,3套装：+75魔法值
213,高级-1名誉之洛夫套装(Lv.45),4,0,0,0,0,0,0,0,100,0,75,0,0,0,0,0,0,0,0,0,0,0,0,0,0,0,0,0,0,0,0,0,,4组：治疗+100
214,高级-1名誉之洛夫套装(Lv.45),5,0,0,0,0,0,0,0,100,0,75,0,0,0,0,0,95,142,0,0,0,0,0,0,0,0,0,0,0,0,0,0,,5套装：+95护甲的物理，魔法护甲+142
215,高级-1名誉之洛夫套装(Lv.45),6,0,18,0,23,0,0,0,100,0,75,0,0,0,0,0,95,142,0,0,0,0,0,0,0,0,0,0,0,0,0,0,,6.套装：+18耐力，+23精神
216,高级-2名誉之洛夫套装(Lv.45),2,0,0,0,0,0,0,0,0,0,0,0,0,0,0,0,0,0,0,0,0,0,0,0,0,0,0,0,0,0,0,0,,2套装：无
217,高级-2名誉之洛夫套装(Lv.45),3,0,0,0,0,0,0,0,0,0,0,0,0,0,0,0,0,0,0,0,0,0,38,0,0,0,0,0,0,0,0,0,,3套装：+38命中度
218,高级-2名誉之洛夫套装(Lv.45),4,0,0,0,0,0,0,0,0,0,0,0,0,0,0,0,0,0,0,0,0,0,38,0,0,14,0,0,0,0,0,0,,4套装：+14致命一击
219,高级-2名誉之洛夫套装(Lv.45),5,0,0,0,0,0,0,0,0,0,0,0,0,0,0,0,95,142,0,0,0,0,38,0,0,14,0,0,0,0,0,0,,5套装：+95护甲的物理，魔法护甲+142
220,高级-2名誉之洛夫套装(Lv.45),6,0,0,23,18,0,0,0,0,0,0,0,0,0,0,0,95,142,0,0,0,0,38,0,0,14,0,0,0,0,0,0,,6.套装：+23智力，精神+18
221,高级-1名誉之颈甲套装(Lv.45),2,0,0,0,0,0,0,0,0,0,0,0,0,0,0,0,0,0,0,0,0,0,0,0,0,0,0,0,0,0,0,0,,2套装：无
222,高级-1名誉之颈甲套装(Lv.45),3,0,0,0,0,0,0,0,0,0,0,0,0,0,0,0,0,0,0,0,0,0,0,24,0,0,0,0,0,0,0,0,,3套装：+24闪避
223,高级-1名誉之颈甲套装(Lv.45),4,0,0,0,0,0,0,0,0,0,0,0,0,0,0,0,0,0,0,0,0,0,0,24,0,0,0,0,0,90,0,0,,4套装：攻击速度+ 9％
224,高级-1名誉之颈甲套装(Lv.45),5,0,0,0,0,0,0,0,0,0,0,0,0,0,0,0,118,118,0,0,0,0,0,24,0,0,0,0,0,90,0,0,,5套装：+118护甲的物理，魔法护甲+118
225,高级-1名誉之颈甲套装(Lv.45),6,18,0,0,0,23,0,0,0,0,0,0,0,0,0,0,118,118,0,0,0,0,0,24,0,0,0,0,0,90,0,0,,6件：+18力量，+23敏捷
226,高级-2名誉之颈甲套装(Lv.45),2,0,0,0,0,0,0,0,0,0,0,0,0,0,0,0,0,0,0,0,0,0,0,0,0,0,0,0,0,0,0,0,,2套装：无
227,高级-2名誉之颈甲套装(Lv.45),3,0,0,0,0,0,0,0,0,0,0,0,0,0,0,0,0,0,0,0,0,0,38,0,0,0,0,0,0,0,0,0,,3套装：+38命中度
228,高级-2名誉之颈甲套装(Lv.45),4,0,0,0,0,0,0,0,0,0,0,0,0,0,0,0,0,0,0,0,0,0,38,0,0,21,0,0,0,0,0,0,,4套装：+21致命一击
229,高级-2名誉之颈甲套装(Lv.45),5,0,0,0,0,0,0,0,0,0,0,0,0,0,0,0,118,118,0,0,0,0,38,0,0,21,0,0,0,0,0,0,,5套装：+118护甲的物理，魔法护甲+118
230,高级-2名誉之颈甲套装(Lv.45),6,14,0,0,0,27,0,0,0,0,0,0,0,0,0,0,118,118,0,0,0,0,38,0,0,21,0,0,0,0,0,0,,6件：+14力量，+27敏捷
231,高级-1名誉之中等套装(Lv.45),2,0,0,0,0,0,0,0,0,0,0,0,0,0,0,0,0,0,0,0,0,0,0,0,0,0,0,0,0,0,0,0,,2套装：无
232,高级-1名誉之中等套装(Lv.45),3,0,0,0,0,0,0,0,0,0,0,0,0,0,0,0,0,0,0,0,0,0,0,22,0,0,0,0,0,0,0,0,,3套装：+22闪避
233,高级-1名誉之中等套装(Lv.45),4,0,0,0,0,0,0,0,0,0,0,0,0,0,0,0,0,0,0,0,0,0,0,22,30,0,0,0,0,0,0,0,,4套装：+30减少伤害
234,高级-1名誉之中等套装(Lv.45),5,0,0,0,0,0,0,0,0,0,0,0,0,0,0,0,142,95,0,0,0,0,0,22,30,0,0,0,0,0,0,0,,5套装：+142护甲的物理，魔法护甲+95
235,高级-1名誉之中等套装(Lv.45),6,14,27,0,0,0,0,0,0,0,0,0,0,0,0,0,142,95,0,0,0,0,0,22,30,0,0,0,0,0,0,0,,6件：+14力量，+27耐力
236,高级-2名誉之中等套装(Lv.45),2,0,0,0,0,0,0,0,0,0,0,0,0,0,0,0,0,0,0,0,0,0,0,0,0,0,0,0,0,0,0,0,,2套装：无
237,高级-2名誉之中等套装(Lv.45),3,0,0,0,0,0,0,0,0,0,0,0,0,0,0,0,0,0,0,0,0,0,38,0,0,0,0,0,0,0,0,0,,3套装：+38命中度
238,高级-2名誉之中等套装(Lv.45),4,0,0,0,0,0,0,0,0,0,0,0,0,0,0,0,0,0,0,0,0,0,38,0,0,17,0,0,0,0,0,0,,4套装：+17致命一击
239,高级-2名誉之中等套装(Lv.45),5,0,0,0,0,0,0,0,0,0,0,0,0,0,0,0,142,95,0,0,0,0,38,0,0,17,0,0,0,0,0,0,,5套装：+142护甲的物理，魔法护甲+95
240,高级-2名誉之中等套装(Lv.45),6,23,18,0,0,0,0,0,0,0,0,0,0,0,0,0,142,95,0,0,0,0,38,0,0,17,0,0,0,0,0,0,,6件：+23力量，+18耐力
241,高级-1名誉之洛夫套装(Lv.47),2,0,0,0,0,0,0,0,0,0,0,0,0,0,0,0,0,0,0,0,0,0,0,0,0,0,0,0,0,0,0,0,,2套装：无
242,高级-1名誉之洛夫套装(Lv.47),3,0,0,0,0,0,0,0,0,0,79,0,0,0,0,0,0,0,0,0,0,0,0,0,0,0,0,0,0,0,0,0,,3套装：+79魔法值
243,高级-1名誉之洛夫套装(Lv.47),4,0,0,0,0,0,0,0,110,0,79,0,0,0,0,0,0,0,0,0,0,0,0,0,0,0,0,0,0,0,0,0,,4组：治疗+110
244,高级-1名誉之洛夫套装(Lv.47),5,0,0,0,0,0,0,0,110,0,79,0,0,0,0,0,99,148,0,0,0,0,0,0,0,0,0,0,0,0,0,0,,5套装：+99护甲的物理，魔法护甲+148
245,高级-1名誉之洛夫套装(Lv.47),6,0,19,0,24,0,0,0,110,0,79,0,0,0,0,0,99,148,0,0,0,0,0,0,0,0,0,0,0,0,0,0,,6.套装：+19耐力+24精神
246,高级-2名誉之洛夫套装(Lv.47),2,0,0,0,0,0,0,0,0,0,0,0,0,0,0,0,0,0,0,0,0,0,0,0,0,0,0,0,0,0,0,0,,2套装：无
247,高级-2名誉之洛夫套装(Lv.47),3,0,0,0,0,0,0,0,0,0,0,0,0,0,0,0,0,0,0,0,0,0,42,0,0,0,0,0,0,0,0,0,,3套装：+42命中度
248,高级-2名誉之洛夫套装(Lv.47),4,0,0,0,0,0,0,0,0,0,0,0,0,0,0,0,0,0,0,0,0,0,42,0,0,15,0,0,0,0,0,0,,4套装：+15致命一击
249,高级-2名誉之洛夫套装(Lv.47),5,0,0,0,0,0,0,0,0,0,0,0,0,0,0,0,99,148,0,0,0,0,42,0,0,15,0,0,0,0,0,0,,5套装：+99护甲的物理，魔法护甲+148
250,高级-2名誉之洛夫套装(Lv.47),6,0,0,24,19,0,0,0,0,0,0,0,0,0,0,0,99,148,0,0,0,0,42,0,0,15,0,0,0,0,0,0,,6.套装：+24智力，精神+19
251,高级-1名誉之颈甲套装(Lv.47),2,0,0,0,0,0,0,0,0,0,0,0,0,0,0,0,0,0,0,0,0,0,0,0,0,0,0,0,0,0,0,0,,2套装：无
252,高级-1名誉之颈甲套装(Lv.47),3,0,0,0,0,0,0,0,0,0,0,0,0,0,0,0,0,0,0,0,0,0,0,26,0,0,0,0,0,0,0,0,,3套装：+26闪避
253,高级-1名誉之颈甲套装(Lv.47),4,0,0,0,0,0,0,0,0,0,0,0,0,0,0,0,0,0,0,0,0,0,0,26,0,0,0,0,0,94,0,0,,4套装：攻击速度+ 9.4％
254,高级-1名誉之颈甲套装(Lv.47),5,0,0,0,0,0,0,0,0,0,0,0,0,0,0,0,123,123,0,0,0,0,0,26,0,0,0,0,0,94,0,0,,5套装：+123护甲的物理，魔法护甲+123
255,高级-1名誉之颈甲套装(Lv.47),6,19,0,0,0,24,0,0,0,0,0,0,0,0,0,0,123,123,0,0,0,0,0,26,0,0,0,0,0,94,0,0,,6件：+19力量，+24敏捷
256,高级-2名誉之颈甲套装(Lv.47),2,0,0,0,0,0,0,0,0,0,0,0,0,0,0,0,0,0,0,0,0,0,0,0,0,0,0,0,0,0,0,0,,2套装：无
257,高级-2名誉之颈甲套装(Lv.47),3,0,0,0,0,0,0,0,0,0,0,0,0,0,0,0,0,0,0,0,0,0,42,0,0,0,0,0,0,0,0,0,,3套装：+42命中度
258,高级-2名誉之颈甲套装(Lv.47),4,0,0,0,0,0,0,0,0,0,0,0,0,0,0,0,0,0,0,0,0,0,0,0,0,22,0,0,0,0,0,0,,4套装：+22致命一击
259,高级-2名誉之颈甲套装(Lv.47),5,0,0,0,0,0,0,0,0,0,0,0,0,0,0,0,123,123,0,0,0,0,0,0,0,0,0,0,0,0,0,0,,5套装：+123护甲的物理，魔法护甲+123
260,高级-2名誉之颈甲套装(Lv.47),6,14,0,0,0,28,0,0,0,0,0,0,0,0,0,0,0,0,0,0,0,0,0,0,0,0,0,0,0,0,0,0,,6件：+14力量，+28敏捷
261,高级-1名誉之中等套装(Lv.47),2,0,0,0,0,0,0,0,0,0,0,0,0,0,0,0,0,0,0,0,0,0,0,0,0,0,0,0,0,0,0,0,,2套装：无
262,高级-1名誉之中等套装(Lv.47),3,0,0,0,0,0,0,0,0,0,0,0,0,0,0,0,0,0,0,0,0,0,0,24,0,0,0,0,0,0,0,0,,3套装：+24闪避
263,高级-1名誉之中等套装(Lv.47),4,0,0,0,0,0,0,0,0,0,0,0,0,0,0,0,0,0,0,0,0,0,0,24,32,0,0,0,0,0,0,0,,4套装：+32减少伤害
264,高级-1名誉之中等套装(Lv.47),5,0,0,0,0,0,0,0,0,0,0,0,0,0,0,0,148,99,0,0,0,0,0,24,32,0,0,0,0,0,0,0,,5套装：+148护甲的物理，魔法护甲+99
265,高级-1名誉之中等套装(Lv.47),6,14,28,0,0,0,0,0,0,0,0,0,0,0,0,0,148,99,0,0,0,0,0,24,32,0,0,0,0,0,0,0,,6件：+14力量，+28耐力
266,高级-2名誉之中等套装(Lv.47),2,0,0,0,0,0,0,0,0,0,0,0,0,0,0,0,0,0,0,0,0,0,0,0,0,0,0,0,0,0,0,0,,2套装：无
267,高级-2名誉之中等套装(Lv.47),3,0,0,0,0,0,0,0,0,0,0,0,0,0,0,0,0,0,0,0,0,0,42,0,0,0,0,0,0,0,0,0,,3套装：+42命中度
268,高级-2名誉之中等套装(Lv.47),4,0,0,0,0,0,0,0,0,0,0,0,0,0,0,0,0,0,0,0,0,0,42,0,0,18,0,0,0,0,0,0,,4套装：+18致命一击
269,高级-2名誉之中等套装(Lv.47),5,0,0,0,0,0,0,0,0,0,0,0,0,0,0,0,148,99,0,0,0,0,42,0,0,18,0,0,0,0,0,0,,5套装：+148护甲的物理，魔法护甲+99
270,高级-2名誉之中等套装(Lv.47),6,24,19,0,0,0,0,0,0,0,0,0,0,0,0,0,148,99,0,0,0,0,42,0,0,18,0,0,0,0,0,0,,6件：+24力量，+19耐力
271,高级-1名誉之洛夫套装(Lv.50),2,0,0,0,0,0,0,0,0,0,0,0,0,0,0,0,0,0,0,0,0,0,0,0,0,0,0,0,0,0,0,0,,2套装：无
272,高级-1名誉之洛夫套装(Lv.50),3,0,0,0,0,0,0,0,0,0,84,0,0,0,0,0,0,0,0,0,0,0,0,0,0,0,0,0,0,0,0,0,,3套装：+84魔法值
273,高级-1名誉之洛夫套装(Lv.50),4,0,0,0,0,0,0,0,120,0,84,0,0,0,0,0,0,0,0,0,0,0,0,0,0,0,0,0,0,0,0,0,,4组：治疗+ 120
274,高级-1名誉之洛夫套装(Lv.50),5,0,0,0,0,0,0,0,120,0,84,0,0,0,0,0,105,158,0,0,0,0,0,0,0,0,0,0,0,0,0,0,,5套装：+105护甲的物理，魔法护甲+158
275,高级-1名誉之洛夫套装(Lv.50),6,0,20,0,25,0,0,0,120,0,84,0,0,0,0,0,105,158,0,0,0,0,0,0,0,0,0,0,0,0,0,0,,6.套装：+20耐力，+25精神
276,高级-2名誉之洛夫套装(Lv.50),2,0,0,0,0,0,0,0,0,0,0,0,0,0,0,0,0,0,0,0,0,0,0,0,0,0,0,0,0,0,0,0,,2套装：无
277,高级-2名誉之洛夫套装(Lv.50),3,0,0,0,0,0,0,0,0,0,0,0,0,0,0,0,0,0,0,0,0,0,45,0,0,0,0,0,0,0,0,0,,3套装：+45命中度
278,高级-2名誉之洛夫套装(Lv.50),4,0,0,0,0,0,0,0,0,0,0,0,0,0,0,0,0,0,0,0,0,0,45,0,0,15,0,0,0,0,0,0,,4套装：+15致命一击
279,高级-2名誉之洛夫套装(Lv.50),5,0,0,0,0,0,0,0,0,0,0,0,0,0,0,0,105,158,0,0,0,0,45,0,0,15,0,0,0,0,0,0,,5套装：+105护甲的物理，魔法护甲+158
280,高级-2名誉之洛夫套装(Lv.50),6,0,0,25,20,0,0,0,0,0,0,0,0,0,0,0,105,158,0,0,0,0,45,0,0,15,0,0,0,0,0,0,,6.套装：+25智力，精神+20
281,高级-1名誉之颈甲套装(Lv.50),2,0,0,0,0,0,0,0,0,0,0,0,0,0,0,0,0,0,0,0,0,0,0,0,0,0,0,0,0,0,0,0,,2套装：无
282,高级-1名誉之颈甲套装(Lv.50),3,0,0,0,0,0,0,0,0,0,0,0,0,0,0,0,0,0,0,0,0,0,0,28,0,0,0,0,0,0,0,0,,3套装：+28闪避
283,高级-1名誉之颈甲套装(Lv.50),4,0,0,0,0,0,0,0,0,0,0,0,0,0,0,0,0,0,0,0,0,0,0,28,0,0,0,0,0,100,0,0,,4套装：攻击速度+ 10％
284,高级-1名誉之颈甲套装(Lv.50),5,0,0,0,0,0,0,0,0,0,0,0,0,0,0,0,131,131,0,0,0,0,0,28,0,0,0,0,0,100,0,0,,5套装：+131护甲的物理，魔法护甲+131
285,高级-1名誉之颈甲套装(Lv.50),6,20,0,0,0,25,0,0,0,0,0,0,0,0,0,0,131,131,0,0,0,0,0,28,0,0,0,0,0,100,0,0,,6件：+20力量，+25敏捷
286,高级-2名誉之颈甲套装(Lv.50),2,0,0,0,0,0,0,0,0,0,0,0,0,0,0,0,0,0,0,0,0,0,0,0,0,0,0,0,0,0,0,0,,2套装：无
287,高级-2名誉之颈甲套装(Lv.50),3,0,0,0,0,0,0,0,0,0,0,0,0,0,0,0,0,0,0,0,0,0,45,0,0,0,0,0,0,0,0,0,,3套装：+45命中度
288,高级-2名誉之颈甲套装(Lv.50),4,0,0,0,0,0,0,0,0,0,0,0,0,0,0,0,0,0,0,0,0,0,45,0,0,23,0,0,0,0,0,0,,4套装：+23致命一击
289,高级-2名誉之颈甲套装(Lv.50),5,0,0,0,0,0,0,0,0,0,0,0,0,0,0,0,131,131,0,0,0,0,45,0,0,23,0,0,0,0,0,0,,5套装：+131护甲的物理，魔法护甲+131
290,高级-2名誉之颈甲套装(Lv.50),6,15,0,0,0,30,0,0,0,0,0,0,0,0,0,0,131,131,0,0,0,0,45,0,0,23,0,0,0,0,0,0,,6件：+15力量，+30敏捷
291,高级-1名誉之中等套装(Lv.50),2,0,0,0,0,0,0,0,0,0,0,0,0,0,0,0,0,0,0,0,0,0,0,0,0,0,0,0,0,0,0,0,,2套装：无
292,高级-1名誉之中等套装(Lv.50),3,0,0,0,0,0,0,0,0,0,0,0,0,0,0,0,0,0,0,0,0,0,0,26,0,0,0,0,0,0,0,0,,3套装：+26闪避
293,高级-1名誉之中等套装(Lv.50),4,0,0,0,0,0,0,0,0,0,0,0,0,0,0,0,0,0,0,0,0,0,0,26,34,0,0,0,0,0,0,0,,4套装：+34减少伤害
294,高级-1名誉之中等套装(Lv.50),5,0,0,0,0,0,0,0,0,0,0,0,0,0,0,0,158,105,0,0,0,0,0,26,34,0,0,0,0,0,0,0,,5套装：+158护甲的物理，魔法护甲+105
295,高级-1名誉之中等套装(Lv.50),6,15,30,0,0,0,0,0,0,0,0,0,0,0,0,0,158,105,0,0,0,0,0,26,34,0,0,0,0,0,0,0,,6件：+15力量，+30耐力
296,高级-2名誉之中等套装(Lv.50),2,0,0,0,0,0,0,0,0,0,0,0,0,0,0,0,0,0,0,0,0,0,0,0,0,0,0,0,0,0,0,0,,2套装：无
297,高级-2名誉之中等套装(Lv.50),3,0,0,0,0,0,0,0,0,0,0,0,0,0,0,0,0,0,0,0,0,0,45,0,0,0,0,0,0,0,0,0,,3套装：+45命中度
298,高级-2名誉之中等套装(Lv.50),4,0,0,0,0,0,0,0,0,0,0,0,0,0,0,0,0,0,0,0,0,0,45,0,0,19,0,0,0,0,0,0,,4套装：+19致命一击
299,高级-2名誉之中等套装(Lv.50),5,0,0,0,0,0,0,0,0,0,0,0,0,0,0,0,158,105,0,0,0,0,45,0,0,19,0,0,0,0,0,0,,5套装：+158护甲的物理，魔法护甲+105
300,高级-2名誉之中等套装(Lv.50),6,25,20,0,0,0,0,0,0,0,0,0,0,0,0,0,158,105,0,0,0,0,45,0,0,19,0,0,0,0,0,0,,6件：+25力量，+20耐力
301,高级-1名誉之洛夫套装(Lv.52),2,0,0,0,0,0,0,0,0,0,0,0,0,0,0,0,0,0,0,0,0,0,0,0,0,0,0,0,0,0,0,0,,2套装：无
302,高级-1名誉之洛夫套装(Lv.52),3,0,0,0,0,0,0,0,0,0,87,0,0,0,0,0,0,0,0,0,0,0,0,0,0,0,0,0,0,0,0,0,,3套装：+87魔法值
303,高级-1名誉之洛夫套装(Lv.52),4,0,0,0,0,0,0,0,130,0,87,0,0,0,0,0,0,0,0,0,0,0,0,0,0,0,0,0,0,0,0,0,,4组：治疗+ 130
304,高级-1名誉之洛夫套装(Lv.52),5,0,0,0,0,0,0,0,130,0,87,0,0,0,0,0,109,164,0,0,0,0,0,0,0,0,0,0,0,0,0,0,,5套装：+109护甲的物理，魔法护甲+164
305,高级-1名誉之洛夫套装(Lv.52),6,0,21,0,26,0,0,0,130,0,87,0,0,0,0,0,109,164,0,0,0,0,0,0,0,0,0,0,0,0,0,0,,6.套装：+21耐力+26精神
306,高级-2名誉之洛夫套装(Lv.52),2,0,0,0,0,0,0,0,0,0,0,0,0,0,0,0,0,0,0,0,0,0,0,0,0,0,0,0,0,0,0,0,,2套装：无
307,高级-2名誉之洛夫套装(Lv.52),3,0,0,0,0,0,0,0,0,0,0,0,0,0,0,0,0,0,0,0,0,0,48,0,0,0,0,0,0,0,0,0,,3套装：+48命中度
308,高级-2名誉之洛夫套装(Lv.52),4,0,0,0,0,0,0,0,0,0,0,0,0,0,0,0,0,0,0,0,0,0,48,0,0,16,0,0,0,0,0,0,,4套装：+16致命一击
309,高级-2名誉之洛夫套装(Lv.52),5,0,0,0,0,0,0,0,0,0,0,0,0,0,0,0,109,164,0,0,0,0,48,0,0,16,0,0,0,0,0,0,,5套装：+109护甲的物理，魔法护甲+164
310,高级-2名誉之洛夫套装(Lv.52),6,0,0,26,21,0,0,0,0,0,0,0,0,0,0,0,109,164,0,0,0,0,48,0,0,16,0,0,0,0,0,0,,6.套装：+26智力，精神+21
311,高级-1名誉之颈甲套装(Lv.52),2,0,0,0,0,0,0,0,0,0,0,0,0,0,0,0,0,0,0,0,0,0,0,0,0,0,0,0,0,0,0,0,,2套装：无
312,高级-1名誉之颈甲套装(Lv.52),3,0,0,0,0,0,0,0,0,0,0,0,0,0,0,0,0,0,0,0,0,0,0,31,0,0,0,0,0,0,0,0,,3套装：+31闪避
313,高级-1名誉之颈甲套装(Lv.52),4,0,0,0,0,0,0,0,0,0,0,0,0,0,0,0,0,0,0,0,0,0,0,31,0,0,0,0,0,104,0,0,,4套装：攻击速度+ 10.4％
314,高级-1名誉之颈甲套装(Lv.52),5,0,0,0,0,0,0,0,0,0,0,0,0,0,0,0,137,137,0,0,0,0,0,31,0,0,0,0,0,104,0,0,,5套装：+137护甲的物理，魔法护甲+137
315,高级-1名誉之颈甲套装(Lv.52),6,21,0,0,0,26,0,0,0,0,0,0,0,0,0,0,137,137,0,0,0,0,0,31,0,0,0,0,0,104,0,0,,6件：+21力量，+26敏捷
316,高级-2名誉之颈甲套装(Lv.52),2,0,0,0,0,0,0,0,0,0,0,0,0,0,0,0,0,0,0,0,0,0,0,0,0,0,0,0,0,0,0,0,,2套装：无
317,高级-2名誉之颈甲套装(Lv.52),3,0,0,0,0,0,0,0,0,0,0,0,0,0,0,0,0,0,0,0,0,0,48,0,0,0,0,0,0,0,0,0,,3套装：+48命中度
318,高级-2名誉之颈甲套装(Lv.52),4,0,0,0,0,0,0,0,0,0,0,0,0,0,0,0,0,0,0,0,0,0,48,0,0,24,0,0,0,0,0,0,,4套装：+24致命一击
319,高级-2名誉之颈甲套装(Lv.52),5,0,0,0,0,0,0,0,0,0,0,0,0,0,0,0,137,137,0,0,0,0,48,0,0,24,0,0,0,0,0,0,,5套装：+137护甲的物理，魔法护甲+137
320,高级-2名誉之颈甲套装(Lv.52),6,16,0,0,0,31,0,0,0,0,0,0,0,0,0,0,137,137,0,0,0,0,48,0,0,24,0,0,0,0,0,0,,6件：+16力量，+31敏捷
321,高级-1名誉之中等套装(Lv.52),2,0,0,0,0,0,0,0,0,0,0,0,0,0,0,0,0,0,0,0,0,0,0,0,0,0,0,0,0,0,0,0,,2套装：无
322,高级-1名誉之中等套装(Lv.52),3,0,0,0,0,0,0,0,0,0,0,0,0,0,0,0,0,0,0,0,0,0,0,29,0,0,0,0,0,0,0,0,,3套装：+29闪避
323,高级-1名誉之中等套装(Lv.52),4,0,0,0,0,0,0,0,0,0,0,0,0,0,0,0,0,0,0,0,0,0,0,29,35,0,0,0,0,0,0,0,,4套装：+35减少伤害
324,高级-1名誉之中等套装(Lv.52),5,0,0,0,0,0,0,0,0,0,0,0,0,0,0,0,164,109,0,0,0,0,0,29,35,0,0,0,0,0,0,0,,5套装：+164护甲的物理，魔法护甲+109
325,高级-1名誉之中等套装(Lv.52),6,16,31,0,0,0,0,0,0,0,0,0,0,0,0,0,164,109,0,0,0,0,0,29,35,0,0,0,0,0,0,0,,6件：+16力量，+31耐力
326,高级-2名誉之中等套装(Lv.52),2,0,0,0,0,0,0,0,0,0,0,0,0,0,0,0,0,0,0,0,0,0,0,0,0,0,0,0,0,0,0,0,,2套装：无
327,高级-2名誉之中等套装(Lv.52),3,0,0,0,0,0,0,0,0,0,0,0,0,0,0,0,0,0,0,0,0,0,48,0,0,0,0,0,0,0,0,0,,3套装：+48命中度
328,高级-2名誉之中等套装(Lv.52),4,0,0,0,0,0,0,0,0,0,0,0,0,0,0,0,0,0,0,0,0,0,48,0,0,20,0,0,0,0,0,0,,4套装：+20致命一击
329,高级-2名誉之中等套装(Lv.52),5,0,0,0,0,0,0,0,0,0,0,0,0,0,0,0,164,109,0,0,0,0,48,0,0,20,0,0,0,0,0,0,,5套装：+164护甲的物理，魔法护甲+109
330,高级-2名誉之中等套装(Lv.52),6,26,21,0,0,0,0,0,0,0,0,0,0,0,0,0,164,109,0,0,0,0,48,0,0,20,0,0,0,0,0,0,,6件：+26力量，+21耐力
331,高级-1名誉之洛夫套装(Lv.55),2,0,0,0,0,0,0,0,0,0,0,0,0,0,0,0,0,0,0,0,0,0,0,0,0,0,0,0,0,0,0,0,,2套装：无
332,高级-1名誉之洛夫套装(Lv.55),3,0,0,0,0,0,0,0,0,0,92,0,0,0,0,0,0,0,0,0,0,0,0,0,0,0,0,0,0,0,0,0,,3套装：+92魔法值
333,高级-1名誉之洛夫套装(Lv.55),4,0,0,0,0,0,0,0,140,0,92,0,0,0,0,0,0,0,0,0,0,0,0,0,0,0,0,0,0,0,0,0,,4组：治疗+140
334,高级-1名誉之洛夫套装(Lv.55),5,0,0,0,0,0,0,0,140,0,92,0,0,0,0,0,116,173,0,0,0,0,0,0,0,0,0,0,0,0,0,0,,5套装：+116护甲的物理，魔法护甲+173
335,高级-1名誉之洛夫套装(Lv.55),6,0,22,0,28,0,0,0,140,0,92,0,0,0,0,0,116,173,0,0,0,0,0,0,0,0,0,0,0,0,0,0,,6.套装：+22耐力，+28精神
336,高级-2名誉之洛夫套装(Lv.55),2,0,0,0,0,0,0,0,0,0,0,0,0,0,0,0,0,0,0,0,0,0,0,0,0,0,0,0,0,0,0,0,,2套装：无
337,高级-2名誉之洛夫套装(Lv.55),3,0,0,0,0,0,0,0,0,0,0,0,0,0,0,0,0,0,0,0,0,0,52,0,0,0,0,0,0,0,0,0,,3套装：+52命中度
338,高级-2名誉之洛夫套装(Lv.55),4,0,0,0,0,0,0,0,0,0,0,0,0,0,0,0,0,0,0,0,0,0,52,0,0,17,0,0,0,0,0,0,,4套装：+17致命一击
339,高级-2名誉之洛夫套装(Lv.55),5,0,0,0,0,0,0,0,0,0,0,0,0,0,0,0,116,173,0,0,0,0,52,0,0,17,0,0,0,0,0,0,,5套装：+116护甲的物理，魔法护甲+173
340,高级-2名誉之洛夫套装(Lv.55),6,0,0,28,22,0,0,0,0,0,0,0,0,0,0,0,116,173,0,0,0,0,52,0,0,17,0,0,0,0,0,0,,6.套装：+28智力，精神+22
341,高级-1名誉之颈甲套装(Lv.55),2,0,0,0,0,0,0,0,0,0,0,0,0,0,0,0,0,0,0,0,0,0,0,0,0,0,0,0,0,0,0,0,,2套装：无
342,高级-1名誉之颈甲套装(Lv.55),3,0,0,0,0,0,0,0,0,0,0,0,0,0,0,0,0,0,0,0,0,0,0,34,0,0,0,0,0,0,0,0,,3套装：+34闪避
343,高级-1名誉之颈甲套装(Lv.55),4,0,0,0,0,0,0,0,0,0,0,0,0,0,0,0,0,0,0,0,0,0,0,34,0,0,0,0,0,110,0,0,,4套装：攻击速度+ 11％
344,高级-1名誉之颈甲套装(Lv.55),5,0,0,0,0,0,0,0,0,0,0,0,0,0,0,0,144,144,0,0,0,0,0,34,0,0,0,0,0,110,0,0,,5套装：+144护甲的物理，魔法护甲+144
345,高级-1名誉之颈甲套装(Lv.55),6,22,0,0,0,28,0,0,0,0,0,0,0,0,0,0,144,144,0,0,0,0,0,34,0,0,0,0,0,110,0,0,,6件：+22力量，+28敏捷
346,高级-2名誉之颈甲套装(Lv.55),2,0,0,0,0,0,0,0,0,0,0,0,0,0,0,0,0,0,0,0,0,0,0,0,0,0,0,0,0,0,0,0,,2套装：无
347,高级-2名誉之颈甲套装(Lv.55),3,0,0,0,0,0,0,0,0,0,0,0,0,0,0,0,0,0,0,0,0,0,52,0,0,0,0,0,0,0,0,0,,3套装：+52命中度
348,高级-2名誉之颈甲套装(Lv.55),4,0,0,0,0,0,0,0,0,0,0,0,0,0,0,0,0,0,0,0,0,0,52,0,0,25,0,0,0,0,0,0,,4套装：+25致命一击
349,高级-2名誉之颈甲套装(Lv.55),5,0,0,0,0,0,0,0,0,0,0,0,0,0,0,0,144,144,0,0,0,0,52,0,0,25,0,0,0,0,0,0,,5套装：+144护甲的物理，魔法护甲+144
350,高级-2名誉之颈甲套装(Lv.55),6,17,0,0,0,33,0,0,0,0,0,0,0,0,0,0,144,144,0,0,0,0,52,0,0,25,0,0,0,0,0,0,,6件：+17力量，+33敏捷
351,高级-1名誉之中等套装(Lv.55),2,0,0,0,0,0,0,0,0,0,0,0,0,0,0,0,0,0,0,0,0,0,0,0,0,0,0,0,0,0,0,0,,2套装：无
352,高级-1名誉之中等套装(Lv.55),3,0,0,0,0,0,0,0,0,0,0,0,0,0,0,0,0,0,0,0,0,0,0,32,0,0,0,0,0,0,0,0,,3套装：+32闪避
353,高级-1名誉之中等套装(Lv.55),4,0,0,0,0,0,0,0,0,0,0,0,0,0,0,0,0,0,0,0,0,0,0,32,37,0,0,0,0,0,0,0,,4套装：+37减少伤害
354,高级-1名誉之中等套装(Lv.55),5,0,0,0,0,0,0,0,0,0,0,0,0,0,0,0,173,116,0,0,0,0,0,32,37,0,0,0,0,0,0,0,,5套装：+173护甲的物理，魔法护甲+116
355,高级-1名誉之中等套装(Lv.55),6,17,33,0,0,0,0,0,0,0,0,0,0,0,0,0,173,116,0,0,0,0,0,32,37,0,0,0,0,0,0,0,,6件：+17力量，+33耐力
356,高级-2名誉之中等套装(Lv.55),2,0,0,0,0,0,0,0,0,0,0,0,0,0,0,0,0,0,0,0,0,0,0,0,0,0,0,0,0,0,0,0,,2套装：无
357,高级-2名誉之中等套装(Lv.55),3,0,0,0,0,0,0,0,0,0,0,0,0,0,0,0,0,0,0,0,0,0,52,0,0,0,0,0,0,0,0,0,,3套装：+52命中度
358,高级-2名誉之中等套装(Lv.55),4,0,0,0,0,0,0,0,0,0,0,0,0,0,0,0,0,0,0,0,0,0,52,0,0,21,0,0,0,0,0,0,,4套装：+21致命一击
359,高级-2名誉之中等套装(Lv.55),5,0,0,0,0,0,0,0,0,0,0,0,0,0,0,0,173,116,0,0,0,0,52,0,0,21,0,0,0,0,0,0,,5套装：+173护甲的物理，魔法护甲+116
360,高级-2名誉之中等套装(Lv.55),6,28,22,0,0,0,0,0,0,0,0,0,0,0,0,0,173,116,0,0,0,0,52,0,0,21,0,0,0,0,0,0,,6件：+28力量，+22耐力
361,高级-平凡的光之化身套装(1次),2,0,0,0,0,0,0,0,0,0,0,0,0,0,0,0,0,0,0,0,0,0,0,0,0,0,0,0,0,0,0,0,,2套装：无
362,高级-平凡的光之化身套装(1次),3,0,0,0,0,0,0,0,0,0,0,0,0,0,0,0,0,0,0,0,0,0,0,0,0,0,0,0,0,0,0,0,,3套装：无
363,高级-平凡的光之化身套装(1次),4,0,0,0,0,0,0,0,0,0,0,0,0,0,0,0,0,0,0,0,0,0,0,0,0,0,0,0,0,0,0,0,,4套装：无
364,高级-平凡的光之化身套装(1次),5,0,0,0,0,0,0,0,10,0,0,0,0,0,0,0,0,0,0,0,0,0,0,0,0,0,0,0,0,0,0,0,,5套装：治疗+10
365,高级-平凡的光之化身套装(1次),6,0,0,0,0,0,0,0,10,0,0,0,0,0,0,0,0,0,0,0,0,0,0,0,0,0,0,0,0,5,50,0,,6.套装：攻击速度0.5％，移动速度1％
366,高级-时髦的光之化身套装(1次),2,0,0,0,0,0,0,0,20,0,0,0,0,0,0,0,0,0,0,0,0,0,0,0,0,0,0,0,0,0,0,0,,2件：+20治疗
367,高级-时髦的光之化身套装(1次),3,0,0,0,0,0,0,0,20,0,0,0,0,0,0,0,0,0,0,0,0,0,0,0,0,0,20,0,0,0,0,0,,3套装：+20攻击无视防御
368,高级-时髦的光之化身套装(1次),4,0,0,0,0,0,0,0,20,0,0,0,0,0,0,0,0,0,0,0,0,0,0,0,0,20,20,0,0,0,0,0,,4套装：+20致命一击
369,高级-时髦的光之化身套装(1次),5,0,0,0,0,0,0,0,20,0,0,0,0,0,0,0,0,0,0,0,0,0,0,0,0,20,20,0.5,0.5,0,0,0,,套装5：PVP攻击0.5％，PVP防御0.5％
370,高级-时髦的光之化身套装(1次),6,0,0,0,0,0,0,0,20,0,0,0,0,0,0,0,0,0,0,0,0,0,0,0,0,20,20,0.5,0.5,15,100,0,,6.套装：1.5％攻击速度，2％移动速度
371,高级-稀有的光之化身套装(1次),2,0,0,0,0,0,0,0,30,0,0,0,0,0,0,0,0,0,0,0,0,0,0,0,0,0,0,0,0,0,0,0,,2件：+30治疗
372,高级-稀有的光之化身套装(1次),3,0,0,0,0,0,0,0,30,0,0,0,0,0,0,0,0,0,0,0,0,0,0,0,0,0,40,0,0,0,0,0,,3套装：+40攻击无视防御
373,高级-稀有的光之化身套装(1次),4,0,0,0,0,0,0,0,30,0,0,0,0,0,0,0,0,0,0,0,0,0,0,0,0,20,40,0,0,0,0,0,,4套装：+20致命一击
374,高级-稀有的光之化身套装(1次),5,0,0,0,0,0,0,0,30,0,0,0,0,0,0,0,0,0,0,0,0,0,0,0,0,20,40,1,1,0,0,0,,套装5：PVP攻击1％，PVP防御1％
375,高级-稀有的光之化身套装(1次),6,0,0,0,0,0,0,0,30,0,0,0,0,0,0,0,0,0,0,0,0,0,0,0,0,20,40,1,1,30,150,0,,6.套装：3％的攻击速度，3％的移动速度
376,高级-平凡的火之化身套装(2次),2,0,0,0,0,0,0,0,0,0,0,0,0,0,0,0,0,0,0,0,0,0,0,0,0,0,0,0,0,0,0,0,,2套装：无
377,高级-平凡的火之化身套装(2次),3,0,0,0,0,0,0,0,0,0,0,0,0,0,0,0,0,0,0,0,0,0,0,0,0,0,0,0,0,0,0,0,,3套装：无
378,高级-平凡的火之化身套装(2次),4,0,0,0,0,0,0,0,0,0,0,0,0,0,0,0,0,0,0,0,0,0,0,0,0,0,0,0,0,0,0,0,,4套装：无
379,高级-平凡的火之化身套装(2次),5,0,0,0,0,0,0,0,10,0,0,0,0,0,0,0,0,0,0,0,0,0,0,0,0,0,0,0,0,0,0,0,,5套装：治疗+10
380,高级-平凡的火之化身套装(2次),6,0,0,0,0,0,0,0,10,0,0,0,0,0,0,0,0,0,0,0,0,0,0,0,0,0,0,0,0,5,50,0,,6.套装：攻击速度0.5％，移动速度1％
381,高级-时髦的火之化身套装(2次),2,0,0,0,0,0,0,0,20,0,0,0,0,0,0,0,0,0,0,0,0,0,0,0,0,0,0,0,0,0,0,0,,2件：+20治疗
382,高级-时髦的火之化身套装(2次),3,0,0,0,0,0,0,0,20,0,0,0,0,0,0,0,0,0,0,0,0,0,0,0,0,0,20,0,0,0,0,0,,3套装：+20攻击无视防御
383,高级-时髦的火之化身套装(2次),4,0,0,0,0,0,0,0,20,0,0,0,0,0,0,0,0,0,0,0,0,0,0,0,0,20,20,0,0,0,0,0,,4套装：+20致命一击
384,高级-时髦的火之化身套装(2次),5,0,0,0,0,0,0,0,20,0,0,0,0,0,0,0,0,0,0,0,0,0,0,0,0,20,20,0.5,0.5,0,0,0,,套装5：PVP攻击0.5％，PVP防御0.5％
385,高级-时髦的火之化身套装(2次),6,0,0,0,0,0,0,0,20,0,0,0,0,0,0,0,0,0,0,0,0,0,0,0,0,20,20,0.5,0.5,15,100,0,,6.套装：1.5％攻击速度，2％移动速度
386,高级-稀有的火之化身套装(2次),2,0,0,0,0,0,0,0,30,0,0,0,0,0,0,0,0,0,0,0,0,0,0,0,0,0,0,0,0,0,0,0,,2件：+30治疗
387,高级-稀有的火之化身套装(2次),3,0,0,0,0,0,0,0,30,0,0,0,0,0,0,0,0,0,0,0,0,0,0,0,0,0,40,0,0,0,0,0,,3套装：+40攻击无视防御
388,高级-稀有的火之化身套装(2次),4,0,0,0,0,0,0,0,30,0,0,0,0,0,0,0,0,0,0,0,0,0,0,0,0,20,40,0,0,0,0,0,,4套装：+20致命一击
389,高级-稀有的火之化身套装(2次),5,0,0,0,0,0,0,0,30,0,0,0,0,0,0,0,0,0,0,0,0,0,0,0,0,20,40,1,1,0,0,0,,套装5：PVP攻击1％，PVP防御1％
390,高级-稀有的火之化身套装(2次),6,0,0,0,0,0,0,0,30,0,0,0,0,0,0,0,0,0,0,0,0,0,0,0,0,20,40,1,1,30,150,0,,6.套装：3％的攻击速度，3％的移动速度
391,高级-时髦的光之化身套装(活动),2,0,0,0,0,0,0,0,20,0,0,0,0,0,0,0,0,0,0,0,0,0,0,0,0,0,0,0,0,0,0,0,,2件：+20治疗
392,高级-时髦的光之化身套装(活动),3,0,0,0,0,0,0,0,20,0,0,0,0,0,0,0,0,0,0,0,0,0,0,0,0,0,20,0,0,0,0,0,,3套装：+20攻击无视防御
393,高级-时髦的光之化身套装(活动),4,0,0,0,0,0,0,0,20,0,0,0,0,0,0,0,0,0,0,0,0,0,0,0,0,20,20,0,0,0,0,0,,4套装：+20致命一击
394,高级-时髦的光之化身套装(活动),5,0,0,0,0,0,0,0,20,0,0,0,0,0,0,0,0,0,0,0,0,0,0,0,0,20,20,0.5,0.5,0,0,0,,套装5：PVP攻击0.5％，PVP防御0.5％
395,高级-时髦的光之化身套装(活动),6,0,0,0,0,0,0,0,20,0,0,0,0,0,0,0,0,0,0,0,0,0,0,0,0,20,20,0.5,0.5,15,100,0,,6.套装：1.5％攻击速度，2％移动速度
5001,破坏-1献身的洛夫套装(Lv.10),2,0,0,0,0,0,0,0,0,0,0,0,0,0,0,0,0,0,0,0,0,0,0,0,0,0,0,0,0,0,0,0,,2套装：无
5002,破坏-1献身的洛夫套装(Lv.10),3,0,0,0,0,0,0,0,0,0,17,0,0,0,0,0,0,0,0,0,0,0,0,0,0,0,0,0,0,0,0,0,,3套装：+17魔法值
5003,破坏-1献身的洛夫套装(Lv.10),4,0,0,0,0,0,0,0,20,0,17,0,0,0,0,0,0,0,0,0,0,0,0,0,0,0,0,0,0,0,0,0,,4组：治疗+20
5004,破坏-1献身的洛夫套装(Lv.10),5,0,0,0,0,0,0,0,20,0,17,0,0,0,0,0,21,32,0,0,0,0,0,0,0,0,0,0,0,0,0,0,,5套装：+21护甲的物理，魔法护甲+32
5005,破坏-1献身的洛夫套装(Lv.10),6,0,4,0,5,0,0,0,20,0,17,0,0,0,0,0,21,32,0,0,0,0,0,0,0,0,0,0,0,0,0,0,,6.套装：耐力+4，+5精神
5006,破坏-2献身的洛夫套装(Lv.10),2,0,0,0,0,0,0,0,0,0,0,0,0,0,0,0,0,0,0,0,0,0,0,0,0,0,0,0,0,0,0,0,,2套装：无
5007,破坏-2献身的洛夫套装(Lv.10),3,0,0,0,0,0,0,0,0,0,0,0,0,0,0,0,0,0,0,0,0,0,5,0,0,0,0,0,0,0,0,0,,3套装：+13命中度
5008,破坏-2献身的洛夫套装(Lv.10),4,0,0,0,0,0,0,0,0,0,0,0,0,0,0,0,0,0,0,0,0,0,5,0,0,3,0,0,0,0,0,0,,4套装：致命一击+3
5009,破坏-2献身的洛夫套装(Lv.10),5,0,0,0,0,0,0,0,0,0,0,0,0,0,0,0,21,32,0,0,0,0,5,0,0,3,0,0,0,0,0,0,,5套装：+21护甲的物理，魔法护甲+32
5010,破坏-2献身的洛夫套装(Lv.10),6,0,0,5,4,0,0,0,0,0,0,0,0,0,0,0,21,32,0,0,0,0,5,0,0,3,0,0,0,0,0,0,,6.套装：智力+5精神+4
5011,破坏-1奉献的颈甲套装(Lv.10),2,0,0,0,0,0,0,0,0,0,0,0,0,0,0,0,0,0,0,0,0,0,0,0,0,0,0,0,0,0,0,0,,2套装：无
5012,破坏-1奉献的颈甲套装(Lv.10),3,0,0,0,0,0,0,0,0,0,0,0,0,0,0,0,0,0,0,0,0,0,0,4,0,0,0,0,0,0,0,0,,3套装：+4躲闪
5013,破坏-1奉献的颈甲套装(Lv.10),4,0,0,0,0,0,0,0,0,0,0,0,0,0,0,0,0,0,0,0,0,0,0,4,0,0,0,0,0,20,0,0,,4套装：攻击速度+ 2％
5014,破坏-1奉献的颈甲套装(Lv.10),5,0,0,0,0,0,0,0,0,0,0,0,0,0,0,0,26,26,0,0,0,0,0,4,0,0,0,0,0,20,0,0,,5套装：+26护甲的物理，魔法护甲+26
5015,破坏-1奉献的颈甲套装(Lv.10),6,4,0,0,0,5,0,0,0,0,0,0,0,0,0,0,26,26,0,0,0,0,0,4,0,0,0,0,0,20,0,0,,6.套装：+4力量，敏捷+5
5016,破坏-2奉献的颈甲套装(Lv.10),2,0,0,0,0,0,0,0,0,0,0,0,0,0,0,0,0,0,0,0,0,0,0,0,0,0,0,0,0,0,0,0,,2套装：无
5017,破坏-2奉献的颈甲套装(Lv.10),3,0,0,0,0,0,0,0,0,0,0,0,0,0,0,0,0,0,0,0,0,0,5,0,0,0,0,0,0,0,0,0,,3套装：+13命中度
5018,破坏-2奉献的颈甲套装(Lv.10),4,0,0,0,0,0,0,0,0,0,0,0,0,0,0,0,0,0,0,0,0,0,5,0,0,5,0,0,0,0,0,0,,4套装：+5致命一击
5019,破坏-2奉献的颈甲套装(Lv.10),5,0,0,0,0,0,0,0,0,0,0,0,0,0,0,0,26,26,0,0,0,0,5,0,0,5,0,0,0,0,0,0,,5套装：+26护甲的物理，魔法护甲+26
5020,破坏-2奉献的颈甲套装(Lv.10),6,3,0,0,0,6,0,0,0,0,0,0,0,0,0,0,26,26,0,0,0,0,5,0,0,5,0,0,0,0,0,0,,6.套装：+3力量，敏捷+6
5021,破坏-1奉献的中等套装(Lv.10),2,0,0,0,0,0,0,0,0,0,0,0,0,0,0,0,0,0,0,0,0,0,0,0,0,0,0,0,0,0,0,0,,2套装：无
5022,破坏-1奉献的中等套装(Lv.10),3,0,0,0,0,0,0,0,0,0,0,0,0,0,0,0,0,0,0,0,0,0,0,2,0,0,0,0,0,0,0,0,,3套装：+2回避甚至
5023,破坏-1奉献的中等套装(Lv.10),4,0,0,0,0,0,0,0,0,0,0,0,0,0,0,0,0,0,0,0,0,0,0,2,7,0,0,0,0,0,0,0,,4套装：还+7伤害减免
5024,破坏-1奉献的中等套装(Lv.10),5,0,0,0,0,0,0,0,0,0,0,0,0,0,0,0,32,21,0,0,0,0,0,2,7,0,0,0,0,0,0,0,,套装5：物理护甲+32，+21魔甲术
5025,破坏-1奉献的中等套装(Lv.10),6,3,6,0,0,0,0,0,0,0,0,0,0,0,0,0,32,21,0,0,0,0,0,2,7,0,0,0,0,0,0,0,,6.套装：+3力量，耐力+6
5026,破坏-2奉献的中等套装(Lv.10),2,0,0,0,0,0,0,0,0,0,0,0,0,0,0,0,0,0,0,0,0,0,0,0,0,0,0,0,0,0,0,0,,2套装：无
5027,破坏-2奉献的中等套装(Lv.10),3,0,0,0,0,0,0,0,0,0,0,0,0,0,0,0,0,0,0,0,0,0,5,0,0,0,0,0,0,0,0,0,,3套装：+13命中度
5028,破坏-2奉献的中等套装(Lv.10),4,0,0,0,0,0,0,0,0,0,0,0,0,0,0,0,0,0,0,0,0,0,5,0,0,4,0,0,0,0,0,0,,4套装：致命一击+4
5029,破坏-2奉献的中等套装(Lv.10),5,0,0,0,0,0,0,0,0,0,0,0,0,0,0,0,32,21,0,0,0,0,5,0,0,4,0,0,0,0,0,0,,套装5：物理护甲+32，+21魔甲术
5030,破坏-2奉献的中等套装(Lv.10),6,5,4,0,0,0,0,0,0,0,0,0,0,0,0,0,32,21,0,0,0,0,5,0,0,4,0,0,0,0,0,0,,6.套装：力量+5耐力+4
5031,破坏-1传说之洛夫套装(Lv.20),2,0,0,0,0,0,0,0,0,0,0,0,0,0,0,0,0,0,0,0,0,0,0,0,0,0,0,0,0,0,0,0,,2套装：无
5032,破坏-1传说之洛夫套装(Lv.20),3,0,0,0,0,0,0,0,0,0,33,0,0,0,0,0,0,0,0,0,0,0,0,0,0,0,0,0,0,0,0,0,,3套装：+33魔法值
5033,破坏-1传说之洛夫套装(Lv.20),4,0,0,0,0,0,0,0,40,0,33,0,0,0,0,0,0,0,0,0,0,0,0,0,0,0,0,0,0,0,0,0,,4组：治疗+ 40
5034,破坏-1传说之洛夫套装(Lv.20),5,0,0,0,0,0,0,0,40,0,33,0,0,0,0,0,42,63,0,0,0,0,0,0,0,0,0,0,0,0,0,0,,5套装：+42护甲的物理，魔法护甲+63
5035,破坏-1传说之洛夫套装(Lv.20),6,0,8,0,10,0,0,0,40,0,33,0,0,0,0,0,42,63,0,0,0,0,0,0,0,0,0,0,0,0,0,0,,6.套装：+8耐力，+10精神
5036,破坏-2传说之洛夫套装(Lv.20),2,0,0,0,0,0,0,0,0,0,0,0,0,0,0,0,0,0,0,0,0,0,0,0,0,0,0,0,0,0,0,0,,2套装：无
5037,破坏-2传说之洛夫套装(Lv.20),3,0,0,0,0,0,0,0,0,0,0,0,0,0,0,0,0,0,0,0,0,0,10,0,0,0,0,0,0,0,0,0,,3套装：+10命中度
5038,破坏-2传说之洛夫套装(Lv.20),4,0,0,0,0,0,0,0,0,0,0,0,0,0,0,0,0,0,0,0,0,0,10,0,0,6,0,0,0,0,0,0,,4套装：致命一击+6
5039,破坏-2传说之洛夫套装(Lv.20),5,0,0,0,0,0,0,0,0,0,0,0,0,0,0,0,42,63,0,0,0,0,10,0,0,6,0,0,0,0,0,0,,5套装：+42护甲的物理，魔法护甲+63
5040,破坏-2传说之洛夫套装(Lv.20),6,0,0,10,8,0,0,0,0,0,0,0,0,0,0,0,42,63,0,0,0,0,10,0,0,6,0,0,0,0,0,0,,6.套装：+10智力，精神+8。
5041,破坏-1传说之颈甲套装(Lv.20),2,0,0,0,0,0,0,0,0,0,0,0,0,0,0,0,0,0,0,0,0,0,0,0,0,0,0,0,0,0,0,0,,2套装：无
5042,破坏-1传说之颈甲套装(Lv.20),3,0,0,0,0,0,0,0,0,0,0,0,0,0,0,0,0,0,0,0,0,0,0,6,0,0,0,0,0,0,0,0,,3套装：+6闪避
5043,破坏-1传说之颈甲套装(Lv.20),4,0,0,0,0,0,0,0,0,0,0,0,0,0,0,0,0,0,0,0,0,0,0,6,0,0,0,0,0,40,0,0,,4套装：攻击速度+ 4％
5044,破坏-1传说之颈甲套装(Lv.20),5,0,0,0,0,0,0,0,0,0,0,0,0,0,0,0,53,53,0,0,0,0,0,6,0,0,0,0,0,40,0,0,,5套装：+53护甲的物理，魔法护甲+53
5045,破坏-1传说之颈甲套装(Lv.20),6,8,0,0,0,10,0,0,0,0,0,0,0,0,0,0,53,53,0,0,0,0,0,6,0,0,0,0,0,40,0,0,,6.套装：+8力量，+10敏捷
5046,破坏-2传说之颈甲套装(Lv.20),2,0,0,0,0,0,0,0,0,0,0,0,0,0,0,0,0,0,0,0,0,0,0,0,0,0,0,0,0,0,0,0,,2套装：无
5047,破坏-2传说之颈甲套装(Lv.20),3,0,0,0,0,0,0,0,0,0,0,0,0,0,0,0,0,0,0,0,0,0,10,0,0,0,0,0,0,0,0,0,,3套装：+10命中度
5048,破坏-2传说之颈甲套装(Lv.20),4,0,0,0,0,0,0,0,0,0,0,0,0,0,0,0,0,0,0,0,0,0,10,0,0,9,0,0,0,0,0,0,,4套装：致命一击+9
5049,破坏-2传说之颈甲套装(Lv.20),5,0,0,0,0,0,0,0,0,0,0,0,0,0,0,0,53,53,0,0,0,0,10,0,0,9,0,0,0,0,0,0,,5套装：+53护甲的物理，魔法护甲+53
5050,破坏-2传说之颈甲套装(Lv.20),6,6,0,0,0,12,0,0,0,0,0,0,0,0,0,0,53,53,0,0,0,0,10,0,0,9,0,0,0,0,0,0,,6.套装：+6力量，+12敏捷
5051,破坏-1传说之中等套装(Lv.20),2,0,0,0,0,0,0,0,0,0,0,0,0,0,0,0,0,0,0,0,0,0,0,0,0,0,0,0,0,0,0,0,,2套装：无
5052,破坏-1传说之中等套装(Lv.20),3,0,0,0,0,0,0,0,0,0,0,0,0,0,0,0,0,0,0,0,0,0,0,4,0,0,0,0,0,0,0,0,,3套装：+4躲闪
5053,破坏-1传说之中等套装(Lv.20),4,0,0,0,0,0,0,0,0,0,0,0,0,0,0,0,0,0,0,0,0,0,0,4,13,0,0,0,0,0,0,0,,4套装：+13减少伤害
5054,破坏-1传说之中等套装(Lv.20),5,0,0,0,0,0,0,0,0,0,0,0,0,0,0,0,63,42,0,0,0,0,0,4,13,0,0,0,0,0,0,0,,5套装：+63护甲的物理，魔法护甲+42
5055,破坏-1传说之中等套装(Lv.20),6,6,12,0,0,0,0,0,0,0,0,0,0,0,0,0,63,42,0,0,0,0,0,4,13,0,0,0,0,0,0,0,,6.套装：+6力量，耐力+12
5056,破坏-2传说之中等套装(Lv.20),2,0,0,0,0,0,0,0,0,0,0,0,0,0,0,0,0,0,0,0,0,0,0,0,0,0,0,0,0,0,0,0,,2套装：无
5057,破坏-2传说之中等套装(Lv.20),3,0,0,0,0,0,0,0,0,0,0,0,0,0,0,0,0,0,0,0,0,0,10,0,0,0,0,0,0,0,0,0,,3套装：+10命中度
5058,破坏-2传说之中等套装(Lv.20),4,0,0,0,0,0,0,0,0,0,0,0,0,0,0,0,0,0,0,0,0,0,10,0,0,8,0,0,0,0,0,0,,4套装：+8致命一击
5059,破坏-2传说之中等套装(Lv.20),5,0,0,0,0,0,0,0,0,0,0,0,0,0,0,0,63,42,0,0,0,0,10,0,0,8,0,0,0,0,0,0,,5套装：+63护甲的物理，魔法护甲+42
5060,破坏-2传说之中等套装(Lv.20),6,10,8,0,0,0,0,0,0,0,0,0,0,0,0,0,63,42,0,0,0,0,10,0,0,8,0,0,0,0,0,0,,6.套装：力量+10，+8耐力
5061,破坏-1怒之洛夫套装(Lv.25),2,0,0,0,0,0,0,0,0,0,0,0,0,0,0,0,0,0,0,0,0,0,0,0,0,0,0,0,0,0,0,0,,2套装：无
5062,破坏-1怒之洛夫套装(Lv.25),3,0,0,0,0,0,0,0,0,0,42,0,0,0,0,0,0,0,0,0,0,0,0,0,0,0,0,0,0,0,0,0,,3套装：+42魔法值
5063,破坏-1怒之洛夫套装(Lv.25),4,0,0,0,0,0,0,0,50,0,42,0,0,0,0,0,0,0,0,0,0,0,0,0,0,0,0,0,0,0,0,0,,4组：治疗+50
5064,破坏-1怒之洛夫套装(Lv.25),5,0,0,0,0,0,0,0,50,0,42,0,0,0,0,0,53,79,0,0,0,0,0,0,0,0,0,0,0,0,0,0,,5套装：+53护甲的物理，魔法护甲+79
5065,破坏-1怒之洛夫套装(Lv.25),6,0,10,0,13,0,0,0,50,0,42,0,0,0,0,0,53,79,0,0,0,0,0,0,0,0,0,0,0,0,0,0,,6.套装：+10耐力，+13精神
5066,破坏-2怒之洛夫套装(Lv.25),2,0,0,0,0,0,0,0,0,0,0,0,0,0,0,0,0,0,0,0,0,0,0,0,0,0,0,0,0,0,0,0,,2套装：无
5067,破坏-2怒之洛夫套装(Lv.25),3,0,0,0,0,0,0,0,0,0,0,0,0,0,0,0,0,0,0,0,0,0,15,0,0,0,0,0,0,0,0,0,,3套装：+15命中度
5068,破坏-2怒之洛夫套装(Lv.25),4,0,0,0,0,0,0,0,0,0,0,0,0,0,0,0,0,0,0,0,0,0,15,0,0,8,0,0,0,0,0,0,,4套装：+8致命一击
5069,破坏-2怒之洛夫套装(Lv.25),5,0,0,0,0,0,0,0,0,0,0,0,0,0,0,0,53,79,0,0,0,0,15,0,0,8,0,0,0,0,0,0,,5套装：+53护甲的物理，魔法护甲+79
5070,破坏-2怒之洛夫套装(Lv.25),6,0,0,13,10,0,0,0,0,0,0,0,0,0,0,0,53,79,0,0,0,0,15,0,0,8,0,0,0,0,0,0,,6.套装：+13智力，精神+10
5071,破坏-1怒之颈甲套装(Lv.25),2,0,0,0,0,0,0,0,0,0,0,0,0,0,0,0,0,0,0,0,0,0,0,0,0,0,0,0,0,0,0,0,,2套装：无
5072,破坏-1怒之颈甲套装(Lv.25),3,0,0,0,0,0,0,0,0,0,0,0,0,0,0,0,0,0,0,0,0,0,0,8,0,0,0,0,0,0,0,0,,3套装：+8闪避
5073,破坏-1怒之颈甲套装(Lv.25),4,0,0,0,0,0,0,0,0,0,0,0,0,0,0,0,0,0,0,0,0,0,0,8,0,0,0,0,0,50,0,0,,4套装：攻击速度+ 5％
5074,破坏-1怒之颈甲套装(Lv.25),5,0,0,0,0,0,0,0,0,0,0,0,0,0,0,0,66,66,0,0,0,0,0,8,0,0,0,0,0,50,0,0,,5套装：+66护甲的物理，魔法护甲+66
5075,破坏-1怒之颈甲套装(Lv.25),6,10,0,0,0,13,0,0,0,0,0,0,0,0,0,0,66,66,0,0,0,0,0,8,0,0,0,0,0,50,0,0,,6.套装：力量+10，敏捷+13
5076,破坏-2怒之颈甲套装(Lv.25),2,0,0,0,0,0,0,0,0,0,0,0,0,0,0,0,0,0,0,0,0,0,0,0,0,0,0,0,0,0,0,0,,2套装：无
5077,破坏-2怒之颈甲套装(Lv.25),3,0,0,0,0,0,0,0,0,0,0,0,0,0,0,0,0,0,0,0,0,0,15,0,0,0,0,0,0,0,0,0,,3套装：+15命中度
5078,破坏-2怒之颈甲套装(Lv.25),4,0,0,0,0,0,0,0,0,0,0,0,0,0,0,0,0,0,0,0,0,0,15,0,0,12,0,0,0,0,0,0,,4套装：+12致命一击
5079,破坏-2怒之颈甲套装(Lv.25),5,0,0,0,0,0,0,0,0,0,0,0,0,0,0,0,66,66,0,0,0,0,15,0,0,12,0,0,0,0,0,0,,5套装：+66护甲的物理，魔法护甲+66
5080,破坏-2怒之颈甲套装(Lv.25),6,8,0,0,0,15,0,0,0,0,0,0,0,0,0,0,66,66,0,0,0,0,15,0,0,12,0,0,0,0,0,0,,6.套装：+8力量，+15敏捷
5081,破坏-1怒之中等套装(Lv.25),2,0,0,0,0,0,0,0,0,0,0,0,0,0,0,0,0,0,0,0,0,0,0,0,0,0,0,0,0,0,0,0,,2套装：无
5082,破坏-1怒之中等套装(Lv.25),3,0,0,0,0,0,0,0,0,0,0,0,0,0,0,0,0,0,0,0,0,0,0,6,0,0,0,0,0,0,0,0,,3套装：+6闪避
5083,破坏-1怒之中等套装(Lv.25),4,0,0,0,0,0,0,0,0,0,0,0,0,0,0,0,0,0,0,0,0,0,0,6,17,0,0,0,0,0,0,0,,4套装：+17减少伤害
5084,破坏-1怒之中等套装(Lv.25),5,0,0,0,0,0,0,0,0,0,0,0,0,0,0,0,79,53,0,0,0,0,0,6,17,0,0,0,0,0,0,0,,5套装：+79护甲的物理，魔法护甲+53
5085,破坏-1怒之中等套装(Lv.25),6,8,15,0,0,0,0,0,0,0,0,0,0,0,0,0,79,53,0,0,0,0,0,6,17,0,0,0,0,0,0,0,,6.套装：+8力量，耐力+15
5086,破坏-2怒之中等套装(Lv.25),2,0,0,0,0,0,0,0,0,0,0,0,0,0,0,0,0,0,0,0,0,0,0,0,0,0,0,0,0,0,0,0,,2套装：无
5087,破坏-2怒之中等套装(Lv.25),3,0,0,0,0,0,0,0,0,0,0,0,0,0,0,0,0,0,0,0,0,0,15,0,0,0,0,0,0,0,0,0,,3套装：+15命中度
5088,破坏-2怒之中等套装(Lv.25),4,0,0,0,0,0,0,0,0,0,0,0,0,0,0,0,0,0,0,0,0,0,15,0,0,10,0,0,0,0,0,0,,4套装：+10致命一击
5089,破坏-2怒之中等套装(Lv.25),5,0,0,0,0,0,0,0,0,0,0,0,0,0,0,0,79,53,0,0,0,0,15,0,0,10,0,0,0,0,0,0,,5套装：+79护甲的物理，魔法护甲+53
5090,破坏-2怒之中等套装(Lv.25),6,13,10,0,0,0,0,0,0,0,0,0,0,0,0,0,79,53,0,0,0,0,15,0,0,10,0,0,0,0,0,0,,6件：+13力量，+10耐力
5091,破坏-1破灭之洛夫套装(Lv.30),2,0,0,0,0,0,0,0,0,0,0,0,0,0,0,0,0,0,0,0,0,0,0,0,0,0,0,0,0,0,0,0,,2套装：无
5092,破坏-1破灭之洛夫套装(Lv.30),3,0,0,0,0,0,0,0,0,0,50,0,0,0,0,0,0,0,0,0,0,0,0,0,0,0,0,0,0,0,0,0,,3套装：+50魔法值
5093,破坏-1破灭之洛夫套装(Lv.30),4,0,0,0,0,0,0,0,60,0,50,0,0,0,0,0,0,0,0,0,0,0,0,0,0,0,0,0,0,0,0,0,,4组：治疗+60
5094,破坏-1破灭之洛夫套装(Lv.30),5,0,0,0,0,0,0,0,60,0,50,0,0,0,0,0,63,95,0,0,0,0,0,0,0,0,0,0,0,0,0,0,,5套装：+63护甲的物理，魔法护甲+95
5095,破坏-1破灭之洛夫套装(Lv.30),6,0,12,0,15,0,0,0,60,0,50,0,0,0,0,0,63,95,0,0,0,0,0,0,0,0,0,0,0,0,0,0,,6.套装：+12耐力+15精神
5096,破坏-2破灭之洛夫套装(Lv.30),2,0,0,0,0,0,0,0,0,0,0,0,0,0,0,0,0,0,0,0,0,0,0,0,0,0,0,0,0,0,0,0,,2套装：无
5097,破坏-2破灭之洛夫套装(Lv.30),3,0,0,0,0,0,0,0,0,0,0,0,0,0,0,0,0,0,0,0,0,0,20,0,0,0,0,0,0,0,0,0,,3套装：+20命中度
5098,破坏-2破灭之洛夫套装(Lv.30),4,0,0,0,0,0,0,0,0,0,0,0,0,0,0,0,0,0,0,0,0,0,20,0,0,9,0,0,0,0,0,0,,4套装：致命一击+9
5099,破坏-2破灭之洛夫套装(Lv.30),5,0,0,0,0,0,0,0,0,0,0,0,0,0,0,0,63,95,0,0,0,0,20,0,0,9,0,0,0,0,0,0,,5套装：+63护甲的物理，魔法护甲+95
5100,破坏-2破灭之洛夫套装(Lv.30),6,0,0,15,12,0,0,0,0,0,0,0,0,0,0,0,63,95,0,0,0,0,20,0,0,9,0,0,0,0,0,0,,6.套装：+15智力，精神+12
5101,破坏-1破灭之颈甲套装(Lv.30),2,0,0,0,0,0,0,0,0,0,0,0,0,0,0,0,0,0,0,0,0,0,0,0,0,0,0,0,0,0,0,0,,2套装：无
5102,破坏-1破灭之颈甲套装(Lv.30),3,0,0,0,0,0,0,0,0,0,0,0,0,0,0,0,0,0,0,0,0,0,0,13,0,0,0,0,0,0,0,0,,3套装：+13闪避
5103,破坏-1破灭之颈甲套装(Lv.30),4,0,0,0,0,0,0,0,0,0,0,0,0,0,0,0,0,0,0,0,0,0,0,13,0,0,0,0,0,60,0,0,,4套装：攻击速度+ 6％
5104,破坏-1破灭之颈甲套装(Lv.30),5,0,0,0,0,0,0,0,0,0,0,0,0,0,0,0,79,79,0,0,0,0,0,13,0,0,0,0,0,60,0,0,,5套装：+79护甲的物理，魔法护甲+79
5105,破坏-1破灭之颈甲套装(Lv.30),6,12,0,0,0,15,0,0,0,0,0,0,0,0,0,0,79,79,0,0,0,0,0,13,0,0,0,0,0,60,0,0,,6件：+12力量，+15敏捷
5106,破坏-2破灭之颈甲套装(Lv.30),2,0,0,0,0,0,0,0,0,0,0,0,0,0,0,0,0,0,0,0,0,0,0,0,0,0,0,0,0,0,0,0,,2套装：无
5107,破坏-2破灭之颈甲套装(Lv.30),3,0,0,0,0,0,0,0,0,0,0,0,0,0,0,0,0,0,0,0,0,0,20,0,0,0,0,0,0,0,0,0,,3套装：+20命中度
5108,破坏-2破灭之颈甲套装(Lv.30),4,0,0,0,0,0,0,0,0,0,0,0,0,0,0,0,0,0,0,0,0,0,20,0,0,14,0,0,0,0,0,0,,4套装：+14致命一击
5109,破坏-2破灭之颈甲套装(Lv.30),5,0,0,0,0,0,0,0,0,0,0,0,0,0,0,0,79,79,0,0,0,0,20,0,0,14,0,0,0,0,0,0,,5套装：+79护甲的物理，魔法护甲+79
5110,破坏-2破灭之颈甲套装(Lv.30),6,9,0,0,0,18,0,0,0,0,0,0,0,0,0,0,79,79,0,0,0,0,20,0,0,14,0,0,0,0,0,0,,6.套装：力量+9，+18敏捷
5111,破坏-1破灭之中等套装(Lv.30),2,0,0,0,0,0,0,0,0,0,0,0,0,0,0,0,0,0,0,0,0,0,0,0,0,0,0,0,0,0,0,0,,2套装：无
5112,破坏-1破灭之中等套装(Lv.30),3,0,0,0,0,0,0,0,0,0,0,0,0,0,0,0,0,0,0,0,0,0,0,11,0,0,0,0,0,0,0,0,,3套装：+11闪避
5113,破坏-1破灭之中等套装(Lv.30),4,0,0,0,0,0,0,0,0,0,0,0,0,0,0,0,0,0,0,0,0,0,0,11,20,0,0,0,0,0,0,0,,4套装：伤害降低到+20度
5114,破坏-1破灭之中等套装(Lv.30),5,0,0,0,0,0,0,0,0,0,0,0,0,0,0,0,95,63,0,0,0,0,0,11,20,0,0,0,0,0,0,0,,5套装：+95护甲的物理，魔法护甲+63
5115,破坏-1破灭之中等套装(Lv.30),6,9,18,0,0,0,0,0,0,0,0,0,0,0,0,0,95,63,0,0,0,0,0,11,20,0,0,0,0,0,0,0,,6.套装：力量+9，+18耐力
5116,破坏-2破灭之中等套装(Lv.30),2,0,0,0,0,0,0,0,0,0,0,0,0,0,0,0,0,0,0,0,0,0,0,0,0,0,0,0,0,0,0,0,,2套装：无
5117,破坏-2破灭之中等套装(Lv.30),3,0,0,0,0,0,0,0,0,0,0,0,0,0,0,0,0,0,0,0,0,0,20,0,0,0,0,0,0,0,0,0,,3套装：+20命中度
5118,破坏-2破灭之中等套装(Lv.30),4,0,0,0,0,0,0,0,0,0,0,0,0,0,0,0,0,0,0,0,0,0,20,0,0,12,0,0,0,0,0,0,,4套装：+12致命一击
5119,破坏-2破灭之中等套装(Lv.30),5,0,0,0,0,0,0,0,0,0,0,0,0,0,0,0,95,63,0,0,0,0,20,0,0,12,0,0,0,0,0,0,,5套装：+95护甲的物理，魔法护甲+63
5120,破坏-2破灭之中等套装(Lv.30),6,15,12,0,0,0,0,0,0,0,0,0,0,0,0,0,0,0,0,0,0,0,20,0,0,12,0,0,0,0,0,0,,6件：+15力量，+12耐力
5121,破坏-1憎恶之洛夫套装(Lv.35),2,0,0,0,0,0,0,0,0,0,0,0,0,0,0,0,0,0,0,0,0,0,0,0,0,0,0,0,0,0,0,0,,2套装：无
5122,破坏-1憎恶之洛夫套装(Lv.35),3,0,0,0,0,0,0,0,0,0,59,0,0,0,0,0,0,0,0,0,0,0,0,0,0,0,0,0,0,0,0,0,,3套装：+59魔法值
5123,破坏-1憎恶之洛夫套装(Lv.35),4,0,0,0,0,0,0,0,70,0,59,0,0,0,0,0,0,0,0,0,0,0,0,0,0,0,0,0,0,0,0,0,,4组：治疗+ 70
5124,破坏-1憎恶之洛夫套装(Lv.35),5,0,0,0,0,0,0,0,70,0,59,0,0,0,0,0,74,110,0,0,0,0,0,0,0,0,0,0,0,0,0,0,,5套装：+74护甲的物理，魔法护甲+110
5125,破坏-1憎恶之洛夫套装(Lv.35),6,0,14,0,18,0,0,0,70,0,59,0,0,0,0,0,74,110,0,0,0,0,0,0,0,0,0,0,0,0,0,0,,6.套装：+14耐力，+18精神
5126,破坏-2憎恶之洛夫套装(Lv.35),2,0,0,0,0,0,0,0,0,0,0,0,0,0,0,0,0,0,0,0,0,0,0,0,0,0,0,0,0,0,0,0,,2套装：无
5127,破坏-2憎恶之洛夫套装(Lv.35),3,0,0,0,0,0,0,0,0,0,0,0,0,0,0,0,0,0,0,0,0,0,25,0,0,0,0,0,0,0,0,0,,3套装：+25命中度
5128,破坏-2憎恶之洛夫套装(Lv.35),4,0,0,0,0,0,0,0,0,0,0,0,0,0,0,0,0,0,0,0,0,0,25,0,0,11,0,0,0,0,0,0,,4套装：+11致命一击
5129,破坏-2憎恶之洛夫套装(Lv.35),5,0,0,0,0,0,0,0,0,0,0,0,0,0,0,0,74,110,0,0,0,0,25,0,0,11,0,0,0,0,0,0,,5套装：+74护甲的物理，魔法护甲+110
5130,破坏-2憎恶之洛夫套装(Lv.35),6,0,0,18,14,0,0,0,0,0,0,0,0,0,0,0,74,110,0,0,0,0,25,0,0,11,0,0,0,0,0,0,,6.套装：+18智力，精神+14
5131,破坏-1憎恶之颈甲套装(Lv.35),2,0,0,0,0,0,0,0,0,0,0,0,0,0,0,0,0,0,0,0,0,0,0,0,0,0,0,0,0,0,0,0,,2套装：无
5132,破坏-1憎恶之颈甲套装(Lv.35),3,0,0,0,0,0,0,0,0,0,0,0,0,0,0,0,0,0,0,0,0,0,0,15,0,0,0,0,0,0,0,0,,3套装：+15闪避
5133,破坏-1憎恶之颈甲套装(Lv.35),4,0,0,0,0,0,0,0,0,0,0,0,0,0,0,0,0,0,0,0,0,0,0,15,0,0,0,0,0,70,0,0,,4套装：攻击速度+ 7％
5134,破坏-1憎恶之颈甲套装(Lv.35),5,0,0,0,0,0,0,0,0,0,0,0,0,0,0,0,92,92,0,0,0,0,0,15,0,0,0,0,0,70,0,0,,5套装：+92护甲的物理，魔法护甲+92
5135,破坏-1憎恶之颈甲套装(Lv.35),6,14,0,0,0,18,0,0,0,0,0,0,0,0,0,0,92,92,0,0,0,0,0,15,0,0,0,0,0,70,0,0,,6件：+14力量，+18敏捷
5136,破坏-2憎恶之颈甲套装(Lv.35),2,0,0,0,0,0,0,0,0,0,0,0,0,0,0,0,0,0,0,0,0,0,0,0,0,0,0,0,0,0,0,0,,2套装：无
5137,破坏-2憎恶之颈甲套装(Lv.35),3,0,0,0,0,0,0,0,0,0,0,0,0,0,0,0,0,0,0,0,0,0,25,0,0,0,0,0,0,0,0,0,,3套装：+25命中度
5138,破坏-2憎恶之颈甲套装(Lv.35),4,0,0,0,0,0,0,0,0,0,0,0,0,0,0,0,0,0,0,0,0,0,25,0,0,16,0,0,0,0,0,0,,4套装：+16致命一击
5139,破坏-2憎恶之颈甲套装(Lv.35),5,0,0,0,0,0,0,0,0,0,0,0,0,0,0,0,92,92,0,0,0,0,25,0,0,16,0,0,0,0,0,0,,5套装：+92护甲的物理，魔法护甲+92
5140,破坏-2憎恶之颈甲套装(Lv.35),6,11,0,0,0,21,0,0,0,0,0,0,0,0,0,0,92,92,0,0,0,0,25,0,0,16,0,0,0,0,0,0,,6件：+11力量，+21敏捷
5141,破坏-1憎恶之中等套装(Lv.35),2,0,0,0,0,0,0,0,0,0,0,0,0,0,0,0,0,0,0,0,0,0,0,0,0,0,0,0,0,0,0,0,,2套装：无
5142,破坏-1憎恶之中等套装(Lv.35),3,0,0,0,0,0,0,0,0,0,0,0,0,0,0,0,0,0,0,0,0,0,0,13,0,0,0,0,0,0,0,0,,3套装：+13闪避
5143,破坏-1憎恶之中等套装(Lv.35),4,0,0,0,0,0,0,0,0,0,0,0,0,0,0,0,0,0,0,0,0,0,0,13,23,0,0,0,0,0,0,0,,4套装：+23减少伤害
5144,破坏-1憎恶之中等套装(Lv.35),5,0,0,0,0,0,0,0,0,0,0,0,0,0,0,0,110,74,0,0,0,0,0,13,23,0,0,0,0,0,0,0,,5套装：+110护甲的物理，魔法护甲+74
5145,破坏-1憎恶之中等套装(Lv.35),6,11,21,0,0,0,0,0,0,0,0,0,0,0,0,0,110,74,0,0,0,0,0,13,23,0,0,0,0,0,0,0,,6件：+11力量，+21耐力
5146,破坏-2憎恶之中等套装(Lv.35),2,0,0,0,0,0,0,0,0,0,0,0,0,0,0,0,0,0,0,0,0,0,0,0,0,0,0,0,0,0,0,0,,2套装：无
5147,破坏-2憎恶之中等套装(Lv.35),3,0,0,0,0,0,0,0,0,0,0,0,0,0,0,0,0,0,0,0,0,0,25,0,0,0,0,0,0,0,0,0,,3套装：+25命中度
5148,破坏-2憎恶之中等套装(Lv.35),4,0,0,0,0,0,0,0,0,0,0,0,0,0,0,0,0,0,0,0,0,0,25,0,0,14,0,0,0,0,0,0,,4套装：+14致命一击
5149,破坏-2憎恶之中等套装(Lv.35),5,0,0,0,0,0,0,0,0,0,0,0,0,0,0,0,110,74,0,0,0,0,25,0,0,14,0,0,0,0,0,0,,5套装：+110护甲的物理，魔法护甲+74
5150,破坏-2憎恶之中等套装(Lv.35),6,18,14,0,0,0,0,0,0,0,0,0,0,0,0,0,110,74,0,0,0,0,25,0,0,14,0,0,0,0,0,0,,6件：+18力量，+14耐力
5151,破坏-1名誉之洛夫套装(Lv.40),2,0,0,0,0,0,0,0,0,0,0,0,0,0,0,0,0,0,0,0,0,0,0,0,0,0,0,0,0,0,0,0,,2套装：无
5152,破坏-1名誉之洛夫套装(Lv.40),3,0,0,0,0,0,0,0,0,0,67,0,0,0,0,0,0,0,0,0,0,0,0,0,0,0,0,0,0,0,0,0,,3套装：+67魔法值
5153,破坏-1名誉之洛夫套装(Lv.40),4,0,0,0,0,0,0,0,80,0,67,0,0,0,0,0,0,0,0,0,0,0,0,0,0,0,0,0,0,0,0,0,,4组：治疗+ 80
5154,破坏-1名誉之洛夫套装(Lv.40),5,0,0,0,0,0,0,0,80,0,67,0,0,0,0,0,84,126,0,0,0,0,0,0,0,0,0,0,0,0,0,0,,5套装：+84护甲的物理，魔法护甲+126
5155,破坏-1名誉之洛夫套装(Lv.40),6,0,16,0,20,0,0,0,80,0,67,0,0,0,0,0,84,126,0,0,0,0,0,0,0,0,0,0,0,0,0,0,,6.套装：+16耐力，+20精神
5156,破坏-2名誉之洛夫套装(Lv.40),2,0,0,0,0,0,0,0,0,0,0,0,0,0,0,0,0,0,0,0,0,0,0,0,0,0,0,0,0,0,0,0,,2套装：无
5157,破坏-2名誉之洛夫套装(Lv.40),3,0,0,0,0,0,0,0,0,0,0,0,0,0,0,0,0,0,0,0,0,0,30,0,0,0,0,0,0,0,0,0,,3套装：+30命中度
5158,破坏-2名誉之洛夫套装(Lv.40),4,0,0,0,0,0,0,0,0,0,0,0,0,0,0,0,0,0,0,0,0,0,30,0,0,12,0,0,0,0,0,0,,4套装：+12致命一击
5159,破坏-2名誉之洛夫套装(Lv.40),5,0,0,0,0,0,0,0,0,0,0,0,0,0,0,0,84,126,0,0,0,0,30,0,0,12,0,0,0,0,0,0,,5套装：+84护甲的物理，魔法护甲+126
5160,破坏-2名誉之洛夫套装(Lv.40),6,0,0,20,16,0,0,0,0,0,0,0,0,0,0,0,84,126,0,0,0,0,30,0,0,12,0,0,0,0,0,0,,6.套装：+20智力，精神+16
5161,破坏-1名誉之颈甲套装(Lv.40),2,0,0,0,0,0,0,0,0,0,0,0,0,0,0,0,0,0,0,0,0,0,0,0,0,0,0,0,0,0,0,0,,2套装：无
5162,破坏-1名誉之颈甲套装(Lv.40),3,0,0,0,0,0,0,0,0,0,0,0,0,0,0,0,0,0,0,0,0,0,0,20,0,0,0,0,0,0,0,0,,3套装：+20闪避
5163,破坏-1名誉之颈甲套装(Lv.40),4,0,0,0,0,0,0,0,0,0,0,0,0,0,0,0,0,0,0,0,0,0,0,20,0,0,0,0,0,80,0,0,,4套装：攻击速度+ 8％
5164,破坏-1名誉之颈甲套装(Lv.40),5,0,0,0,0,0,0,0,0,0,0,0,0,0,0,0,105,105,0,0,0,0,0,20,0,0,0,0,0,80,0,0,,5套装：+105护甲的物理，魔法护甲+105
5165,破坏-1名誉之颈甲套装(Lv.40),6,16,0,0,0,20,0,0,0,0,0,0,0,0,0,0,105,105,0,0,0,0,0,20,0,0,0,0,0,80,0,0,,6件：+16力量，+20敏捷
5166,破坏-2名誉之颈甲套装(Lv.40),2,0,0,0,0,0,0,0,0,0,0,0,0,0,0,0,0,0,0,0,0,0,0,0,0,0,0,0,0,0,0,0,,2套装：无
5167,破坏-2名誉之颈甲套装(Lv.40),3,0,0,0,0,0,0,0,0,0,0,0,0,0,0,0,0,0,0,0,0,0,30,0,0,0,0,0,0,0,0,0,,3套装：+30命中度
5168,破坏-2名誉之颈甲套装(Lv.40),4,0,0,0,0,0,0,0,0,0,0,0,0,0,0,0,0,0,0,0,0,0,30,0,0,18,0,0,0,0,0,0,,4套装：+18致命一击
5169,破坏-2名誉之颈甲套装(Lv.40),5,0,0,0,0,0,0,0,0,0,0,0,0,0,0,0,105,105,0,0,0,0,30,0,0,18,0,0,0,0,0,0,,5套装：+105护甲的物理，魔法护甲+105
5170,破坏-2名誉之颈甲套装(Lv.40),6,12,0,0,0,24,0,0,0,0,0,0,0,0,0,0,105,105,0,0,0,0,30,0,0,18,0,0,0,0,0,0,,6件：+12力量，+24敏捷
5171,破坏-1名誉之中等套装(Lv.40),2,0,0,0,0,0,0,0,0,0,0,0,0,0,0,0,0,0,0,0,0,0,0,0,0,0,0,0,0,0,0,0,,2套装：无
5172,破坏-1名誉之中等套装(Lv.40),3,0,0,0,0,0,0,0,0,0,0,0,0,0,0,0,0,0,0,0,0,0,0,18,0,0,0,0,0,0,0,0,,3套装：+18闪避
5173,破坏-1名誉之中等套装(Lv.40),4,0,0,0,0,0,0,0,0,0,0,0,0,0,0,0,0,0,0,0,0,0,0,18,27,0,0,0,0,0,0,0,,4套装：+27减少伤害
5174,破坏-1名誉之中等套装(Lv.40),5,0,0,0,0,0,0,0,0,0,0,0,0,0,0,0,126,84,0,0,0,0,0,18,27,0,0,0,0,0,0,0,,5套装：+126护甲的物理，魔法护甲+84
5175,破坏-1名誉之中等套装(Lv.40),6,12,24,0,0,0,0,0,0,0,0,0,0,0,0,0,126,84,0,0,0,0,0,18,27,0,0,0,0,0,0,0,,6件：+12力量，+24耐力
5176,破坏-2名誉之中等套装(Lv.40),2,0,0,0,0,0,0,0,0,0,0,0,0,0,0,0,0,0,0,0,0,0,0,0,0,0,0,0,0,0,0,0,,2套装：无
5177,破坏-2名誉之中等套装(Lv.40),3,0,0,0,0,0,0,0,0,0,0,0,0,0,0,0,0,0,0,0,0,0,30,0,0,0,0,0,0,0,0,0,,3套装：+30命中度
5178,破坏-2名誉之中等套装(Lv.40),4,0,0,0,0,0,0,0,0,0,0,0,0,0,0,0,0,0,0,0,0,0,30,0,0,15,0,0,0,0,0,0,,4套装：+15致命一击
5179,破坏-2名誉之中等套装(Lv.40),5,0,0,0,0,0,0,0,0,0,0,0,0,0,0,0,126,84,0,0,0,0,30,0,0,15,0,0,0,0,0,0,,5套装：+126护甲的物理，魔法护甲+84
5180,破坏-2名誉之中等套装(Lv.40),6,20,16,0,0,0,0,0,0,0,0,0,0,0,0,0,126,84,0,0,0,0,30,0,0,15,0,0,0,0,0,0,,6件：+20力量，+16耐力
5181,破坏-1名誉之洛夫套装(Lv.42),2,0,0,0,0,0,0,0,0,0,0,0,0,0,0,0,0,0,0,0,0,0,0,0,0,0,0,0,0,0,0,0,,2套装：无
5182,破坏-1名誉之洛夫套装(Lv.42),3,0,0,0,0,0,0,0,0,0,70,0,0,0,0,0,0,0,0,0,0,0,0,0,0,0,0,0,0,0,0,0,,3套装：+ 70点法力值
5183,破坏-1名誉之洛夫套装(Lv.42),4,0,0,0,0,0,0,0,90,0,70,0,0,0,0,0,0,0,0,0,0,0,0,0,0,0,0,0,0,0,0,0,,4组：治疗+90
5184,破坏-1名誉之洛夫套装(Lv.42),5,0,0,0,0,0,0,0,90,0,70,0,0,0,0,0,88,132,0,0,0,0,0,0,0,0,0,0,0,0,0,0,,5套装：+88护甲的物理，魔法护甲+132
5185,破坏-1名誉之洛夫套装(Lv.42),6,0,17,0,21,0,0,0,90,0,70,0,0,0,0,0,88,132,0,0,0,0,0,0,0,0,0,0,0,0,0,0,,6.套装：+17耐力，+21精神
5186,破坏-2名誉之洛夫套装(Lv.42),2,0,0,0,0,0,0,0,0,0,0,0,0,0,0,0,0,0,0,0,0,0,0,0,0,0,0,0,0,0,0,0,,2套装：无
5187,破坏-2名誉之洛夫套装(Lv.42),3,0,0,0,0,0,0,0,0,0,0,0,0,0,0,0,0,0,0,0,0,0,33,0,0,0,0,0,0,0,0,0,,3套装：+33命中度
5188,破坏-2名誉之洛夫套装(Lv.42),4,0,0,0,0,0,0,0,0,0,0,0,0,0,0,0,0,0,0,0,0,0,33,0,0,13,0,0,0,0,0,0,,4套装：+13致命一击
5189,破坏-2名誉之洛夫套装(Lv.42),5,0,0,0,0,0,0,0,0,0,0,0,0,0,0,0,88,132,0,0,0,0,33,0,0,13,0,0,0,0,0,0,,5套装：+88护甲的物理，魔法护甲+132
5190,破坏-2名誉之洛夫套装(Lv.42),6,0,0,21,17,0,0,0,0,0,0,0,0,0,0,0,88,132,0,0,0,0,33,0,0,13,0,0,0,0,0,0,,6.套装：+21智力，精神+17
5191,破坏-1名誉之颈甲套装(Lv.42),2,0,0,0,0,0,0,0,0,0,0,0,0,0,0,0,0,0,0,0,0,0,0,0,0,0,0,0,0,0,0,0,,2套装：无
5192,破坏-1名誉之颈甲套装(Lv.42),3,0,0,0,0,0,0,0,0,0,0,0,0,0,0,0,0,0,0,0,0,0,0,22,0,0,0,0,0,0,0,0,,3套装：+22闪避
5193,破坏-1名誉之颈甲套装(Lv.42),4,0,0,0,0,0,0,0,0,0,0,0,0,0,0,0,0,0,0,0,0,0,0,22,0,0,0,0,0,84,0,0,,4套装：攻击速度+ 8.4％
5194,破坏-1名誉之颈甲套装(Lv.42),5,0,0,0,0,0,0,0,0,0,0,0,0,0,0,0,110,110,0,0,0,0,0,22,0,0,0,0,0,84,0,0,,5套装：+110护甲的物理，魔法护甲+110
5195,破坏-1名誉之颈甲套装(Lv.42),6,17,0,0,0,21,0,0,0,0,0,0,0,0,0,0,110,110,0,0,0,0,0,22,0,0,0,0,0,84,0,0,,6件：+17力量，+21敏捷
5196,破坏-2名誉之颈甲套装(Lv.42),2,0,0,0,0,0,0,0,0,0,0,0,0,0,0,0,0,0,0,0,0,0,0,0,0,0,0,0,0,0,0,0,,2套装：无
5197,破坏-2名誉之颈甲套装(Lv.42),3,0,0,0,0,0,0,0,0,0,0,0,0,0,0,0,0,0,0,0,0,0,33,0,0,0,0,0,0,0,0,0,,3套装：+33命中度
5198,破坏-2名誉之颈甲套装(Lv.42),4,0,0,0,0,0,0,0,0,0,0,0,0,0,0,0,0,0,0,0,0,0,33,0,0,19,0,0,0,0,0,0,,4套装：+19致命一击
5199,破坏-2名誉之颈甲套装(Lv.42),5,0,0,0,0,0,0,0,0,0,0,0,0,0,0,0,110,110,0,0,0,0,33,0,0,19,0,0,0,0,0,0,,5套装：+110护甲的物理，魔法护甲+110
5200,破坏-2名誉之颈甲套装(Lv.42),6,13,0,0,0,25,0,0,0,0,0,0,0,0,0,0,110,110,0,0,0,0,33,0,0,19,0,0,0,0,0,0,,6件：+13力量，+25敏捷
5201,破坏-1名誉之中等套装(Lv.42),2,0,0,0,0,0,0,0,0,0,0,0,0,0,0,0,0,0,0,0,0,0,0,0,0,0,0,0,0,0,0,0,,2套装：无
5202,破坏-1名誉之中等套装(Lv.42),3,0,0,0,0,0,0,0,0,0,0,0,0,0,0,0,0,0,0,0,0,0,0,20,0,0,0,0,0,0,0,0,,3套装：+20闪避
5203,破坏-1名誉之中等套装(Lv.42),4,0,0,0,0,0,0,0,0,0,0,0,0,0,0,0,0,0,0,0,0,0,0,20,29,0,0,0,0,0,0,0,,4套装：+29减少伤害
5204,破坏-1名誉之中等套装(Lv.42),5,0,0,0,0,0,0,0,0,0,0,0,0,0,0,0,132,88,0,0,0,0,0,20,29,0,0,0,0,0,0,0,,5套装：+132护甲的物理，魔法护甲+88
5205,破坏-1名誉之中等套装(Lv.42),6,13,25,0,0,0,0,0,0,0,0,0,0,0,0,0,132,88,0,0,0,0,0,20,29,0,0,0,0,0,0,0,,6件：+13力量，+25耐力
5206,破坏-2名誉之中等套装(Lv.42),2,0,0,0,0,0,0,0,0,0,0,0,0,0,0,0,0,0,0,0,0,0,0,0,0,0,0,0,0,0,0,0,,2套装：无
5207,破坏-2名誉之中等套装(Lv.42),3,0,0,0,0,0,0,0,0,0,0,0,0,0,0,0,0,0,0,0,0,0,33,0,0,0,0,0,0,0,0,0,,3套装：+33命中度
5208,破坏-2名誉之中等套装(Lv.42),4,0,0,0,0,0,0,0,0,0,0,0,0,0,0,0,0,0,0,0,0,0,33,0,0,16,0,0,0,0,0,0,,4套装：+16致命一击
5209,破坏-2名誉之中等套装(Lv.42),5,0,0,0,0,0,0,0,0,0,0,0,0,0,0,0,132,88,0,0,0,0,33,0,0,16,0,0,0,0,0,0,,5套装：+132护甲的物理，魔法护甲+88
5210,破坏-2名誉之中等套装(Lv.42),6,21,17,0,0,0,0,0,0,0,0,0,0,0,0,0,132,88,0,0,0,0,33,0,0,16,0,0,0,0,0,0,,6件：+21力量，+17耐力
5211,破坏-1名誉之洛夫套装(Lv.45),2,0,0,0,0,0,0,0,0,0,0,0,0,0,0,0,0,0,0,0,0,0,0,0,0,0,0,0,0,0,0,0,,2套装：无
5212,破坏-1名誉之洛夫套装(Lv.45),3,0,0,0,0,0,0,0,0,0,75,0,0,0,0,0,0,0,0,0,0,0,0,0,0,0,0,0,0,0,0,0,,3套装：+75魔法值
5213,破坏-1名誉之洛夫套装(Lv.45),4,0,0,0,0,0,0,0,100,0,75,0,0,0,0,0,0,0,0,0,0,0,0,0,0,0,0,0,0,0,0,0,,4组：治疗+100
5214,破坏-1名誉之洛夫套装(Lv.45),5,0,0,0,0,0,0,0,100,0,75,0,0,0,0,0,95,142,0,0,0,0,0,0,0,0,0,0,0,0,0,0,,5套装：+95护甲的物理，魔法护甲+142
5215,破坏-1名誉之洛夫套装(Lv.45),6,0,18,0,23,0,0,0,100,0,75,0,0,0,0,0,95,142,0,0,0,0,0,0,0,0,0,0,0,0,0,0,,6.套装：+18耐力，+23精神
5216,破坏-2名誉之洛夫套装(Lv.45),2,0,0,0,0,0,0,0,0,0,0,0,0,0,0,0,0,0,0,0,0,0,0,0,0,0,0,0,0,0,0,0,,2套装：无
5217,破坏-2名誉之洛夫套装(Lv.45),3,0,0,0,0,0,0,0,0,0,0,0,0,0,0,0,0,0,0,0,0,0,38,0,0,0,0,0,0,0,0,0,,3套装：+38命中度
5218,破坏-2名誉之洛夫套装(Lv.45),4,0,0,0,0,0,0,0,0,0,0,0,0,0,0,0,0,0,0,0,0,0,38,0,0,14,0,0,0,0,0,0,,4套装：+14致命一击
5219,破坏-2名誉之洛夫套装(Lv.45),5,0,0,0,0,0,0,0,0,0,0,0,0,0,0,0,95,142,0,0,0,0,38,0,0,14,0,0,0,0,0,0,,5套装：+95护甲的物理，魔法护甲+142
5220,破坏-2名誉之洛夫套装(Lv.45),6,0,0,23,18,0,0,0,0,0,0,0,0,0,0,0,95,142,0,0,0,0,38,0,0,14,0,0,0,0,0,0,,6.套装：+23智力，精神+18
5221,破坏-1名誉之颈甲套装(Lv.45),2,0,0,0,0,0,0,0,0,0,0,0,0,0,0,0,0,0,0,0,0,0,0,0,0,0,0,0,0,0,0,0,,2套装：无
5222,破坏-1名誉之颈甲套装(Lv.45),3,0,0,0,0,0,0,0,0,0,0,0,0,0,0,0,0,0,0,0,0,0,0,24,0,0,0,0,0,0,0,0,,3套装：+24闪避
5223,破坏-1名誉之颈甲套装(Lv.45),4,0,0,0,0,0,0,0,0,0,0,0,0,0,0,0,0,0,0,0,0,0,0,24,0,0,0,0,0,90,0,0,,4套装：攻击速度+ 9％
5224,破坏-1名誉之颈甲套装(Lv.45),5,0,0,0,0,0,0,0,0,0,0,0,0,0,0,0,118,118,0,0,0,0,0,24,0,0,0,0,0,90,0,0,,5套装：+118护甲的物理，魔法护甲+118
5225,破坏-1名誉之颈甲套装(Lv.45),6,18,0,0,0,23,0,0,0,0,0,0,0,0,0,0,118,118,0,0,0,0,0,24,0,0,0,0,0,90,0,0,,6件：+18力量，+23敏捷
5226,破坏-2名誉之颈甲套装(Lv.45),2,0,0,0,0,0,0,0,0,0,0,0,0,0,0,0,0,0,0,0,0,0,0,0,0,0,0,0,0,0,0,0,,2套装：无
5227,破坏-2名誉之颈甲套装(Lv.45),3,0,0,0,0,0,0,0,0,0,0,0,0,0,0,0,0,0,0,0,0,0,38,0,0,0,0,0,0,0,0,0,,3套装：+38命中度
5228,破坏-2名誉之颈甲套装(Lv.45),4,0,0,0,0,0,0,0,0,0,0,0,0,0,0,0,0,0,0,0,0,0,38,0,0,21,0,0,0,0,0,0,,4套装：+21致命一击
5229,破坏-2名誉之颈甲套装(Lv.45),5,0,0,0,0,0,0,0,0,0,0,0,0,0,0,0,118,118,0,0,0,0,38,0,0,21,0,0,0,0,0,0,,5套装：+118护甲的物理，魔法护甲+118
5230,破坏-2名誉之颈甲套装(Lv.45),6,14,0,0,0,27,0,0,0,0,0,0,0,0,0,0,118,118,0,0,0,0,38,0,0,21,0,0,0,0,0,0,,6件：+14力量，+27敏捷
5231,破坏-1名誉之中等套装(Lv.45),2,0,0,0,0,0,0,0,0,0,0,0,0,0,0,0,0,0,0,0,0,0,0,0,0,0,0,0,0,0,0,0,,2套装：无
5232,破坏-1名誉之中等套装(Lv.45),3,0,0,0,0,0,0,0,0,0,0,0,0,0,0,0,0,0,0,0,0,0,0,22,0,0,0,0,0,0,0,0,,3套装：+22闪避
5233,破坏-1名誉之中等套装(Lv.45),4,0,0,0,0,0,0,0,0,0,0,0,0,0,0,0,0,0,0,0,0,0,0,22,30,0,0,0,0,0,0,0,,4套装：+30减少伤害
5234,破坏-1名誉之中等套装(Lv.45),5,0,0,0,0,0,0,0,0,0,0,0,0,0,0,0,142,95,0,0,0,0,0,22,30,0,0,0,0,0,0,0,,5套装：+142护甲的物理，魔法护甲+95
5235,破坏-1名誉之中等套装(Lv.45),6,14,27,0,0,0,0,0,0,0,0,0,0,0,0,0,142,95,0,0,0,0,0,22,30,0,0,0,0,0,0,0,,6件：+14力量，+27耐力
5236,破坏-2名誉之中等套装(Lv.45),2,0,0,0,0,0,0,0,0,0,0,0,0,0,0,0,0,0,0,0,0,0,0,0,0,0,0,0,0,0,0,0,,2套装：无
5237,破坏-2名誉之中等套装(Lv.45),3,0,0,0,0,0,0,0,0,0,0,0,0,0,0,0,0,0,0,0,0,0,38,0,0,0,0,0,0,0,0,0,,3套装：+38命中度
5238,破坏-2名誉之中等套装(Lv.45),4,0,0,0,0,0,0,0,0,0,0,0,0,0,0,0,0,0,0,0,0,0,38,0,0,17,0,0,0,0,0,0,,4套装：+17致命一击
5239,破坏-2名誉之中等套装(Lv.45),5,0,0,0,0,0,0,0,0,0,0,0,0,0,0,0,142,95,0,0,0,0,38,0,0,17,0,0,0,0,0,0,,5套装：+142护甲的物理，魔法护甲+95
5240,破坏-2名誉之中等套装(Lv.45),6,23,18,0,0,0,0,0,0,0,0,0,0,0,0,0,142,95,0,0,0,0,38,0,0,17,0,0,0,0,0,0,,6件：+23力量，+18耐力
5241,破坏-1名誉之洛夫套装(Lv.47),2,0,0,0,0,0,0,0,0,0,0,0,0,0,0,0,0,0,0,0,0,0,0,0,0,0,0,0,0,0,0,0,,2套装：无
5242,破坏-1名誉之洛夫套装(Lv.47),3,0,0,0,0,0,0,0,0,0,79,0,0,0,0,0,0,0,0,0,0,0,0,0,0,0,0,0,0,0,0,0,,3套装：+79魔法值
5243,破坏-1名誉之洛夫套装(Lv.47),4,0,0,0,0,0,0,0,110,0,79,0,0,0,0,0,0,0,0,0,0,0,0,0,0,0,0,0,0,0,0,0,,4组：治疗+110
5244,破坏-1名誉之洛夫套装(Lv.47),5,0,0,0,0,0,0,0,110,0,79,0,0,0,0,0,99,148,0,0,0,0,0,0,0,0,0,0,0,0,0,0,,5套装：+99护甲的物理，魔法护甲+148
5245,破坏-1名誉之洛夫套装(Lv.47),6,0,19,0,24,0,0,0,110,0,79,0,0,0,0,0,99,148,0,0,0,0,0,0,0,0,0,0,0,0,0,0,,6.套装：+19耐力+24精神
5246,破坏-2名誉之洛夫套装(Lv.47),2,0,0,0,0,0,0,0,0,0,0,0,0,0,0,0,0,0,0,0,0,0,0,0,0,0,0,0,0,0,0,0,,2套装：无
5247,破坏-2名誉之洛夫套装(Lv.47),3,0,0,0,0,0,0,0,0,0,0,0,0,0,0,0,0,0,0,0,0,0,42,0,0,0,0,0,0,0,0,0,,3套装：+42命中度
5248,破坏-2名誉之洛夫套装(Lv.47),4,0,0,0,0,0,0,0,0,0,0,0,0,0,0,0,0,0,0,0,0,0,42,0,0,15,0,0,0,0,0,0,,4套装：+15致命一击
5249,破坏-2名誉之洛夫套装(Lv.47),5,0,0,0,0,0,0,0,0,0,0,0,0,0,0,0,99,148,0,0,0,0,42,0,0,15,0,0,0,0,0,0,,5套装：+99护甲的物理，魔法护甲+148
5250,破坏-2名誉之洛夫套装(Lv.47),6,0,0,24,19,0,0,0,0,0,0,0,0,0,0,0,99,148,0,0,0,0,42,0,0,15,0,0,0,0,0,0,,6.套装：+24智力，精神+19
5251,破坏-1名誉之颈甲套装(Lv.47),2,0,0,0,0,0,0,0,0,0,0,0,0,0,0,0,0,0,0,0,0,0,0,0,0,0,0,0,0,0,0,0,,2套装：无
5252,破坏-1名誉之颈甲套装(Lv.47),3,0,0,0,0,0,0,0,0,0,0,0,0,0,0,0,0,0,0,0,0,0,0,26,0,0,0,0,0,0,0,0,,3套装：+26闪避
5253,破坏-1名誉之颈甲套装(Lv.47),4,0,0,0,0,0,0,0,0,0,0,0,0,0,0,0,0,0,0,0,0,0,0,26,0,0,0,0,0,94,0,0,,4套装：攻击速度+ 9.4％
5254,破坏-1名誉之颈甲套装(Lv.47),5,0,0,0,0,0,0,0,0,0,0,0,0,0,0,0,123,123,0,0,0,0,0,26,0,0,0,0,0,94,0,0,,5套装：+123护甲的物理，魔法护甲+123
5255,破坏-1名誉之颈甲套装(Lv.47),6,19,0,0,0,24,0,0,0,0,0,0,0,0,0,0,123,123,0,0,0,0,0,26,0,0,0,0,0,94,0,0,,6件：+19力量，+24敏捷
5256,破坏-2名誉之颈甲套装(Lv.47),2,0,0,0,0,0,0,0,0,0,0,0,0,0,0,0,0,0,0,0,0,0,0,0,0,0,0,0,0,0,0,0,,2套装：无
5257,破坏-2名誉之颈甲套装(Lv.47),3,0,0,0,0,0,0,0,0,0,0,0,0,0,0,0,0,0,0,0,0,0,42,0,0,0,0,0,0,0,0,0,,3套装：+42命中度
5258,破坏-2名誉之颈甲套装(Lv.47),4,0,0,0,0,0,0,0,0,0,0,0,0,0,0,0,0,0,0,0,0,0,42,0,0,22,0,0,0,0,0,0,,4套装：+22致命一击
5259,破坏-2名誉之颈甲套装(Lv.47),5,0,0,0,0,0,0,0,0,0,0,0,0,0,0,0,123,123,0,0,0,0,42,0,0,22,0,0,0,0,0,0,,5套装：+123护甲的物理，魔法护甲+123
5260,破坏-2名誉之颈甲套装(Lv.47),6,14,0,0,0,28,0,0,0,0,0,0,0,0,0,0,123,123,0,0,0,0,42,0,0,22,0,0,0,0,0,0,,6件：+14力量，+28敏捷
5261,破坏-1名誉之中等套装(Lv.47),2,0,0,0,0,0,0,0,0,0,0,0,0,0,0,0,0,0,0,0,0,0,0,0,0,0,0,0,0,0,0,0,,2套装：无
5262,破坏-1名誉之中等套装(Lv.47),3,0,0,0,0,0,0,0,0,0,0,0,0,0,0,0,0,0,0,0,0,0,0,24,0,0,0,0,0,0,0,0,,3套装：+24闪避
5263,破坏-1名誉之中等套装(Lv.47),4,0,0,0,0,0,0,0,0,0,0,0,0,0,0,0,0,0,0,0,0,0,0,24,32,0,0,0,0,0,0,0,,4套装：+32减少伤害
5264,破坏-1名誉之中等套装(Lv.47),5,0,0,0,0,0,0,0,0,0,0,0,0,0,0,0,148,99,0,0,0,0,0,24,32,0,0,0,0,0,0,0,,5套装：+148护甲的物理，魔法护甲+99
5265,破坏-1名誉之中等套装(Lv.47),6,14,28,0,0,0,0,0,0,0,0,0,0,0,0,0,148,99,0,0,0,0,0,24,32,0,0,0,0,0,0,0,,6件：+14力量，+28耐力
5266,破坏-2名誉之中等套装(Lv.47),2,0,0,0,0,0,0,0,0,0,0,0,0,0,0,0,0,0,0,0,0,0,0,0,0,0,0,0,0,0,0,0,,2套装：无
5267,破坏-2名誉之中等套装(Lv.47),3,0,0,0,0,0,0,0,0,0,0,0,0,0,0,0,0,0,0,0,0,0,42,0,0,0,0,0,0,0,0,0,,3套装：+42命中度
5268,破坏-2名誉之中等套装(Lv.47),4,0,0,0,0,0,0,0,0,0,0,0,0,0,0,0,0,0,0,0,0,0,42,0,0,18,0,0,0,0,0,0,,4套装：+18致命一击
5269,破坏-2名誉之中等套装(Lv.47),5,0,0,0,0,0,0,0,0,0,0,0,0,0,0,0,148,99,0,0,0,0,42,0,0,18,0,0,0,0,0,0,,5套装：+148护甲的物理，魔法护甲+99
5270,破坏-2名誉之中等套装(Lv.47),6,24,19,0,0,0,0,0,0,0,0,0,0,0,0,0,148,99,0,0,0,0,42,0,0,18,0,0,0,0,0,0,,6件：+24力量，+19耐力
5271,破坏-1名誉之洛夫套装(Lv.50),2,0,0,0,0,0,0,0,0,0,0,0,0,0,0,0,0,0,0,0,0,0,0,0,0,0,0,0,0,0,0,0,,2套装：无
5272,破坏-1名誉之洛夫套装(Lv.50),3,0,0,0,0,0,0,0,0,0,84,0,0,0,0,0,0,0,0,0,0,0,0,0,0,0,0,0,0,0,0,0,,3套装：+84魔法值
5273,破坏-1名誉之洛夫套装(Lv.50),4,0,0,0,0,0,0,0,120,0,84,0,0,0,0,0,0,0,0,0,0,0,0,0,0,0,0,0,0,0,0,0,,4组：治疗+ 120
5274,破坏-1名誉之洛夫套装(Lv.50),5,0,0,0,0,0,0,0,120,0,84,0,0,0,0,0,105,158,0,0,0,0,0,0,0,0,0,0,0,0,0,0,,5套装：+105护甲的物理，魔法护甲+158
5275,破坏-1名誉之洛夫套装(Lv.50),6,0,20,0,25,0,0,0,120,0,84,0,0,0,0,0,105,158,0,0,0,0,0,0,0,0,0,0,0,0,0,0,,6.套装：+20耐力，+25精神
5276,破坏-2名誉之洛夫套装(Lv.50),2,0,0,0,0,0,0,0,0,0,0,0,0,0,0,0,0,0,0,0,0,0,0,0,0,0,0,0,0,0,0,0,,2套装：无
5277,破坏-2名誉之洛夫套装(Lv.50),3,0,0,0,0,0,0,0,0,0,0,0,0,0,0,0,0,0,0,0,0,0,45,0,0,0,0,0,0,0,0,0,,3套装：+45命中度
5278,破坏-2名誉之洛夫套装(Lv.50),4,0,0,0,0,0,0,0,0,0,0,0,0,0,0,0,0,0,0,0,0,0,45,0,0,15,0,0,0,0,0,0,,4套装：+15致命一击
5279,破坏-2名誉之洛夫套装(Lv.50),5,0,0,0,0,0,0,0,0,0,0,0,0,0,0,0,105,158,0,0,0,0,45,0,0,15,0,0,0,0,0,0,,5套装：+105护甲的物理，魔法护甲+158
5280,破坏-2名誉之洛夫套装(Lv.50),6,0,0,25,20,0,0,0,0,0,0,0,0,0,0,0,105,158,0,0,0,0,45,0,0,15,0,0,0,0,0,0,,6.套装：+25智力，精神+20
5281,破坏-1名誉之颈甲套装(Lv.50),2,0,0,0,0,0,0,0,0,0,0,0,0,0,0,0,0,0,0,0,0,0,0,0,0,0,0,0,0,0,0,0,,2套装：无
5282,破坏-1名誉之颈甲套装(Lv.50),3,0,0,0,0,0,0,0,0,0,0,0,0,0,0,0,0,0,0,0,0,0,0,28,0,0,0,0,0,0,0,0,,3套装：+28闪避
5283,破坏-1名誉之颈甲套装(Lv.50),4,0,0,0,0,0,0,0,0,0,0,0,0,0,0,0,0,0,0,0,0,0,0,28,0,0,0,0,0,100,0,0,,4套装：攻击速度+ 10％
5284,破坏-1名誉之颈甲套装(Lv.50),5,0,0,0,0,0,0,0,0,0,0,0,0,0,0,0,131,131,0,0,0,0,0,28,0,0,0,0,0,100,0,0,,5套装：+131护甲的物理，魔法护甲+131
5285,破坏-1名誉之颈甲套装(Lv.50),6,20,0,0,0,25,0,0,0,0,0,0,0,0,0,0,131,131,0,0,0,0,0,28,0,0,0,0,0,100,0,0,,6件：+20力量，+25敏捷
5286,破坏-2名誉之颈甲套装(Lv.50),2,0,0,0,0,0,0,0,0,0,0,0,0,0,0,0,0,0,0,0,0,0,0,0,0,0,0,0,0,0,0,0,,2套装：无
5287,破坏-2名誉之颈甲套装(Lv.50),3,0,0,0,0,0,0,0,0,0,0,0,0,0,0,0,0,0,0,0,0,0,45,0,0,0,0,0,0,0,0,0,,3套装：+45命中度
5288,破坏-2名誉之颈甲套装(Lv.50),4,0,0,0,0,0,0,0,0,0,0,0,0,0,0,0,0,0,0,0,0,0,45,0,0,23,0,0,0,0,0,0,,4套装：+23致命一击
5289,破坏-2名誉之颈甲套装(Lv.50),5,0,0,0,0,0,0,0,0,0,0,0,0,0,0,0,131,131,0,0,0,0,45,0,0,23,0,0,0,0,0,0,,5套装：+131护甲的物理，魔法护甲+131
5290,破坏-2名誉之颈甲套装(Lv.50),6,15,0,0,0,30,0,0,0,0,0,0,0,0,0,0,131,131,0,0,0,0,45,0,0,23,0,0,0,0,0,0,,6件：+15力量，+30敏捷
5291,破坏-1名誉之中等套装(Lv.50),2,0,0,0,0,0,0,0,0,0,0,0,0,0,0,0,0,0,0,0,0,0,0,0,0,0,0,0,0,0,0,0,,2套装：无
5292,破坏-1名誉之中等套装(Lv.50),3,0,0,0,0,0,0,0,0,0,0,0,0,0,0,0,0,0,0,0,0,0,0,26,0,0,0,0,0,0,0,0,,3套装：+26闪避
5293,破坏-1名誉之中等套装(Lv.50),4,0,0,0,0,0,0,0,0,0,0,0,0,0,0,0,0,0,0,0,0,0,0,26,34,0,0,0,0,0,0,0,,4套装：+34减少伤害
5294,破坏-1名誉之中等套装(Lv.50),5,0,0,0,0,0,0,0,0,0,0,0,0,0,0,0,158,105,0,0,0,0,0,26,34,0,0,0,0,0,0,0,,5套装：+158护甲的物理，魔法护甲+105
5295,破坏-1名誉之中等套装(Lv.50),6,15,30,0,0,0,0,0,0,0,0,0,0,0,0,0,158,105,0,0,0,0,0,26,34,0,0,0,0,0,0,0,,6件：+15力量，+30耐力
5296,破坏-2名誉之中等套装(Lv.50),2,0,0,0,0,0,0,0,0,0,0,0,0,0,0,0,0,0,0,0,0,0,0,0,0,0,0,0,0,0,0,0,,2套装：无
5297,破坏-2名誉之中等套装(Lv.50),3,0,0,0,0,0,0,0,0,0,0,0,0,0,0,0,0,0,0,0,0,0,45,0,0,0,0,0,0,0,0,0,,3套装：+45命中度
5298,破坏-2名誉之中等套装(Lv.50),4,0,0,0,0,0,0,0,0,0,0,0,0,0,0,0,0,0,0,0,0,0,45,0,0,19,0,0,0,0,0,0,,4套装：+19致命一击
5299,破坏-2名誉之中等套装(Lv.50),5,0,0,0,0,0,0,0,0,0,0,0,0,0,0,0,158,105,0,0,0,0,45,0,0,19,0,0,0,0,0,0,,5套装：+158护甲的物理，魔法护甲+105
5300,破坏-2名誉之中等套装(Lv.50),6,25,20,0,0,0,0,0,0,0,0,0,0,0,0,0,158,105,0,0,0,0,45,0,0,19,0,0,0,0,0,0,,6件：+25力量，+20耐力
5301,破坏-1名誉之洛夫套装(Lv.52),2,0,0,0,0,0,0,0,0,0,0,0,0,0,0,0,0,0,0,0,0,0,0,0,0,0,0,0,0,0,0,0,,2套装：无
5302,破坏-1名誉之洛夫套装(Lv.52),3,0,0,0,0,0,0,0,0,0,87,0,0,0,0,0,0,0,0,0,0,0,0,0,0,0,0,0,0,0,0,0,,3套装：+87魔法值
5303,破坏-1名誉之洛夫套装(Lv.52),4,0,0,0,0,0,0,0,130,0,87,0,0,0,0,0,0,0,0,0,0,0,0,0,0,0,0,0,0,0,0,0,,4组：治疗+ 130
5304,破坏-1名誉之洛夫套装(Lv.52),5,0,0,0,0,0,0,0,130,0,87,0,0,0,0,0,109,164,0,0,0,0,0,0,0,0,0,0,0,0,0,0,,5套装：+109护甲的物理，魔法护甲+164
5305,破坏-1名誉之洛夫套装(Lv.52),6,0,21,0,26,0,0,0,130,0,87,0,0,0,0,0,109,164,0,0,0,0,0,0,0,0,0,0,0,0,0,0,,6.套装：+21耐力+26精神
5306,破坏-2名誉之洛夫套装(Lv.52),2,0,0,0,0,0,0,0,0,0,0,0,0,0,0,0,0,0,0,0,0,0,0,0,0,0,0,0,0,0,0,0,,2套装：无
5307,破坏-2名誉之洛夫套装(Lv.52),3,0,0,0,0,0,0,0,0,0,0,0,0,0,0,0,0,0,0,0,0,0,48,0,0,0,0,0,0,0,0,0,,3套装：+48命中度
5308,破坏-2名誉之洛夫套装(Lv.52),4,0,0,0,0,0,0,0,0,0,0,0,0,0,0,0,0,0,0,0,0,0,48,0,0,16,0,0,0,0,0,0,,4套装：+16致命一击
5309,破坏-2名誉之洛夫套装(Lv.52),5,0,0,0,0,0,0,0,0,0,0,0,0,0,0,0,109,164,0,0,0,0,48,0,0,16,0,0,0,0,0,0,,5套装：+109护甲的物理，魔法护甲+164
5310,破坏-2名誉之洛夫套装(Lv.52),6,0,0,26,21,0,0,0,0,0,0,0,0,0,0,0,109,164,0,0,0,0,48,0,0,16,0,0,0,0,0,0,,6.套装：+26智力，精神+21
5311,破坏-1名誉之颈甲套装(Lv.52),2,0,0,0,0,0,0,0,0,0,0,0,0,0,0,0,0,0,0,0,0,0,0,0,0,0,0,0,0,0,0,0,,2套装：无
5312,破坏-1名誉之颈甲套装(Lv.52),3,0,0,0,0,0,0,0,0,0,0,0,0,0,0,0,0,0,0,0,0,0,0,31,0,0,0,0,0,0,0,0,,3套装：+31闪避
5313,破坏-1名誉之颈甲套装(Lv.52),4,0,0,0,0,0,0,0,0,0,0,0,0,0,0,0,0,0,0,0,0,0,0,31,0,0,0,0,0,104,0,0,,4套装：攻击速度+ 10.4％
5314,破坏-1名誉之颈甲套装(Lv.52),5,0,0,0,0,0,0,0,0,0,0,0,0,0,0,0,137,137,0,0,0,0,0,31,0,0,0,0,0,104,0,0,,5套装：+137护甲的物理，魔法护甲+137
5315,破坏-1名誉之颈甲套装(Lv.52),6,21,0,0,0,26,0,0,0,0,0,0,0,0,0,0,137,137,0,0,0,0,0,31,0,0,0,0,0,104,0,0,,6件：+21力量，+26敏捷
5316,破坏-2名誉之颈甲套装(Lv.52),2,0,0,0,0,0,0,0,0,0,0,0,0,0,0,0,0,0,0,0,0,0,0,0,0,0,0,0,0,0,0,0,,2套装：无
5317,破坏-2名誉之颈甲套装(Lv.52),3,0,0,0,0,0,0,0,0,0,0,0,0,0,0,0,0,0,0,0,0,0,48,0,0,0,0,0,0,0,0,0,,3套装：+48命中度
5318,破坏-2名誉之颈甲套装(Lv.52),4,0,0,0,0,0,0,0,0,0,0,0,0,0,0,0,0,0,0,0,0,0,48,0,0,24,0,0,0,0,0,0,,4套装：+24致命一击
5319,破坏-2名誉之颈甲套装(Lv.52),5,0,0,0,0,0,0,0,0,0,0,0,0,0,0,0,137,137,0,0,0,0,48,0,0,24,0,0,0,0,0,0,,5套装：+137护甲的物理，魔法护甲+137
5320,破坏-2名誉之颈甲套装(Lv.52),6,16,0,0,0,31,0,0,0,0,0,0,0,0,0,0,137,137,0,0,0,0,48,0,0,24,0,0,0,0,0,0,,6件：+16力量，+31敏捷
5321,破坏-1名誉之中等套装(Lv.52),2,0,0,0,0,0,0,0,0,0,0,0,0,0,0,0,0,0,0,0,0,0,0,0,0,0,0,0,0,0,0,0,,2套装：无
5322,破坏-1名誉之中等套装(Lv.52),3,0,0,0,0,0,0,0,0,0,0,0,0,0,0,0,0,0,0,0,0,0,0,29,0,0,0,0,0,0,0,0,,3套装：+29闪避
5323,破坏-1名誉之中等套装(Lv.52),4,0,0,0,0,0,0,0,0,0,0,0,0,0,0,0,0,0,0,0,0,0,0,29,35,0,0,0,0,0,0,0,,4套装：+35减少伤害
5324,破坏-1名誉之中等套装(Lv.52),5,0,0,0,0,0,0,0,0,0,0,0,0,0,0,0,164,109,0,0,0,0,0,29,35,0,0,0,0,0,0,0,,5套装：+164护甲的物理，魔法护甲+109
5325,破坏-1名誉之中等套装(Lv.52),6,16,31,0,0,0,0,0,0,0,0,0,0,0,0,0,164,109,0,0,0,0,0,29,35,0,0,0,0,0,0,0,,6件：+16力量，+31耐力
5326,破坏-2名誉之中等套装(Lv.52),2,0,0,0,0,0,0,0,0,0,0,0,0,0,0,0,0,0,0,0,0,0,0,0,0,0,0,0,0,0,0,0,,2套装：无
5327,破坏-2名誉之中等套装(Lv.52),3,0,0,0,0,0,0,0,0,0,0,0,0,0,0,0,0,0,0,0,0,0,48,0,0,0,0,0,0,0,0,0,,3套装：+48命中度
5328,破坏-2名誉之中等套装(Lv.52),4,0,0,0,0,0,0,0,0,0,0,0,0,0,0,0,0,0,0,0,0,0,48,0,0,20,0,0,0,0,0,0,,4套装：+20致命一击
5329,破坏-2名誉之中等套装(Lv.52),5,0,0,0,0,0,0,0,0,0,0,0,0,0,0,0,164,109,0,0,0,0,48,0,0,20,0,0,0,0,0,0,,5套装：+164护甲的物理，魔法护甲+109
5330,破坏-2名誉之中等套装(Lv.52),6,26,21,0,0,0,0,0,0,0,0,0,0,0,0,0,164,109,0,0,0,0,48,0,0,20,0,0,0,0,0,0,,6件：+26力量，+21耐力
5331,破坏-1名誉之洛夫套装(Lv.55),2,0,0,0,0,0,0,0,0,0,0,0,0,0,0,0,0,0,0,0,0,0,0,0,0,0,0,0,0,0,0,0,,2套装：无
5332,破坏-1名誉之洛夫套装(Lv.55),3,0,0,0,0,0,0,0,0,0,92,0,0,0,0,0,0,0,0,0,0,0,0,0,0,0,0,0,0,0,0,0,,3套装：+92魔法值
5333,破坏-1名誉之洛夫套装(Lv.55),4,0,0,0,0,0,0,0,140,0,92,0,0,0,0,0,0,0,0,0,0,0,0,0,0,0,0,0,0,0,0,0,,4组：治疗+140
5334,破坏-1名誉之洛夫套装(Lv.55),5,0,0,0,0,0,0,0,140,0,92,0,0,0,0,0,116,173,0,0,0,0,0,0,0,0,0,0,0,0,0,0,,5套装：+116护甲的物理，魔法护甲+173
5335,破坏-1名誉之洛夫套装(Lv.55),6,0,22,0,28,0,0,0,140,0,92,0,0,0,0,0,116,173,0,0,0,0,0,0,0,0,0,0,0,0,0,0,,6.套装：+22耐力，+28精神
5336,破坏-2名誉之洛夫套装(Lv.55),2,0,0,0,0,0,0,0,0,0,0,0,0,0,0,0,0,0,0,0,0,0,0,0,0,0,0,0,0,0,0,0,,2套装：无
5337,破坏-2名誉之洛夫套装(Lv.55),3,0,0,0,0,0,0,0,0,0,0,0,0,0,0,0,0,0,0,0,0,0,52,0,0,0,0,0,0,0,0,0,,3套装：+52命中度
5338,破坏-2名誉之洛夫套装(Lv.55),4,0,0,0,0,0,0,0,0,0,0,0,0,0,0,0,0,0,0,0,0,0,52,0,0,17,0,0,0,0,0,0,,4套装：+17致命一击
5339,破坏-2名誉之洛夫套装(Lv.55),5,0,0,0,0,0,0,0,0,0,0,0,0,0,0,0,116,173,0,0,0,0,52,0,0,17,0,0,0,0,0,0,,5套装：+116护甲的物理，魔法护甲+173
5340,破坏-2名誉之洛夫套装(Lv.55),6,0,0,28,22,0,0,0,0,0,0,0,0,0,0,0,116,173,0,0,0,0,52,0,0,17,0,0,0,0,0,0,,6.套装：+28智力，精神+22
5341,破坏-1名誉之颈甲套装(Lv.55),2,0,0,0,0,0,0,0,0,0,0,0,0,0,0,0,0,0,0,0,0,0,0,0,0,0,0,0,0,0,0,0,,2套装：无
5342,破坏-1名誉之颈甲套装(Lv.55),3,0,0,0,0,0,0,0,0,0,0,0,0,0,0,0,0,0,0,0,0,0,0,34,0,0,0,0,0,0,0,0,,3套装：+34闪避
5343,破坏-1名誉之颈甲套装(Lv.55),4,0,0,0,0,0,0,0,0,0,0,0,0,0,0,0,0,0,0,0,0,0,0,34,0,0,0,0,0,110,0,0,,4套装：攻击速度+ 11％
5344,破坏-1名誉之颈甲套装(Lv.55),5,0,0,0,0,0,0,0,0,0,0,0,0,0,0,0,144,144,0,0,0,0,0,34,0,0,0,0,0,110,0,0,,5套装：+144护甲的物理，魔法护甲+144
5345,破坏-1名誉之颈甲套装(Lv.55),6,22,0,0,0,28,0,0,0,0,0,0,0,0,0,0,144,144,0,0,0,0,0,34,0,0,0,0,0,110,0,0,,6件：+22力量，+28敏捷
5346,破坏-2名誉之颈甲套装(Lv.55),2,0,0,0,0,0,0,0,0,0,0,0,0,0,0,0,0,0,0,0,0,0,0,0,0,0,0,0,0,0,0,0,,2套装：无
5347,破坏-2名誉之颈甲套装(Lv.55),3,0,0,0,0,0,0,0,0,0,0,0,0,0,0,0,0,0,0,0,0,0,52,0,0,0,0,0,0,0,0,0,,3套装：+52命中度
5348,破坏-2名誉之颈甲套装(Lv.55),4,0,0,0,0,0,0,0,0,0,0,0,0,0,0,0,0,0,0,0,0,0,52,0,0,25,0,0,0,0,0,0,,4套装：+25致命一击
5349,破坏-2名誉之颈甲套装(Lv.55),5,0,0,0,0,0,0,0,0,0,0,0,0,0,0,0,144,144,0,0,0,0,52,0,0,25,0,0,0,0,0,0,,5套装：+144护甲的物理，魔法护甲+144
5350,破坏-2名誉之颈甲套装(Lv.55),6,17,0,0,0,33,0,0,0,0,0,0,0,0,0,0,144,144,0,0,0,0,52,0,0,25,0,0,0,0,0,0,,6件：+17力量，+33敏捷
5351,破坏-1名誉之中等套装(Lv.55),2,0,0,0,0,0,0,0,0,0,0,0,0,0,0,0,0,0,0,0,0,0,0,0,0,0,0,0,0,0,0,0,,2套装：无
5352,破坏-1名誉之中等套装(Lv.55),3,0,0,0,0,0,0,0,0,0,0,0,0,0,0,0,0,0,0,0,0,0,0,32,0,0,0,0,0,0,0,0,,3套装：+32闪避
5353,破坏-1名誉之中等套装(Lv.55),4,0,0,0,0,0,0,0,0,0,0,0,0,0,0,0,0,0,0,0,0,0,0,32,37,0,0,0,0,0,0,0,,4套装：+37减少伤害
5354,破坏-1名誉之中等套装(Lv.55),5,0,0,0,0,0,0,0,0,0,0,0,0,0,0,0,173,116,0,0,0,0,0,32,37,0,0,0,0,0,0,0,,5套装：+173护甲的物理，魔法护甲+116
5355,破坏-1名誉之中等套装(Lv.55),6,17,33,0,0,0,0,0,0,0,0,0,0,0,0,0,173,116,0,0,0,0,0,32,37,0,0,0,0,0,0,0,,6件：+17力量，+33耐力
5356,破坏-2名誉之中等套装(Lv.55),2,0,0,0,0,0,0,0,0,0,0,0,0,0,0,0,0,0,0,0,0,0,0,0,0,0,0,0,0,0,0,0,,2套装：无
5357,破坏-2名誉之中等套装(Lv.55),3,0,0,0,0,0,0,0,0,0,0,0,0,0,0,0,0,0,0,0,0,0,52,0,0,0,0,0,0,0,0,0,,3套装：+52命中度
5358,破坏-2名誉之中等套装(Lv.55),4,0,0,0,0,0,0,0,0,0,0,0,0,0,0,0,0,0,0,0,0,0,52,0,0,21,0,0,0,0,0,0,,4套装：+21致命一击
5359,破坏-2名誉之中等套装(Lv.55),5,0,0,0,0,0,0,0,0,0,0,0,0,0,0,0,173,116,0,0,0,0,52,0,0,21,0,0,0,0,0,0,,5套装：+173护甲的物理，魔法护甲+116
5360,破坏-2名誉之中等套装(Lv.55),6,28,22,0,0,0,0,0,0,0,0,0,0,0,0,0,173,116,0,0,0,0,52,0,0,21,0,0,0,0,0,0,,6件：+28力量，+22耐力
5361,破坏-平凡的黑暗化身套装(1次),2,0,0,0,0,0,0,0,0,0,0,0,0,0,0,0,0,0,0,0,0,0,0,0,0,0,0,0,0,0,0,0,,2套装：无
5362,破坏-平凡的黑暗化身套装(1次),3,0,0,0,0,0,0,0,0,0,0,0,0,0,0,0,0,0,0,0,0,0,0,0,0,0,0,0,0,0,0,0,,3套装：无
5363,破坏-平凡的黑暗化身套装(1次),4,0,0,0,0,0,0,0,0,0,0,0,0,0,0,0,0,0,0,0,0,0,0,0,0,0,0,0,0,0,0,0,,4套装：无
5364,破坏-平凡的黑暗化身套装(1次),5,0,0,0,0,0,0,0,10,0,0,0,0,0,0,0,0,0,0,0,0,0,0,0,0,0,0,0,0,0,0,0,,5套装：治疗+10
5365,破坏-平凡的黑暗化身套装(1次),6,0,0,0,0,0,0,0,10,0,0,0,0,0,0,0,0,0,0,0,0,0,0,0,0,0,0,0,0,5,50,0,,6.套装：攻击速度0.5％，移动速度1％
5366,破坏-时髦的黑暗化身套装(1次),2,0,0,0,0,0,0,0,20,0,0,0,0,0,0,0,0,0,0,0,0,0,0,0,0,0,0,0,0,0,0,0,,2件：+20治疗
5367,破坏-时髦的黑暗化身套装(1次),3,0,0,0,0,0,0,0,20,0,0,0,0,0,0,0,0,0,0,0,0,0,0,0,0,0,20,0,0,0,0,0,,3套装：+20攻击无视防御
5368,破坏-时髦的黑暗化身套装(1次),4,0,0,0,0,0,0,0,20,0,0,0,0,0,0,0,0,0,0,0,0,0,0,0,0,20,20,0,0,0,0,0,,4套装：+20致命一击
5369,破坏-时髦的黑暗化身套装(1次),5,0,0,0,0,0,0,0,20,0,0,0,0,0,0,0,0,0,0,0,0,0,0,0,0,20,20,0.5,0.5,0,0,0,,套装5：PVP攻击0.5％，PVP防御0.5％
5370,破坏-时髦的黑暗化身套装(1次),6,0,0,0,0,0,0,0,20,0,0,0,0,0,0,0,0,0,0,0,0,0,0,0,0,20,20,0.5,0.5,15,100,0,,6.套装：1.5％攻击速度，2％移动速度
5371,破坏-稀有的黑暗化身套装(1次),2,0,0,0,0,0,0,0,30,0,0,0,0,0,0,0,0,0,0,0,0,0,0,0,0,0,0,0,0,0,0,0,,2件：+30治疗
5372,破坏-稀有的黑暗化身套装(1次),3,0,0,0,0,0,0,0,30,0,0,0,0,0,0,0,0,0,0,0,0,0,0,0,0,0,40,0,0,0,0,0,,3套装：+40攻击无视防御
5373,破坏-稀有的黑暗化身套装(1次),4,0,0,0,0,0,0,0,30,0,0,0,0,0,0,0,0,0,0,0,0,0,0,0,0,20,40,0,0,0,0,0,,4套装：+20致命一击
5374,破坏-稀有的黑暗化身套装(1次),5,0,0,0,0,0,0,0,30,0,0,0,0,0,0,0,0,0,0,0,0,0,0,0,0,20,40,1,1,0,0,0,,套装5：PVP攻击1％，PVP防御1％
5375,破坏-稀有的黑暗化身套装(1次),6,0,0,0,0,0,0,0,30,0,0,0,0,0,0,0,0,0,0,0,0,0,0,0,0,20,40,1,1,30,150,0,,6.套装：3％的攻击速度，3％的移动速度
5376,破坏-平凡的冰之化身套装(2次),2,0,0,0,0,0,0,0,0,0,0,0,0,0,0,0,0,0,0,0,0,0,0,0,0,0,0,0,0,0,0,0,,2套装：无
5377,破坏-平凡的冰之化身套装(2次),3,0,0,0,0,0,0,0,0,0,0,0,0,0,0,0,0,0,0,0,0,0,0,0,0,0,0,0,0,0,0,0,,3套装：无
5378,破坏-平凡的冰之化身套装(2次),4,0,0,0,0,0,0,0,0,0,0,0,0,0,0,0,0,0,0,0,0,0,0,0,0,0,0,0,0,0,0,0,,4套装：无
5379,破坏-平凡的冰之化身套装(2次),5,0,0,0,0,0,0,0,10,0,0,0,0,0,0,0,0,0,0,0,0,0,0,0,0,0,0,0,0,0,0,0,,5套装：治疗+10
5380,破坏-平凡的冰之化身套装(2次),6,0,0,0,0,0,0,0,10,0,0,0,0,0,0,0,0,0,0,0,0,0,0,0,0,0,0,0,0,5,50,0,,6.套装：攻击速度0.5％，移动速度1％
5381,破坏-时髦的冰之化身套装(2次),2,0,0,0,0,0,0,0,20,0,0,0,0,0,0,0,0,0,0,0,0,0,0,0,0,0,0,0,0,0,0,0,,2件：+20治疗
5382,破坏-时髦的冰之化身套装(2次),3,0,0,0,0,0,0,0,20,0,0,0,0,0,0,0,0,0,0,0,0,0,0,0,0,0,20,0,0,0,0,0,,3套装：+20攻击无视防御
5383,破坏-时髦的冰之化身套装(2次),4,0,0,0,0,0,0,0,20,0,0,0,0,0,0,0,0,0,0,0,0,0,0,0,0,20,20,0,0,0,0,0,,4套装：+20致命一击
5384,破坏-时髦的冰之化身套装(2次),5,0,0,0,0,0,0,0,20,0,0,0,0,0,0,0,0,0,0,0,0,0,0,0,0,20,20,0.5,0.5,0,0,0,,套装5：PVP攻击0.5％，PVP防御0.5％
5385,破坏-时髦的冰之化身套装(2次),6,0,0,0,0,0,0,0,20,0,0,0,0,0,0,0,0,0,0,0,0,0,0,0,0,20,20,0.5,0.5,15,100,0,,6.套装：1.5％攻击速度，2％移动速度
5386,破坏-稀有的冰之化身套装(2次),2,0,0,0,0,0,0,0,30,0,0,0,0,0,0,0,0,0,0,0,0,0,0,0,0,0,0,0,0,0,0,0,,2件：+30治疗
5387,破坏-稀有的冰之化身套装(2次),3,0,0,0,0,0,0,0,30,0,0,0,0,0,0,0,0,0,0,0,0,0,0,0,0,0,40,0,0,0,0,0,,3套装：+40攻击无视防御
5388,破坏-稀有的冰之化身套装(2次),4,0,0,0,0,0,0,0,30,0,0,0,0,0,0,0,0,0,0,0,0,0,0,0,0,20,40,0,0,0,0,0,,4套装：+20致命一击
5389,破坏-稀有的冰之化身套装(2次),5,0,0,0,0,0,0,0,30,0,0,0,0,0,0,0,0,0,0,0,0,0,0,0,0,20,40,1,1,0,0,0,,套装5：PVP攻击1％，PVP防御1％
5390,破坏-稀有的冰之化身套装(2次),6,0,0,0,0,0,0,0,30,0,0,0,0,0,0,0,0,0,0,0,0,0,0,0,0,20,40,1,1,30,150,0,,6.套装：3％的攻击速度，3％的移动速度
5391,破坏-时髦的黑暗化身套装(活动),2,0,0,0,0,0,0,0,20,0,0,0,0,0,0,0,0,0,0,0,0,0,0,0,0,0,0,0,0,0,0,0,,2件：+20治疗
5392,破坏-时髦的黑暗化身套装(活动),3,0,0,0,0,0,0,0,20,0,0,0,0,0,0,0,0,0,0,0,0,0,0,0,0,0,20,0,0,0,0,0,,3套装：+20攻击无视防御
5393,破坏-时髦的黑暗化身套装(活动),4,0,0,0,0,0,0,0,20,0,0,0,0,0,0,0,0,0,0,0,0,0,0,0,0,20,20,0,0,0,0,0,,4套装：+20致命一击
5394,破坏-时髦的黑暗化身套装(活动),5,0,0,0,0,0,0,0,20,0,0,0,0,0,0,0,0,0,0,0,0,0,0,0,0,20,20,0.5,0.5,0,0,0,,套装5：PVP攻击0.5％，PVP防御0.5％
5395,破坏-时髦的黑暗化身套装(活动),6,0,0,0,0,0,0,0,20,0,0,0,0,0,0,0,0,0,0,0,0,0,0,0,0,20,20,0.5,0.5,15,100,0,,6.套装：1.5％攻击速度，2％移动速度
10000,1耐力饰品(Lv.10),2,0,0,0,0,0,174,7,0,0,0,0,0,0,0,0,0,0,0,0,0,0,0,0,0,0,0,0,0,0,0,0,,套装2：最大174生命，生命再生+7
10001,1耐力饰品(Lv.10),3,0,0,0,0,0,174,7,0,0,0,0,10,10,0,0,0,0,0,0,0,0,0,0,0,0,0,0,0,0,0,0,,3套装：+10物理攻击
10006,2耐力饰品(Lv.10),2,0,0,0,0,0,0,0,0,139,3,0,0,0,0,0,0,0,0,0,0,0,0,0,0,0,0,0,0,0,0,0,,套装2：最大+139魔法值，魔法值+3
10007,2耐力饰品(Lv.10),3,0,0,0,0,0,0,0,0,139,3,0,0,0,10,10,0,0,0,0,0,0,0,0,0,0,0,0,0,0,0,0,,3套装：+10魔法攻击
10010,1勇猛的饰品(Lv.20),2,0,0,0,0,0,349,14,0,0,0,0,0,0,0,0,0,0,0,0,0,0,0,0,0,0,0,0,0,0,0,0,,套装2：最大349生命，生命回复+14
10011,1勇猛的饰品(Lv.20),3,0,0,0,0,0,349,14,0,0,0,0,20,20,0,0,0,0,0,0,0,0,0,0,0,0,0,0,0,0,0,0,,3套装：+20物理攻击
10016,2勇猛的饰品(Lv.20),2,0,0,0,0,0,0,0,0,279,6,0,0,0,0,0,0,0,0,0,0,0,0,0,0,0,0,0,0,0,0,0,,套装2：最大279点法力值，法力值+6
10017,2勇猛的饰品(Lv.20),3,0,0,0,0,0,0,0,0,279,6,0,0,0,20,20,0,0,0,0,0,0,0,0,0,0,0,0,0,0,0,0,,3套装：+20魔法攻击
10020,1破裂的饰品(Lv.25),2,0,0,0,0,0,436,17,0,0,0,0,0,0,0,0,0,0,0,0,0,0,0,0,0,0,0,0,0,0,0,0,,套装2：最大436生命，生命回复+17
10021,1破裂的饰品(Lv.25),3,0,0,0,0,0,436,17,0,0,0,0,25,25,0,0,0,0,0,0,0,0,0,0,0,0,0,0,0,0,0,0,,3套装：+25物理攻击
10026,2破裂的饰品(Lv.25),2,0,0,0,0,0,0,0,0,348,7,0,0,0,0,0,0,0,0,0,0,0,0,0,0,0,0,0,0,0,0,0,,套装2：最大348点法力值，法力值+7
10027,2破裂的饰品(Lv.25),3,0,0,0,0,0,0,0,0,348,7,0,0,0,25,25,0,0,0,0,0,0,0,0,0,0,0,0,0,0,0,0,,3套装：+25魔法攻击
10030,1黎明的饰品(Lv.30),2,0,0,0,0,0,523,21,0,0,0,0,0,0,0,0,0,0,0,0,0,0,0,0,0,0,0,0,0,0,0,0,,套装2：最大523生命，生命回复+21
10031,1黎明的饰品(Lv.30),3,0,0,0,0,0,523,21,0,0,0,0,30,30,0,0,0,0,0,0,0,0,0,0,0,0,0,0,0,0,0,0,,3套装：+30物理攻击
10036,2黎明的饰品(Lv.30),2,0,0,0,0,0,0,0,0,418,8,0,0,0,0,0,0,0,0,0,0,0,0,0,0,0,0,0,0,0,0,0,,套装2：最大418点法力值，法力值+8。
10037,2黎明的饰品(Lv.30),3,0,0,0,0,0,0,0,0,418,8,0,0,0,30,30,0,0,0,0,0,0,0,0,0,0,0,0,0,0,0,0,,3套装：+30魔法攻击
10040,1恶灵的饰品(Lv.35),2,0,0,0,0,0,610,24,0,0,0,0,0,0,0,0,0,0,0,0,0,0,0,0,0,0,0,0,0,0,0,0,,套装2：最大610生命，生命回复+24
10041,1恶灵的饰品(Lv.35),3,0,0,0,0,0,610,24,0,0,0,0,35,35,0,0,0,0,0,0,0,0,0,0,0,0,0,0,0,0,0,0,,3套装：+35物理攻击
10046,2恶灵的饰品(Lv.35),2,0,0,0,0,0,0,0,0,488,10,0,0,0,0,0,0,0,0,0,0,0,0,0,0,0,0,0,0,0,0,0,,套装2：最大488点法力值，法力值+10
10047,2恶灵的饰品(Lv.35),3,0,0,0,0,0,0,0,0,488,10,0,0,0,35,35,0,0,0,0,0,0,0,0,0,0,0,0,0,0,0,0,,3套装：+35魔法攻击
10050,1名誉的饰品(Lv.40),2,0,0,0,0,0,697,28,0,0,0,0,0,0,0,0,0,0,0,0,0,0,0,0,0,0,0,0,0,0,0,0,,套装2：最大697生命，生命回复+28
10051,1名誉的饰品(Lv.40),3,0,0,0,0,0,697,28,0,0,0,0,40,40,0,0,0,0,0,0,0,0,0,0,0,0,0,0,0,0,0,0,,3套装：+ 40物理攻击
10056,2名誉的饰品(Lv.40),2,0,0,0,0,0,0,0,0,557,11,0,0,0,0,0,0,0,0,0,0,0,0,0,0,0,0,0,0,0,0,0,,套装2：最大557点法力值，法力值+11
10057,2名誉的饰品(Lv.40),3,0,0,0,0,0,0,0,0,557,11,0,0,0,40,40,0,0,0,0,0,0,0,0,0,0,0,0,0,0,0,0,,3套装：+ 40魔法攻击
10060,1名誉的饰品(Lv.42),2,0,0,0,0,0,732,29,0,0,0,0,0,0,0,0,0,0,0,0,0,0,0,0,0,0,0,0,0,0,0,0,,套装2：最大732生命，生命回复+29
10061,1名誉的饰品(Lv.42),3,0,0,0,0,0,732,29,0,0,0,0,42,42,0,0,0,0,0,0,0,0,0,0,0,0,0,0,0,0,0,0,,3套装：+42物理攻击
10066,2名誉的饰品(Lv.42),2,0,0,0,0,0,0,0,0,585,12,0,0,0,0,0,0,0,0,0,0,0,0,0,0,0,0,0,0,0,0,0,,套装2：最大585点法力值，法力值+12
10067,2名誉的饰品(Lv.42),3,0,0,0,0,0,0,0,0,585,12,0,0,0,42,42,0,0,0,0,0,0,0,0,0,0,0,0,0,0,0,0,,3套装：+42魔法攻击
10070,1名誉的饰品(Lv.45),2,0,0,0,0,0,784,31,0,0,0,0,0,0,0,0,0,0,0,0,0,0,0,0,0,0,0,0,0,0,0,0,,套装2：最大784生命，生命回复+31
10071,1名誉的饰品(Lv.45),3,0,0,0,0,0,784,31,0,0,0,0,45,45,0,0,0,0,0,0,0,0,0,0,0,0,0,0,0,0,0,0,,3套装：+45物理攻击
10076,2名誉的饰品(Lv.45),2,0,0,0,0,0,0,0,0,627,13,0,0,0,0,0,0,0,0,0,0,0,0,0,0,0,0,0,0,0,0,0,,套装2：最大627点法力值，法力值+13
10077,2名誉的饰品(Lv.45),3,0,0,0,0,0,0,0,0,627,13,0,0,0,45,45,0,0,0,0,0,0,0,0,0,0,0,0,0,0,0,0,,3套装：+45魔法攻击
10080,1名誉的饰品(Lv.47),2,0,0,0,0,0,819,33,0,0,0,0,0,0,0,0,0,0,0,0,0,0,0,0,0,0,0,0,0,0,0,0,,套装2：最大819生命，生命回复+33
10081,1名誉的饰品(Lv.47),3,0,0,0,0,0,819,33,0,0,0,0,47,47,0,0,0,0,0,0,0,0,0,0,0,0,0,0,0,0,0,0,,3套装：+47物理攻击
10086,2名誉的饰品(Lv.47),2,0,0,0,0,0,0,0,0,655,13,0,0,0,0,0,0,0,0,0,0,0,0,0,0,0,0,0,0,0,0,0,,套装2：最大655点法力值，法力值+13
10087,2名誉的饰品(Lv.47),3,0,0,0,0,0,0,0,0,655,13,0,0,0,47,47,0,0,0,0,0,0,0,0,0,0,0,0,0,0,0,0,,3套装：+47魔法攻击
10090,1名誉的饰品(Lv.50),2,0,0,0,0,0,871,35,0,0,0,0,0,0,0,0,0,0,0,0,0,0,0,0,0,0,0,0,0,0,0,0,,套装2：最大871生命，生命回复+35
10091,1名誉的饰品(Lv.50),3,0,0,0,0,0,871,35,0,0,0,0,50,50,0,0,0,0,0,0,0,0,0,0,0,0,0,0,0,0,0,0,,3套装：+50物理攻击
10096,2名誉的饰品(Lv.50),2,0,0,0,0,0,0,0,0,697,14,0,0,0,0,0,0,0,0,0,0,0,0,0,0,0,0,0,0,0,0,0,,套装2：最大697点法力值，法力值+14
10097,2名誉的饰品(Lv.50),3,0,0,0,0,0,0,0,0,697,14,0,0,0,50,50,0,0,0,0,0,0,0,0,0,0,0,0,0,0,0,0,,3套装：+50魔法攻击
10100,1名誉的饰品(Lv.51),2,0,0,0,0,0,906,36,0,0,0,0,0,0,0,0,0,0,0,0,0,0,0,0,0,0,0,0,0,0,0,0,,套装2：最大906生命，生命回复+36
10101,1名誉的饰品(Lv.51),3,0,0,0,0,0,906,36,0,0,0,0,52,52,0,0,0,0,0,0,0,0,0,0,0,0,0,0,0,0,0,0,,3套装：+52物理攻击
10106,2名誉的饰品(Lv.51),2,0,0,0,0,0,0,0,0,725,14,0,0,0,0,0,0,0,0,0,0,0,0,0,0,0,0,0,0,0,0,0,,套装2：最大725点法力值，法力值+14
10107,2名誉的饰品(Lv.51),3,0,0,0,0,0,0,0,0,725,14,0,0,0,52,52,0,0,0,0,0,0,0,0,0,0,0,0,0,0,0,0,,3套装：+52魔法攻击
10110,1名誉的饰品(Lv.55),2,0,0,0,0,0,958,38,0,0,0,0,0,0,0,0,0,0,0,0,0,0,0,0,0,0,0,0,0,0,0,0,,套装2：最大958生命，生命回复+38
10111,1名誉的饰品(Lv.55),3,0,0,0,0,0,958,38,0,0,0,0,55,55,0,0,0,0,0,0,0,0,0,0,0,0,0,0,0,0,0,0,,3套装：+55物理攻击
10116,2名誉的饰品(Lv.55),2,0,0,0,0,0,0,0,0,766,15,0,0,0,0,0,0,0,0,0,0,0,0,0,0,0,0,0,0,0,0,0,,套装2：最大766点法力值，法力值+15
10117,2名誉的饰品(Lv.55),3,0,0,0,0,0,0,0,0,766,15,0,0,0,55,55,0,0,0,0,0,0,0,0,0,0,0,0,0,0,0,0,,3套装：+55魔法攻击
