TID,Type,Name,Attrib
,,,
2,,,
U32,U32,CBwString,CBwString
1000,0,default_midnight,RainAlpha|0|RainColor|15194057|RainDropAlpha|0|RainDropAniSpeed|1|RainPlaneCount|10|RainScaleH|1.2|RainScaleV|0.8|RainSoundFile1|Mute_Sound_02.ogg|RainSpeed|0.8|
1001,0,default_dawn,RainAlpha|0|RainColor|16777088|RainDropAlpha|0|RainDropAniSpeed|1|RainPlaneCount|10|RainScaleH|1.2|RainScaleV|0.8|RainSoundFile1|Mute_Sound_02.ogg|RainSpeed|0.8|
1002,0,default_midday,RainAlpha|0|RainColor|16777215|RainDropAlpha|0|RainDropAniSpeed|1|RainPlaneCount|10|RainScaleH|1.2|RainScaleV|0.8|RainSoundFile1|Mute_Sound_02.ogg|RainSpeed|0.8|
1003,0,default_sunset,RainAlpha|0|RainColor|16777215|RainDropAlpha|0|RainDropAniSpeed|1|RainPlaneCount|10|RainScaleH|1.2|RainScaleV|0.8|RainSoundFile1|Mute_Sound_02.ogg|RainSpeed|0.8|
2000,1,deafult_midnight,SnowAlpha|0|SnowColor|16777215|SnowCount|500|SnowDropAlpha|0|SnowDropAniSpeed|1.0|SnowScale|1|SnowSoundFile1|Mute_Sound_02.ogg|SnowSpeed|1|
2001,1,default_dawn,SnowAlpha|0|SnowColor|16777215|SnowCount|500|SnowDropAlpha|0|SnowDropAniSpeed|1.0|SnowScale|1|SnowSoundFile1|Mute_Sound_02.ogg|SnowSpeed|1|
2002,1,default_midday,SnowAlpha|0|SnowColor|16777215|SnowCount|500|SnowDropAlpha|0|SnowDropAniSpeed|1.0|SnowScale|1|SnowSoundFile1|Mute_Sound_02.ogg|SnowSpeed|1|
2003,1,default_sunset,SnowAlpha|0|SnowColor|16777215|SnowCount|500|SnowDropAlpha|0|SnowDropAniSpeed|1.0|SnowScale|1|SnowSoundFile1|Mute_Sound_02.ogg|SnowSpeed|1|
3000,2,default_midnight,AmbColor|7290953|BloomPower|0.7|Dimmer|1.5|EnvColor|9064805|EnvLUTFile|LUT_Default.bmp|EnvSoundFile1|Area_default_midnight_01.ogg|FarDOF|0.1|FarDof|0.1|FogColor|4329997|FogDensity|0.4|FogDistance|0.04|FogExp|0|FogHeight|0.01|FogHeightColor|1770241|FogHeightMin|0|FogMin|0.85|Hue|1|LightExposure|1|LightGamma|1|NearDOF|0.001|RimColor|13671054|RimPower|1|SSSColor|43|Saturation|0.9|ShadowBrightness|0.25|ShadowColor|11042146|SkySpecularPower|2.5|SpecularBoost|0.85|
3001,2,default_dawn,AmbColor|7100228|BloomPower|0.3|Dimmer|1.6|EnvColor|8896986|EnvLUTFile|LUT_Default.bmp|EnvSoundFile1|Area_default_dawn_01.ogg|FarDOF|0.2|FarDof|0.3|FogColor|5977374|FogDensity|0.4|FogDistance|0.04|FogExp|0|FogHeight|0.01|FogHeightColor|12617285|FogHeightMin|0|FogMin|0.9|Hue|0.9|LightExposure|1|LightGamma|1.1|NearDOF|0.001|RimColor|10143204|RimPower|1|SSSColor|140416|Saturation|0.85|ShadowBrightness|0.5|ShadowColor|8757152|SkySpecularPower|3|SpecularBoost|0.8|
3002,2,default_midday,AmbColor|9877976|BloomPower|0.1|Dimmer|1.8|EnvColor|16375987|EnvLUTFile|LUT_Default.bmp|EnvSoundFile1|Area_Default_Midday_01.ogg|FarDOF|0.3|FarDof|0.7|FogColor|5980945|FogDensity|0.4|FogDistance|0.03|FogExp|0|FogHeight|0.01|FogHeightColor|15631428|FogHeightMin|0|FogMin|0.9|Hue|0.9|LightExposure|1|LightGamma|1.2|NearDOF|0.001|RimColor|14863019|RimPower|1|SSSColor|838|Saturation|0.9|ShadowBrightness|0.7|ShadowColor|12436118|SkySpecularPower|3|SpecularBoost|0.8|
3003,2,default_sunset,AmbColor|4862492|BloomPower|0.3|Dimmer|1.6|EnvColor|7448554|EnvLUTFile|LUT_Default.bmp|EnvSoundFile1|Area_default_sunset_01.ogg|FarDOF|0.25|FarDof|0.7|FogColor|5517078|FogDensity|0.35|FogDistance|0.04|FogExp|0|FogHeight|0.01|FogHeightColor|7485534|FogHeightMin|0|FogMin|0.9|Hue|1|LightExposure|1|LightGamma|1.2|NearDOF|0.001|RimColor|10923504|RimPower|1|SSSColor|612|Saturation|0.9|ShadowBrightness|0.5|ShadowColor|12950699|SkySpecularPower|3|SpecularBoost|0.8|
4000,3,default_midnight,CenterCloud|2|CenterCloudColor|6896929|CenterRotationTime|1000|FrontCloud|0|FrontCloudColor|3816752|FrontRotationTime|1000|HorizonColor|6759700|HorizonHeight|0.75|LensFlareIndex|0|LensFlareSize|0|LensFlareStrenth|0|MoonColor|9823487|MoonSize|1|RearCloud|0|RearCloudColor|1315860|RearRotationTime|5000|SkyColor|1573889|StarColor|15696225|SunColor|0|SunGlowStrenth|1.5|SunStrenth|0|TwinkleSpeed||
4001,3,default_dawn,CenterCloud|1|CenterCloudColor|5280252|CenterRotationTime|800|FrontCloud|0|FrontCloudColor|2927608|FrontRotationTime|1000|HorizonColor|10937599|HorizonHeight|0.75|LensFlareIndex|2|LensFlareSize|10|LensFlareStrenth|2|MoonColor|349786|MoonSize|1|RearCloud|3|RearCloudColor|6872575|RearRotationTime|1000|SkyColor|12295513|StarColor|0|SunColor|11061241|SunGlowStrenth|1.2|SunStrenth|100|TwinkleSpeed||
4002,3,default_midday,CenterCloud|1|CenterCloudColor|11592703|CenterRotationTime|400|FrontCloud|0|FrontCloudColor|13893372|FrontRotationTime|100000|HorizonColor|16768991|HorizonHeight|0.75|LensFlareIndex|0|LensFlareSize|2|LensFlareStrenth|1|MoonColor|0|MoonSize|1|RearCloud|1|RearCloudColor|15986148|RearRotationTime|1000|SkyColor|16729882|StarColor|0|SunColor|12907007|SunGlowStrenth|1|SunStrenth|20|TwinkleSpeed||
4003,3,default_sunset,CenterCloud|2|CenterCloudColor|8040956|CenterRotationTime|600|FrontCloud|0|FrontCloudColor|12972540|FrontRotationTime|300|HorizonColor|9424894|HorizonHeight|0.75|LensFlareIndex|0|LensFlareSize|5|LensFlareStrenth|2|MoonColor|2138109|MoonSize|1|RearCloud|2|RearCloudColor|5466783|RearRotationTime|1200|SkyColor|13516828|StarColor|919310|SunColor|4619775|SunGlowStrenth|1.2|SunStrenth|3|TwinkleSpeed||
1010,0,毛毛雨,RainAlpha|0.15|RainColor|11711154|RainDropAlpha|0|RainDropAniSpeed|1|RainPlaneCount|10|RainScaleH|1|RainScaleV|1|RainSoundFile1|Area_Rain_Small_01.ogg|RainSpeed|0.8|
4010,3,有乌云阴天的早上,CenterCloud|3|CenterCloudColor|6776894|CenterRotationTime|800|FrontCloud|3|FrontCloudColor|8878428|FrontRotationTime|300|HorizonColor|9226751|HorizonHeight|0.5|LensFlareIndex|0|LensFlareSize|3|LensFlareStrenth|1|MoonColor|266562|MoonImage|0|MoonSize|1|RearCloud|2|RearCloudColor|11445927|RearRotationTime|1000|SkyColor|3355441|StarColor|0|SunColor|5484031|SunGlowStrenth|1.3|SunStrenth|0.01|TwinkleSpeed||
3010,2,大雾的中午,AmbColor|6378574|BloomPower|0.6|Dimmer|1.6|EnvColor|13820908|EnvLUTFile|LUT_Gray.bmp|EnvSoundFile1|Area_Fog_Midday_01.ogg|FarDOF|0.1|FogColor|4272684|FogDensity|0.45|FogDistance|0.035|FogExp|0|FogHeight|0.01|FogHeightColor|7561037|FogHeightMin|0|FogMin|1|Hue|0.9|LightExposure|1|LightGamma|1.2|NearDOF|0.001|RimColor|10664134|RimPower|1|SSSColor|729704|Saturation|0.7|ShadowBrightness|0.3|ShadowColor|8166577|SkySpecularPower|3|SpecularBoost|0.8|
1011,0,强降雨,RainAlpha|0.25|RainColor|11382189|RainDropAlpha|0|RainDropAniSpeed|1|RainPlaneCount|20|RainScaleH|3|RainScaleV|0.1|RainSoundFile1|Area_Rain_Heavy_01.ogg|RainSpeed|0.5|
3011,2,大雾的晚上,AmbColor|2171715|BloomPower|0.7|Dimmer|1.5|EnvColor|9413841|EnvLUTFile|LUT_Gray.bmp|EnvSoundFile1|Area_Wind_Heavy_Cold_01.ogg|FarDOF|0.1|FogColor|2956316|FogDensity|0.4|FogDistance|0.04|FogExp|0|FogHeight|0.015|FogHeightColor|3358837|FogHeightMin|0|FogMin|1|Hue|0.9|LightExposure|1|LightGamma|1.2|NearDOF|0.001|RimColor|10005713|RimPower|1|SSSColor|1587|Saturation|0.8|ShadowBrightness|0.3|ShadowColor|11301767|SkySpecularPower|3|SpecularBoost|0.8|
3012,2,角色选择（高级）,AmbColor|1914680|BloomPower|0.8|Dimmer|1.5|EnvColor|7973849|EnvLUTFile|LUT_Default.bmp|EnvSoundFile1|Area_Battle_01.ogg|FarDOF|0.02|FogColor|4529932|FogDensity|0.5|FogDistance|0.1|FogExp|0|FogHeight|0.035|FogHeightColor|1450825|FogHeightMin|0|FogMin|0.9|Hue|0.9|LightExposure|0.9|LightGamma|1.2|NearDOF|0.001|RimColor|9811427|RimPower|1|SSSColor|5743|Saturation|0.8|ShadowBrightness|0.3|ShadowColor|7885646|SkySpecularPower|2.5|SpecularBoost|0.8|
2004,1,模糊,SnowAlpha|0.7|SnowColor|14344144|SnowCount|300|SnowDropAlpha|0.3|SnowDropAniSpeed|1.0|SnowScale|0.8|SnowSoundFile1|Mute_Sound_02.ogg|SnowSpeed|0.8|
4011,3,角色生成的天_删除,CenterCloud|3|CenterCloudColor|0|CenterRotationTime|20|FrontCloud|3|FrontCloudColor|0|FrontRotationTime|50|HorizonColor|0|HorizonHeight|0.4|LensFlareIndex|0|LensFlareSize||LensFlareStrenth||MoonSize||RearCloud|0|RearCloudColor|0|RearRotationTime|0|SkyColor|108|SunGlowStrenth|1.25|SunStrenth|100000|TwinkleSpeed||
3013,2,角色工具栏环境,AmbColor|13224376|BloomPower|0.5|Dimmer|1|EnvColor|16777215|EnvLUTFile|LUT_Bypass.bmp|EnvSoundFile1|Mute_Sound_02.ogg|FarDOF|1.|FogColor|8355711|FogDensity|0.05|FogDistance|0.03|FogExp|0|FogHeight|0|FogHeightMin|0|FogMin|1|Hue|1|LightExposure|1|LightGamma|1|NearDOF|0.001|RimColor|15132648|RimPower|0.7|SSSColor|834|Saturation|1|ShadowBrightness|0.3|ShadowColor|8421504|SkySpecularPower|2.5|SpecularBoost|0.55|
4012,3,魔幻夜空,CenterCloud|1|CenterCloudColor|5851198|CenterRotationTime|600|FrontCloud|3|FrontCloudColor|2040882|FrontRotationTime|300|HorizonColor|11494777|HorizonHeight|0.5|LensFlareIndex|0|LensFlareSize|2|LensFlareStrenth|1|MoonColor|14041|MoonImage|2|MoonSize|2.5|RearCloud|2|RearCloudColor|4536361|RearRotationTime|1500|SkyColor|2497326|SunColor|429810|SunGlowStrenth|1.2|SunStrenth|0.01|TwinkleSpeed||
4013,3,魔幻白天天空,CenterCloud|3|CenterCloudColor|4671373|CenterRotationTime|600|FrontCloud|3|FrontCloudColor|3086884|FrontRotationTime|200|HorizonColor|4791086|HorizonHeight|0.3.|LensFlareIndex|0|LensFlareSize||LensFlareStrenth||MoonColor|1985279|MoonImage|2|MoonSize|3|RearCloud|0|RearCloudColor|5055746|RearRotationTime|300|SkyColor|0|StarColor|987135|SunColor|0|SunGlowStrenth|1.25|SunStrenth|0.005|TwinkleSpeed||
3015,2,寒冷地域白天,AmbColor|9331791|BloomPower|0.8|Dimmer|1.5|EnvColor|7882059|EnvLUTFile|LUT_Ice.bmp|EnvSoundFile1|Amb_Wind_Blizzard_01.ogg|FarDOF|0.15|FogColor|4795683|FogDensity|0.4|FogDistance|0.04|FogExp|0|FogHeight|0.013|FogHeightColor|2889492|FogHeightMin|0|FogMin|1|Hue|1.0|LightExposure|1|LightGamma|1.1|NearDOF|0.001|RimColor|13286815|RimPower|1|SSSColor|36|Saturation|0.8|ShadowBrightness|0.3|ShadowColor|13141371|SkySpecularPower|2.5|SpecularBoost|0.8|
3016,2,寒冷地域早上,AmbColor|14204026|BloomPower|0.55|Dimmer|1.6|EnvColor|7847914|EnvLUTFile|LUT_Ice.bmp|EnvSoundFile1|Amb_Wind_Winter_01.ogg|FarDOF|0.1|FogColor|9332798|FogDensity|0.45|FogDistance|0.045|FogExp|0|FogHeight|0.01|FogHeightColor|7910345|FogHeightMin|0|FogMin|1|Hue|1.0|LightExposure|1|LightGamma|1.2|NearDOF|0.001|RimColor|15985349|RimPower|1|SSSColor|57|Saturation|0.8|ShadowBrightness|0.3|ShadowColor|11840363|SkySpecularPower|3|SpecularBoost|0.8|
3017,2,寒冷地域中午,AmbColor|16371114|BloomPower|0.4|Dimmer|1.7|EnvColor|13480084|EnvLUTFile|LUT_Ice.bmp|EnvSoundFile1|Amb_Wind_Winter_01.ogg|FarDOF|0.2|FogColor|15781819|FogDensity|0.4|FogDistance|0.04|FogExp|0|FogHeight|0.01|FogHeightColor|15375229|FogHeightMin|0|FogMin|0.95|Hue|1|LightExposure|1|LightGamma|1.2|NearDOF|0.001|RimColor|16777215|RimPower|1|SSSColor|79|Saturation|0.9|ShadowBrightness|0.3|ShadowColor|12033141|SkySpecularPower|2|SpecularBoost|0.8|
3018,2,寒冷地域晚上,AmbColor|15712448|BloomPower|0.6|Dimmer|1.5|EnvColor|9158138|EnvLUTFile|LUT_Ice.bmp|EnvSoundFile1|Area_Wind_Small_Cold_01.ogg|FarDOF|0.2|FogColor|12674676|FogDensity|0.45|FogDistance|0.045|FogExp|0|FogHeight|0.01|FogHeightColor|6243725|FogHeightMin|0|FogMin|0.95|Hue|1.0|LightExposure|1|LightGamma|1.1|NearDOF|0.001|RimColor|15452101|RimPower|1|SSSColor|70|Saturation|0.9|ShadowBrightness|0.3|ShadowColor|11237502|SkySpecularPower|3|SpecularBoost|0.8|
4014,3,碧蓝晴空,CenterCloud|2|CenterCloudColor|16777215|CenterRotationTime|300|FrontCloud|0|FrontCloudColor|16777215|FrontRotationTime|800|HorizonColor|16777215|HorizonHeight|0.75|LensFlareIndex|0|LensFlareSize|1|LensFlareStrenth|1|MoonColor|16777215|MoonSize|1|RearCloud|0|RearCloudColor|16777215|RearRotationTime|3000|SkyColor|16549961|SunGlowStrenth|1.1|SunStrenth|10|TwinkleSpeed||
4015,3,晴朗的紫色夕阳,CenterCloud|2|CenterCloudColor|11824039|CenterRotationTime|800|FrontCloud|0|FrontCloudColor|6201079|FrontRotationTime|500|HorizonColor|7847415|HorizonHeight|0.75|LensFlareIndex|0|LensFlareSize|1|LensFlareStrenth|1|MoonColor|11276697|MoonSize|1|RearCloud|0|RearCloudColor|12500670|RearRotationTime|1000|SkyColor|8077391|StarColor|0|SunColor|737209|SunGlowStrenth|1.3|SunStrenth|3|TwinkleSpeed||
4016,3,清晨,CenterCloud|2|CenterCloudColor|16769532|CenterRotationTime|300|FrontCloud|0|FrontCloudColor|14335286|FrontRotationTime|1200.0|HorizonColor|7723519|HorizonHeight|0.75|LensFlareIndex|0.0|LensFlareSize|2|LensFlareStrenth|2|MoonColor|11163|MoonSize|1|RearCloud|0|RearCloudColor|16777215|RearRotationTime|4800.0|SkyColor|14710102|SunColor|12043773|SunGlowStrenth|1.2|SunStrenth|2|TwinkleSpeed||
4017,3,有乌云的晚上,CenterCloud|3|CenterCloudColor|3679000|CenterRotationTime|600|FrontCloud|3|FrontCloudColor|4931905|FrontRotationTime|200|HorizonColor|7619901|HorizonHeight|0.75|LensFlareIndex|2|LensFlareSize||LensFlareStrenth||MoonColor|13027889|MoonSize|1|RearCloud|3|RearCloudColor|0|RearRotationTime|1000|SkyColor|1311233|StarColor|0|SunColor|0|SunGlowStrenth|1.5|SunStrenth|0.01|TwinkleSpeed||
2005,1,清晰,SnowAlpha|1.2|SnowColor|14209974|SnowCount|100|SnowDropAlpha|0.3|SnowDropAniSpeed|1.0|SnowScale|1|SnowSoundFile1|Mute_Sound_02.ogg|SnowSoundFile2||SnowSoundFile3||SnowSpeed|1|
3019,2,角色选择(删除),AmbColor|3228484|BloomPower|0.8|Dimmer|1.5|EnvColor|12096154|EnvLUTFile|LUT_Default.bmp|EnvSoundFile1|Area_Battle_01.ogg|FarDOF|0.04|FogColor|4267834|FogDensity|0.5|FogDistance|0.1|FogExp|0|FogHeight|0.045|FogHeightColor|3346688|FogHeightMin|0|FogMin|0.9|Hue|0.9|LightExposure|1|LightGamma|1.2|NearDOF|0.001|RimColor|11581394|RimPower|1|SSSColor|66|Saturation|0.8|ShadowBrightness|0.3|ShadowColor|5717053|SkySpecularPower|2.5|SpecularBoost|0.8|
3020,2,湿地之夜,AmbColor|5985854|BloomPower|0.7|Dimmer|1.5|EnvColor|11161432|EnvLUTFile|LUT_Jungle.bmp|EnvSoundFile1|Area_Jungle_Night_01.ogg|FarDOF|0.1|FogColor|3351046|FogDensity|0.4|FogDistance|0.04|FogExp|0|FogHeight|0.01|FogHeightColor|1903629|FogHeightMin|0|FogMin|0.8|Hue|1|LightExposure|1|LightGamma|1.1|NearDOF|0.001|RimColor|11568224|RimPower|1|SSSColor|2600|Saturation|0.85|ShadowBrightness|0.3|ShadowColor|12685721|SkySpecularPower|2.5|SpecularBoost|0.8|
3021,2,湿地早上,AmbColor|6051382|BloomPower|0.3|Dimmer|1.6|EnvColor|8701917|EnvLUTFile|LUT_Jungle.bmp|EnvSoundFile1|Area_Jungle_Morning_01.ogg|FarDOF|0.2|FogColor|4141846|FogDensity|0.35|FogDistance|0.04|FogExp|0|FogHeight|0.01|FogHeightColor|3699636|FogHeightMin|0|FogMin|1|Hue|0.9|LightExposure|1|LightGamma|1.2|NearDOF|0.001|RimColor|9168120|RimPower|1|SSSColor|66|Saturation|0.85|ShadowBrightness|0.3|ShadowColor|12757391|SkySpecularPower|3|SpecularBoost|0.8|
3022,2,湿地中午,AmbColor|5340523|BloomPower|0.1|Dimmer|1.8|EnvColor|16242875|EnvLUTFile|LUT_Jungle.bmp|EnvSoundFile1|Area_Jungle_Day_01.ogg|FarDOF|0.25|FogColor|2306317|FogDensity|0.4|FogDistance|0.035|FogExp|0|FogHeight|0.01|FogHeightColor|10314570|FogHeightMin|0|FogMin|0.9|Hue|0.9|LightExposure|1|LightGamma|1.2|NearDOF|0.001|RimColor|12310448|RimPower|1|SSSColor|77|Saturation|0.9|ShadowBrightness|0.3|ShadowColor|9291707|SkySpecularPower|3|SpecularBoost|0.8|
3023,2,湿地夜晚,AmbColor|4804154|BloomPower|0.3|Dimmer|1.6|EnvColor|10727648|EnvLUTFile|LUT_Jungle.bmp|EnvSoundFile1|Area_Jungle_Evening_01.ogg|FarDOF|0.15|FogColor|4010258|FogDensity|0.4|FogDistance|0.04|FogExp|0|FogHeight|0.01|FogHeightColor|3361410|FogHeightMin|0|FogMin|0.9|Hue|0.9|LightExposure|1|LightGamma|1.2|NearDOF|0.001|RimColor|8962536|RimPower|1|SSSColor|64|Saturation|0.85|ShadowBrightness|0.3|ShadowColor|12162993|SkySpecularPower|3|SpecularBoost|0.8|
4018,3,有乌云的中午,CenterCloud|3|CenterCloudColor|6966080|CenterRotationTime|1200|FrontCloud|3|FrontCloudColor|5918017|FrontRotationTime|300|HorizonColor|16777215|HorizonHeight|0.75|LensFlareIndex|0|LensFlareSize|1|LensFlareStrenth|1|MoonSize|1|RearCloud|3|RearCloudColor|9006943|RearRotationTime|2500|SkyColor|10458481|SunColor|10875366|SunGlowStrenth|1.3|SunStrenth|0.05|TwinkleSpeed||
4019,3,潮湿阴暗的中午天空,CenterCloud|3|CenterCloudColor|6376769|CenterRotationTime|1000|FrontCloud|2|FrontCloudColor|14005422|FrontRotationTime|500|HorizonColor|15461355|HorizonHeight|1.75|LensFlareIndex|0|LensFlareSize|2|LensFlareStrenth|1|MoonSize|1|RearCloud|3|RearCloudColor|12362915|RearRotationTime|300|SkyColor|12358785|SunColor|6261152|SunGlowStrenth|1.3|SunStrenth|0.1|TwinkleSpeed||
4020,3,潮湿阴暗的夜空,CenterCloud|3|CenterCloudColor|5214662|CenterRotationTime|600|FrontCloud|3|FrontCloudColor|349871|FrontRotationTime|500|HorizonColor|9549000|HorizonHeight|1.75|LensFlareIndex|1|LensFlareSize||LensFlareStrenth||MoonSize|1|RearCloud|3|RearCloudColor|7652813|RearRotationTime|1200|SkyColor|5452083|SunColor|8042731|SunGlowStrenth|1.1|SunStrenth|0.01|TwinkleSpeed||
4021,3,有乌云的晚上,CenterCloud|3|CenterCloudColor|2110788|CenterRotationTime|1200|FrontCloud|3|FrontCloudColor|1844262|FrontRotationTime|400|HorizonColor|10743795|HorizonHeight|0.75|LensFlareIndex|0.0|LensFlareSize||LensFlareStrenth||MoonSize|1|RearCloud|3|RearCloudColor|3836344|RearRotationTime|600|SkyColor|7025801|SunColor|5552629|SunGlowStrenth|1.3|SunStrenth|0.05|TwinkleSpeed||
4022,3,魔幻清晨天空,CenterCloud|3|CenterCloudColor|5522751|CenterRotationTime|300|FrontCloud|3|FrontCloudColor|10517093|FrontRotationTime|800|HorizonColor|15777941|HorizonHeight|0.2|LensFlareIndex|2|LensFlareSize|3|LensFlareStrenth|1|MoonColor|19402|MoonImage|2|MoonSize|2.5|RearCloud|2|RearCloudColor|7689562|RearRotationTime|600|SkyColor|0|SunColor|6866685|SunGlowStrenth|1.2|SunStrenth|0.01|TwinkleSpeed||
3024,2,叹息的山谷,AmbColor|1326393|BloomPower|0.7|Dimmer|1.5|EnvColor|4686304|EnvLUTFile|LUT_Default.bmp|EnvSoundFile1|Area_Fog_Midday_01.ogg|FarDOF|0.1|FogColor|3548184|FogDensity|0.4|FogDistance|0.055|FogExp|0|FogHeight|0.005|FogHeightColor|2635112|FogHeightMin|0|FogMin|0.9|Hue|1.0|LightExposure|1|LightGamma|1.25|NearDOF|0.001|RimColor|13608883|RimPower|1|SSSColor|2878|Saturation|0.85|ShadowBrightness|0.3|ShadowColor|10385778|SkySpecularPower|3|SpecularBoost|0.8|
3025,2,拍摄用小地图,AmbColor|8421504|BloomPower|0|Dimmer|1|EnvColor|16777215|EnvLUTFile|LUT_Tone.bmp|FarDOF|1|FogColor|16777215|FogDensity|0|FogDistance|0|FogExp|0|FogHeight|0.0|FogHeightMin|0|FogMin|0|Hue|1.0|LightExposure|1|LightGamma|1|NearDOF|0|RimPower|0|Saturation|1.0|ShadowBrightness|0.3|ShadowColor|12040119|SkySpecularPower|1|SpecularBoost|0.0|
3026,2,角色选择_删除,AmbColor|1710705|BloomPower|0.1|Dimmer|1|EnvColor|16777215|EnvLUTFile|LUT_Default.bmp|EnvSoundFile1|Mute_Sound_02.ogg|FarDOF|0.001|FogColor|0|FogDensity|0|FogDistance|0|FogExp|0|FogHeight|0|FogHeightColor|0|FogHeightMin|0|FogMin|0|Hue|1|LightExposure|0.8|LightGamma|1.1|NearDOF|0|RimColor|13421812|RimPower|1|SSSColor|51|Saturation|0.8|ShadowBrightness|0.3|ShadowColor|3750238|SkySpecularPower|3|SpecularBoost|0.8|
3027,2,荣耀峡谷,AmbColor|2305594|BloomPower|0.7|Dimmer|1.8|EnvColor|5666754|EnvLUTFile|LUT_Default.bmp|EnvSoundFile1|Area_Temple_01.ogg|FarDOF|0.1|FogColor|6037010|FogDensity|0.4|FogDistance|0.075|FogExp|0|FogHeight|0.01|FogHeightColor|6826072|FogHeightMin|0|FogMin|0.9|Hue|0.9|LightExposure|1|LightGamma|1.3|NearDOF|0.001|RimColor|9939671|RimPower|0.7|SSSColor|2632|Saturation|0.8|ShadowBrightness|0.3|ShadowColor|11569540|SkySpecularPower|3|SpecularBoost|0.8|
4023,3,灰色高原天空,CenterCloud|2|CenterCloudColor|13684944|CenterRotationTime|800|FrontCloud|2|FrontCloudColor|14013909|FrontRotationTime|400|HorizonColor|8947848|HorizonHeight|0.75|LensFlareIndex|0|LensFlareSize|1|LensFlareStrenth||MoonSize|1|RearCloud|2|RearCloudColor|14145495|RearRotationTime|1200|SkyColor|5196092|SunColor|16777215|SunGlowStrenth|1.1|SunStrenth|5|TwinkleSpeed||
3028,2,潮湿阴暗的中午,AmbColor|3156001|BloomPower|0.6|Dimmer|1.8|EnvColor|11579800|EnvLUTFile|LUT_Gray.bmp|EnvSoundFile1|Area_Fog_Midday_01.ogg|FarDOF|0.1|FogColor|4930087|FogDensity|0.4|FogDistance|0.04|FogExp|0|FogHeight|0.012|FogHeightColor|7624528|FogHeightMin|0|FogMin|1|Hue|1.0|LightExposure|1|LightGamma|1.2|NearDOF|0.001|RimColor|13487546|RimPower|1|SSSColor|3390|Saturation|0.8|ShadowBrightness|0.3|ShadowColor|10852222|SkySpecularPower|3|SpecularBoost|0.8|
4024,3,魔幻的中午天空,CenterCloud|2|CenterCloudColor|8355711|CenterRotationTime|1000|FrontCloud|3|FrontCloudColor|10786954|FrontRotationTime|400|HorizonColor|15584664|HorizonHeight|0.5|LensFlareIndex|0|LensFlareSize|1|LensFlareStrenth|1|MoonColor|0|MoonImage|2|MoonSize|2.5|RearCloud|3|RearCloudColor|7631988|RearRotationTime|1500|SkyColor|0|SunColor|14211002|SunGlowStrenth|1.15|SunStrenth|0.01|TwinkleSpeed||
3029,2,角色选择_高级,AmbColor|5146321|BloomPower|0.1|Dimmer|1|EnvColor|16777215|EnvLUTFile|LUT_Default.bmp|EnvSoundFile1|Mute_Sound_02.ogg|FarDOF|0.001|FogColor|0|FogDensity|0|FogDistance|1|FogExp|0|FogHeight|0|FogHeightMin|0|FogMin|0|Hue|1.0|LightExposure|1|LightGamma|1.3|NearDOF|0|RimColor|14928063|RimPower|1|SSSColor|49|Saturation|0.8|ShadowBrightness|0.3|ShadowColor|4411501|SkySpecularPower|3|SpecularBoost|0.8|
4025,3,天国的白色天空,CenterCloud|2|CenterCloudColor|7517436|CenterRotationTime|500|FrontCloud|3|FrontCloudColor|13232382|FrontRotationTime|300|HorizonColor|11795455|HorizonHeight|0.75|LensFlareIndex|0|LensFlareSize|2|LensFlareStrenth|1|MoonSize|1|RearCloud|3|RearCloudColor|10345977|RearRotationTime|1000|SkyColor|13858432|SunColor|13563135|SunGlowStrenth|1.2|SunStrenth|0.05|TwinkleSpeed||
3030,2,沙漠深夜,AmbColor|4203292|BloomPower|0.75|Dimmer|1.5|EnvColor|15822219|EnvLUTFile|LUT_Desert.bmp|EnvSoundFile1|Area_Desert_Night_01.ogg|FarDOF|0.15|FogColor|4004645|FogDensity|0.3|FogDistance|0.04|FogExp|0|FogHeight|0.01|FogHeightColor|2490882|FogHeightMin|0|FogMin|0.9|Hue|1.0|LightExposure|1|LightGamma|1.1|NearDOF|0.001|RimColor|9609150|RimPower|1|SSSColor|263752|Saturation|0.8|ShadowBrightness|0.3|ShadowColor|12878478|SkySpecularPower|2.5|SpecularBoost|0.8|
3031,2,沙漠早上,AmbColor|4097198|BloomPower|0.6|Dimmer|1.5|EnvColor|10279665|EnvLUTFile|LUT_Desert.bmp|EnvSoundFile1|Area_Desert_Day_01.ogg|FarDOF|0.2|FogColor|8021321|FogDensity|0.4|FogDistance|0.04|FogExp|0|FogHeight|0.01|FogHeightColor|4232866|FogHeightMin|0|FogMin|0.95|Hue|1.0|LightExposure|1|LightGamma|1.2|NearDOF|0.001|RimColor|10735339|RimPower|1|SSSColor|123|Saturation|0.8|ShadowBrightness|0.3|ShadowColor|13536085|SkySpecularPower|3|SpecularBoost|0.8|
3032,2,沙漠中午,AmbColor|16383670|BloomPower|0.5|Dimmer|2|EnvColor|16760475|EnvLUTFile|LUT_Desert.bmp|EnvSoundFile1|Area_Desert_Day_01.ogg|FarDOF|0.25|FogColor|12097669|FogDensity|0.35|FogDistance|0.03|FogExp|0|FogHeight|0.01|FogHeightColor|13007690|FogHeightMin|0|FogMin|0.9|Hue|1|LightExposure|1|LightGamma|1.2|NearDOF|0.001|RimColor|12508659|RimPower|1|SSSColor|130|Saturation|0.9|ShadowBrightness|0.3|ShadowColor|5278159|SkySpecularPower|3|SpecularBoost|0.8|
3033,2,沙漠晚上,AmbColor|10973274|BloomPower|0.65|Dimmer|1.8|EnvColor|14850198|EnvLUTFile|LUT_Desert.bmp|EnvSoundFile1|Area_Desert_Night_01.ogg|FarDOF|0.2|FogColor|2579320|FogDensity|0.4|FogDistance|0.03|FogExp|0|FogHeight|0.01|FogHeightColor|2893389|FogHeightMin|0|FogMin|1|Hue|1.0|LightExposure|1|LightGamma|1.2|NearDOF|0.001|RimColor|10662886|RimPower|1|SSSColor|64|Saturation|0.7|ShadowBrightness|0.3|ShadowColor|11761024|SkySpecularPower|3|SpecularBoost|0.8|
4026,3,没有乌云的白天天空,CenterCloud|0|CenterCloudColor|1573141|CenterRotationTime|200|FrontCloud|0|FrontCloudColor|3552822|FrontRotationTime|1200.0|HorizonColor|6035492|HorizonHeight|0.75|LensFlareIndex|2|LensFlareSize|0|LensFlareStrenth|0|MoonColor|7384318|MoonImage|1|MoonSize|1.2|RearCloud|0|RearCloudColor|16777215|RearRotationTime|4800.0|SkyColor|2295297|StarColor|12265047|SunColor|0|SunGlowStrenth|1.5|SunStrenth|5|TwinkleSpeed||
4027,3,没有乌云的早上天空,CenterCloud|0|CenterCloudColor|16777215|CenterRotationTime|2400.0|FrontCloud|0|FrontCloudColor|14808319|FrontRotationTime|1200.0|HorizonColor|7720692|HorizonHeight|0.75|LensFlareIndex|0|LensFlareSize|1.5|LensFlareStrenth|1.5|MoonColor|13486|MoonImage|1|MoonSize|1.2|RearCloud|0|RearCloudColor|16777215|RearRotationTime|4800.0|SkyColor|13407575|StarColor|77102|SunColor|9360381|SunGlowStrenth|1.2|SunStrenth|10|TwinkleSpeed||
4028,3,没有乌云的中午天空,CenterCloud|0|CenterCloudColor|16777215|CenterRotationTime|2400.0|FrontCloud|0|FrontCloudColor|16777215|FrontRotationTime|1200.0|HorizonColor|16777215|HorizonHeight|0.8|LensFlareIndex|0|LensFlareSize|5|LensFlareStrenth|2|MoonColor|6016767|MoonImage|1|MoonSize|1.2|RearCloud|0|RearCloudColor|16777215|RearRotationTime|4800.0|SkyColor|16744471|SunColor|7920126|SunGlowStrenth|1.15|SunStrenth|5|TwinkleSpeed||
4029,3,没有乌云的夜空,CenterCloud|0|CenterCloudColor|16777215|CenterRotationTime|3000|FrontCloud|0|FrontCloudColor|7829486|FrontRotationTime|3000|HorizonColor|6475498|HorizonHeight|0.75|LensFlareIndex|0|LensFlareSize|2|LensFlareStrenth|1|MoonColor|19191|MoonImage|1|MoonSize|1.2|RearCloud|0|RearCloudColor|986997|RearRotationTime|1200|SkyColor|4003856|StarColor|136471|SunColor|7399166|SunGlowStrenth|1.15|SunStrenth|5|TwinkleSpeed||
4030,3,混沌的白天天空,CenterCloud|3|CenterCloudColor|3478302|CenterRotationTime|600|FrontCloud|3|FrontCloudColor|2297363|FrontRotationTime|200|HorizonColor|11224435|HorizonHeight|0.5|LensFlareIndex|0.0|LensFlareSize||LensFlareStrenth||MoonColor|723967|MoonImage|2|MoonSize|2|RearCloud|3|RearCloudColor|1398361|RearRotationTime|1000|SkyColor|0|SunColor|2171209|SunGlowStrenth|1.4|SunStrenth|0|TwinkleSpeed||
4031,3,混沌的早上天空,CenterCloud|3|CenterCloudColor|10003804|CenterRotationTime|700|FrontCloud|3|FrontCloudColor|3749931|FrontRotationTime|300|HorizonColor|12049917|HorizonHeight|0.75|LensFlareIndex|2|LensFlareSize|8|LensFlareStrenth||MoonColor|0|MoonImage|2|MoonSize|2|RearCloud|3|RearCloudColor|5789784|RearRotationTime|2000|SkyColor|0|SunColor|4551318|SunGlowStrenth|1.2|SunStrenth|0|TwinkleSpeed||
4032,3,混沌的中午天空,CenterCloud|3|CenterCloudColor|3483671|CenterRotationTime|500|FrontCloud|3|FrontCloudColor|8619770|FrontRotationTime|300|HorizonColor|16777215|HorizonHeight|0.75|LensFlareIndex|0|LensFlareSize|0|LensFlareStrenth|1|MoonColor|0|MoonImage|2|MoonSize|2|RearCloud|2|RearCloudColor|0|RearRotationTime|700|SkyColor|3024159|SunColor|12879443|SunGlowStrenth|1.15|SunStrenth|0|TwinkleSpeed||
4033,3,混沌的夜晚天空,CenterCloud|2|CenterCloudColor|131682|CenterRotationTime|300|FrontCloud|3|FrontCloudColor|803000|FrontRotationTime|150|HorizonColor|2368767|HorizonHeight|0.75|LensFlareIndex|0|LensFlareSize|2|LensFlareStrenth|1|MoonColor|0|MoonImage|2|MoonSize|2|RearCloud|3|RearCloudColor|397452|RearRotationTime|1000|SkyColor|135754|SunColor|8970747|SunGlowStrenth|1.2|SunStrenth|0|TwinkleSpeed||
3034,2,浓雾的白天,AmbColor|7098421|BloomPower|0.75|Dimmer|1.35|EnvColor|10903633|EnvLUTFile|LUT_Gray.bmp|EnvSoundFile1|Area_Wind_Small_Cold_01.ogg|FarDOF|0.1|FogColor|3286051|FogDensity|0.4|FogDistance|0.05|FogExp|0|FogHeight|0.015|FogHeightColor|1445386|FogHeightMin|0|FogMin|0.85|Hue|1.0|LightExposure|1|LightGamma|1|NearDOF|0.001|RimColor|11652058|RimPower|1|SSSColor|68662|Saturation|0.9|ShadowBrightness|0.3|ShadowColor|12623525|SkySpecularPower|2.5|SpecularBoost|0.85|
3035,2,冰封的狼城,AmbColor|5714718|BloomPower|1|Dimmer|1.5|EnvColor|12097375|EnvLUTFile|LUT_Ice.bmp|EnvSoundFile1|Area_Cave_02.ogg|FarDOF|0.1|FogColor|4204297|FogDensity|0.45|FogDistance|0.065|FogExp|0|FogHeight|0.004|FogHeightColor|9066007|FogHeightMin|0|FogMin|0.9|Hue|0.9|LightExposure|1|LightGamma|1.2|NearDOF|0.001|RimColor|14793111|RimPower|1|SSSColor|62|Saturation|0.8|ShadowBrightness|0.3|ShadowColor|10515536|SkySpecularPower|3|SpecularBoost|0.8|
4034,3,黑暗背叛者,CenterCloud|0|CenterCloudColor|16777215|CenterRotationTime|5000000|FrontCloud|0|FrontCloudColor|0|FrontRotationTime|5000000|HorizonColor|1446418|HorizonHeight|0.5|LensFlareIndex|0|LensFlareSize||LensFlareStrenth||MoonSize||RearCloud|0|RearCloudColor|16777215|RearRotationTime|5000000|SkyColor|0|SunColor|0|SunGlowStrenth|0.0|SunStrenth|0|TwinkleSpeed||
3036,2,火焰祭坛,AmbColor|3088913|BloomPower|0.65|Dimmer|1.8|EnvColor|5220343|EnvLUTFile|LUT_Desert.bmp|EnvSoundFile1|Area_Desert_Day_01.ogg|FarDOF|0.2|FogColor|207179|FogDensity|0.45|FogDistance|0.05|FogExp|0|FogHeight|0.005|FogHeightColor|77229|FogHeightMin|0|FogMin|0.95|Hue|0.8|LightExposure|1|LightGamma|1.2|NearDOF|0.001|RimColor|8883678|RimPower|1|SSSColor|91|Saturation|0.9|ShadowBrightness|0.3|ShadowColor|6454922|SkySpecularPower|3|SpecularBoost|0.8|
3037,2,奎里奥德矿山,BloomPower|0.55|Dimmer|1.5|EnvColor|8044026|EnvLUTFile|LUT_Desert.bmp|EnvSoundFile1|Area_Cave_01.ogg|FarDOF|0.1|FogColor|2105397|FogDensity|0.4|FogDistance|0.05|FogExp|0|FogHeight|0.005|FogHeightColor|2849725|FogHeightMin|0|FogMin|1|NearDOF|0.001|RimColor|8888295|RimPower|1|SSSColor|1849|ShadowBrightness|0.3|ShadowColor|9674154|SkySpecularPower|2.5|SpecularBoost|0.8|
4035,3,不详的绿色天空,CenterCloud|3|CenterCloudColor|71070|CenterRotationTime|800|FrontCloud|0|FrontCloudColor|5534599|FrontRotationTime|800|HorizonColor|7892782|HorizonHeight|1.75|LensFlareIndex|0|LensFlareSize|0|LensFlareStrenth|0|MoonColor|162|MoonImage|2|MoonSize|3|RearCloud|2|RearCloudColor|4136451|RearRotationTime|2000|SkyColor|2306313|SunColor|738870|SunGlowStrenth|1.15|SunStrenth|0|TwinkleSpeed||
3038,2,死亡寺院,BloomPower|0.6|Dimmer|1.5|EnvColor|3569812|EnvLUTFile|LUT_Gray.bmp|EnvSoundFile1|Area_Temple_01.ogg|FarDOF|0.1|FogColor|1912092|FogDensity|0.4|FogDistance|0.04|FogExp|1.0|FogHeight|0.01|FogHeightColor|996951|FogHeightMin|0.0|FogMin|0.9|NearDOF|0.001|RimColor|12631205|RimPower|1|SSSColor|64|ShadowBrightness|0.3|ShadowColor|11768181|SkySpecularPower|3|SpecularBoost|0.8|
3039,2,雾气弥漫的早上,BloomPower|0.6|Dimmer|1.5|EnvColor|7453695|EnvLUTFile|LUT_Gray.bmp|EnvSoundFile1|Area_Wind_Morning_01.ogg|FarDOF|0.1|FogColor|2827806|FogDensity|0.45|FogDistance|0.035|FogExp|1.0|FogHeight|0.01|FogHeightColor|5335402|FogHeightMin|0.0|FogMin|0.9|NearDOF|0.001|RimColor|11318683|RimPower|1|SSSColor|57|ShadowBrightness|0.3|ShadowColor|10920563|SkySpecularPower|3|SpecularBoost|0.85|
3040,2,哈比人的乐园,BloomPower|0.85|Dimmer|1.35|EnvColor|4674754|EnvLUTFile|LUT_Jungle.bmp|EnvSoundFile1|Area_Harpy_Nest_01.ogg|FarDOF|0.1|FogColor|5186573|FogDensity|0.35|FogDistance|0.07|FogExp|1.0|FogHeight|0.005|FogHeightColor|0|FogHeightMin|0.0|FogMin|0.9|NearDOF|0.001|RimColor|15121340|RimPower|1|SSSColor|199792|ShadowBrightness|0.3|ShadowColor|12488327|SkySpecularPower|3|SpecularBoost|0.8|
3041,2,欢愉的乐园,BloomPower|0.75|Dimmer|1.7|EnvColor|6598105|EnvLUTFile|LUT_Default.bmp|EnvSoundFile1|Amb_Wind_Valley_01.ogg|FarDOF|0.15|FogColor|3812404|FogDensity|0.3|FogDistance|0.07|FogExp|1.0|FogHeight|0.005|FogHeightColor|9338457|FogHeightMin|0.0|FogMin|0.95|NearDOF|0.001|RimColor|14401985|RimPower|1|SSSColor|1849|ShadowBrightness|0.3|ShadowColor|9264223|SkySpecularPower|3|SpecularBoost|0.8|
3042,2,暴风古城,BloomPower|0.55|Dimmer|1.5|EnvColor|12557461|EnvLUTFile|LUT_Default.bmp|EnvSoundFile1|Area_Cave_01.ogg|FarDOF|0.15|FogColor|3217176|FogDensity|0.15|FogDistance|0.07|FogExp|1.0|FogHeight|0.007|FogHeightColor|0|FogHeightMin|0.0|FogMin|0.95|NearDOF|0.001|RimColor|12164492|RimPower|1|SSSColor|51|ShadowBrightness|0.3|ShadowColor|5201034|SkySpecularPower|2.5|SpecularBoost|0.8|
3043,2,斯蒂尔普瑞斯城环境,BloomPower|0.7|Dimmer|1.8|EnvColor|11131130|EnvLUTFile|LUT_Default.bmp|EnvSoundFile1|Area_default_dawn_01.ogg|FarDOF|0.3|FogColor|10965596|FogDensity|0.3|FogDistance|0.05|FogExp|1.0|FogHeight|0.007|FogHeightColor|6326267|FogHeightMin|0.0|FogMin|0.85|NearDOF|0.001|RimColor|11521771|RimPower|1|SSSColor|87|ShadowBrightness|0.3|ShadowColor|5399465|SkySpecularPower|2.5|SpecularBoost|0.8|
3044,2,班迪路娜大城环境,BloomPower|0.85|Dimmer|1.3|EnvColor|14721673|EnvLUTFile|LUT_Default.bmp|EnvSoundFile1|Area_Desert_Night_01.ogg|FarDOF|0.25|FogColor|6306338|FogDensity|0.4|FogDistance|0.04|FogExp|1.0|FogHeight|0.01|FogHeightColor|2957589|FogHeightMin|0.0|FogMin|0.9|NearDOF|0.001|RimColor|14535359|RimPower|1|SSSColor|81|ShadowBrightness|0.3|ShadowColor|6776709|SkySpecularPower|3|SpecularBoost|0.8|
3045,2,勇敢之雪原,BloomPower|0.55|Dimmer|1.55|EnvColor|15654096|EnvLUTFile|LUT_Ice.bmp|EnvSoundFile1|Area_Battle_01.ogg|FarDOF|0.15|FogColor|14009011|FogDensity|0.35|FogDistance|0.05|FogExp|1.0|FogHeight|0.03|FogHeightColor|11838098|FogHeightMin|0.0|FogMin|1|NearDOF|0.001|RimColor|16580592|RimPower|1|SSSColor|67920|ShadowBrightness|0.3|ShadowColor|12162681|SkySpecularPower|3|SpecularBoost|0.8|
4036,3,有雾的白色天空,CenterCloud|2|CenterCloudColor|13549983|CenterRotationTime|1000|FrontCloud|3|FrontCloudColor|15393757|FrontRotationTime|200|HorizonColor|16777215|HorizonHeight|0.75|LensFlareIndex|0|LensFlareSize|3|LensFlareStrenth|1|MoonSize|1|RearCloud|0|RearCloudColor|16777215|RearRotationTime|100|SkyColor|14013894|SunColor|16777215|SunGlowStrenth|1.15|SunStrenth|0.05|TwinkleSpeed||
3046,2,远古之地,BloomPower|0.65|Dimmer|2|EnvColor|9425144|EnvLUTFile|LUT_Desert.bmp|EnvSoundFile1|Area_Battle_01.ogg|FarDOF|0.15|FogColor|4439795|FogDensity|0.2|FogDistance|0.05|FogExp|1.0|FogHeight|0.007|FogHeightColor|2838436|FogHeightMin|0.0|FogMin|0.9|NearDOF|0.001|RimColor|8962273|RimPower|1|SSSColor|3690|ShadowBrightness|0.3|ShadowColor|3103104|SkySpecularPower|3|SpecularBoost|0.8|
4037,3,风沙漫天的天空,CenterCloud|3|CenterCloudColor|162559|CenterRotationTime|100|FrontCloud|0|FrontCloudColor|11850727|FrontRotationTime|500|HorizonColor|16515071|HorizonHeight|0.75|LensFlareIndex|2|LensFlareSize|2|LensFlareStrenth|1|MoonSize|1|RearCloud|2|RearCloudColor|7387889|RearRotationTime|500|SkyColor|4422618|SunColor|6534396|SunGlowStrenth|1.2|SunStrenth|0|TwinkleSpeed||
3047,2,冰冷的洞穴,BloomPower|0.9|Dimmer|1.5|EnvColor|9530169|EnvLUTFile|LUT_Ice.bmp|EnvSoundFile1|Area_Cave_01.ogg|FarDOF|0.1|FogColor|6171650|FogDensity|0.25|FogDistance|0.075|FogExp|1.0|FogHeight|0.0065|FogHeightColor|8011809|FogHeightMin|0.0|FogMin|0.85|NearDOF|0.001|RimColor|13872794|RimPower|1|SSSColor|111|ShadowBrightness|0.3|ShadowColor|10974815|SkySpecularPower|3|SpecularBoost|0.8|
3048,2,火龙巢穴,BloomPower|0.75|Dimmer|1.25|EnvColor|7770074|EnvLUTFile|LUT_volcano.bmp|EnvSoundFile1|Area_FireDragon's_Nest_01.ogg|FarDOF|0.1|FogColor|55|FogDensity|0.35|FogDistance|0.03|FogExp|1.0|FogHeight|0.005|FogHeightColor|988493|FogHeightMin|0.0|FogMin|0.95|NearDOF|0.001|RimColor|8949194|RimPower|1|SSSColor|43|ShadowBrightness|0.3|ShadowColor|8422033|SkySpecularPower|3|SpecularBoost|0.8|
3049,2,奥拉迪亚遗迹,BloomPower|0.85|Dimmer|1.5|EnvColor|12305799|EnvLUTFile|LUT_Gray.bmp|EnvSoundFile1|Area_Battle_01.ogg|FarDOF|0.15|FogColor|4802106|FogDensity|0.3|FogDistance|0.07|FogExp|1.0|FogHeight|0.005|FogHeightColor|886946|FogHeightMin|0.0|FogMin|0.95|NearDOF|0.001|RimColor|13288622|RimPower|1|SSSColor|69445|ShadowBrightness|0.3|ShadowColor|9993842|SkySpecularPower|2.5|SpecularBoost|0.8|
4038,3,奥拉迪亚的天空,CenterCloud|0|CenterCloudColor|16777215|CenterRotationTime|2400.0|FrontCloud|0|FrontCloudColor|16777215|FrontRotationTime|1200.0|HorizonColor|7194057|HorizonHeight|0.75|LensFlareIndex|0|LensFlareSize|2|LensFlareStrenth|0.5|MoonColor|4840956|MoonImage|0|MoonSize|1.25|RearCloud|0|RearCloudColor|16777215|RearRotationTime|4800.0|SkyColor|3945252|StarColor|0|SunColor|0|SunGlowStrenth|1.35|SunStrenth|5|TwinkleSpeed||
3050,2,逆境森林,BloomPower|0.75|Dimmer|1.5|EnvColor|9361913|EnvLUTFile|LUT_Jungle.bmp|EnvSoundFile1|Area_Jungle_Morning_01.ogg|FarDOF|0.15|FogColor|2968081|FogDensity|0.5|FogDistance|0.05|FogExp|1.0|FogHeight|0.007|FogHeightColor|9337632|FogHeightMin|0.0|FogMin|0.9|NearDOF|0.001|RimColor|7847843|RimPower|1|SSSColor|72|ShadowBrightness|0.3|ShadowColor|6921357|SkySpecularPower|3|SpecularBoost|0.8|
3051,2,古城萨基塔,BloomPower|0.7|Dimmer|1.5|EnvColor|5798326|EnvLUTFile|LUT_Gray.bmp|EnvSoundFile1|Area_Fog_Midday_01.ogg|FarDOF|0.15|FogColor|4470824|FogDensity|0.4|FogDistance|0.05|FogExp|1.0|FogHeight|0.01|FogHeightColor|3087635|FogHeightMin|0.0|FogMin|0.85|NearDOF|0.001|RimColor|14333620|RimPower|1|SSSColor|69185|ShadowBrightness|0.3|ShadowColor|11828864|SkySpecularPower|3|SpecularBoost|0.8|
3052,2,克拉伍德活体实验室,BloomPower|0.8|Dimmer|1.5|EnvColor|11251183|EnvLUTFile|LUT_Jungle.bmp|EnvSoundFile1|Area_Cave_02.ogg|FarDOF|0.2|FogColor|3747115|FogDensity|0.5|FogDistance|0.05|FogExp|1.0|FogHeight|0.005|FogHeightColor|2243923|FogHeightMin|0.0|FogMin|0.95|NearDOF|0.001|RimColor|10794971|RimPower|1|SSSColor|3906|ShadowBrightness|0.3|ShadowColor|8161172|SkySpecularPower|3|SpecularBoost|0.8|
3053,2,恶鬼峡谷,BloomPower|0.75|Dimmer|1.5|EnvColor|5800395|EnvLUTFile|LUT_Jungle.bmp|EnvSoundFile1|Area_Temple_01.ogg|FarDOF|0.1|FogColor|3352897|FogDensity|0.5|FogDistance|0.075|FogExp|1.0|FogHeight|0.005|FogHeightColor|2852|FogHeightMin|0.0|FogMin|0.85|NearDOF|0.001|RimColor|9344208|RimPower|1|SSSColor|68408|ShadowBrightness|0.3|ShadowColor|11042941|SkySpecularPower|3|SpecularBoost|0.8|
3054,2,黑暗的要塞,BloomPower|0.8|Dimmer|1.5|EnvColor|6651358|EnvLUTFile|LUT_Default.bmp|EnvSoundFile1|Area_Temple_01.ogg|FarDOF|0.1|FogColor|2560545|FogDensity|0.45|FogDistance|0.05|FogExp|1.0|FogHeight|0.005|FogHeightColor|3153013|FogHeightMin|0.0|FogMin|0.8|NearDOF|0.001|RimColor|9406672|RimPower|1|SSSColor|51|ShadowBrightness|0.3|ShadowColor|9203029|SkySpecularPower|3|SpecularBoost|0.8|
3055,2,战士们的土地,BloomPower|0.8|Dimmer|1.5|EnvColor|10840961|EnvLUTFile|LUT_Jungle.bmp|EnvSoundFile1|Area_Silent_Lake_01.ogg|FarDOF|0.15|FogColor|1977364|FogDensity|0.35|FogDistance|0.06|FogExp|1.0|FogHeight|0.005|FogHeightColor|13010745|FogHeightMin|0.0|FogMin|0.9|NearDOF|0.001|RimColor|14273715|RimPower|1|SSSColor|1086|ShadowBrightness|0.3|ShadowColor|8879702|SkySpecularPower|3|SpecularBoost|0.8|
3056,2,红顶火山洞穴,BloomPower|0.85|Dimmer|1.35|EnvColor|6192334|EnvLUTFile|LUT_volcano.bmp|EnvSoundFile1|Area_FireDragon's_Nest_01.ogg|FarDOF|0.25|FogColor|51|FogDensity|0.4|FogDistance|0.075|FogExp|1.0|FogHeight|0.005|FogHeightColor|1052762|FogHeightMin|0.0|FogMin|0.8|NearDOF|0.001|RimColor|9412062|RimPower|1|SSSColor|62|ShadowBrightness|0.3|ShadowColor|8020833|SkySpecularPower|3|SpecularBoost|0.8|
3057,2,灰色半兽人村庄,BloomPower|0.65|Dimmer|1.35|EnvColor|10791817|EnvLUTFile|LUT_Gray.bmp|EnvSoundFile1|Area_Wind_Morning_01.ogg|FarDOF|0.15|FogColor|6380361|FogDensity|0.3|FogDistance|0.05|FogExp|1.0|FogHeight|0.005|FogHeightColor|11181196|FogHeightMin|0.0|FogMin|0.85|NearDOF|0.001|RimColor|10143170|RimPower|1|SSSColor|57|ShadowBrightness|0.3|ShadowColor|6391710|SkySpecularPower|3|SpecularBoost|0.8|
3058,2,光之地下庭院,BloomPower|0.75|Dimmer|1.5|EnvColor|10995443|EnvLUTFile|LUT_Jungle.bmp|EnvSoundFile1|Area_Jungle_Evening_01.ogg|FarDOF|0.1|FogColor|6045473|FogDensity|0.3|FogDistance|0.07|FogExp|1.0|FogHeight|0.005|FogHeightColor|6371461|FogHeightMin|0.0|FogMin|0.9|NearDOF|0.001|RimColor|14664907|RimPower|1|SSSColor|921912|ShadowBrightness|0.3|ShadowColor|10518707|SkySpecularPower|3|SpecularBoost|0.8|
3059,2,火山地带白天,BloomPower|1|Dimmer|1.3|EnvColor|12754061|EnvLUTFile|LUT_volcano.bmp|EnvSoundFile1|Amb_Wind_Valley_01.ogg|FarDOF|0.1|FogColor|3810075|FogDensity|0.3|FogDistance|0.08|FogExp|1.0|FogHeight|0.005|FogHeightColor|855309|FogHeightMin|0.0|FogMin|0.95|NearDOF|0.001|RimColor|11834249|RimPower|1|SSSColor|1824|ShadowBrightness|0.3|ShadowColor|11767434|SkySpecularPower|2|SpecularBoost|0.8|
3060,2,火山地带早上,BloomPower|0.65|Dimmer|1.6|EnvColor|8112614|EnvLUTFile|Default.LUT|EnvSoundFile1|Amb_Wind_Valley_01.ogg|FarDOF|0.1|FogColor|3747106|FogDensity|0.45|FogDistance|0.035|FogExp|1.0|FogHeight|0.01|FogHeightColor|5082525|FogHeightMin|0.0|FogMin|0.9|NearDOF|0.001|RimColor|11455711|RimPower|1|SSSColor|70|ShadowBrightness|0.3|ShadowColor|7768980|SkySpecularPower|3|SpecularBoost|0.8|
3061,2,火山地带中午,BloomPower|0.5|Dimmer|1.8|EnvColor|13028014|EnvLUTFile|LUT_volcano.bmp|EnvSoundFile1|Area_Valley_01.ogg|FarDOF|0.12|FogColor|4534047|FogDensity|0.4|FogDistance|0.035|FogExp|1.0|FogHeight|0.015|FogHeightColor|8095365|FogHeightMin|0.0|FogMin|1|NearDOF|0.001|RimColor|13618108|RimPower|1|SSSColor|2639|ShadowBrightness|0.3|ShadowColor|7309977|SkySpecularPower|3|SpecularBoost|0.8|
3062,2,火山地带夜晚,BloomPower|0.6|Dimmer|1.6|EnvColor|10202593|EnvLUTFile|LUT_volcano.bmp|EnvSoundFile1|Area_Valley_01.ogg|FarDOF|0.1|FogColor|3680039|FogDensity|0.4|FogDistance|0.04|FogExp|1.0|FogHeight|0.015|FogHeightColor|5335938|FogHeightMin|0.0|FogMin|1|NearDOF|0.001|RimColor|12305896|RimPower|1|SSSColor|64|ShadowBrightness|0.3|ShadowColor|9924481|SkySpecularPower|3|SpecularBoost|0.8|
4039,3,灰色白天天空,CenterCloud|0|CenterCloudColor|3421272|CenterRotationTime|800|FrontCloud|0|FrontCloudColor|2498600|FrontRotationTime|500|HorizonColor|6704983|HorizonHeight|0.75|LensFlareIndex|0.0|LensFlareSize||MoonColor|11846381|MoonImage|0|MoonSize|1|RearCloud|0|RearCloudColor|3355443|RearRotationTime|1500|SkyColor|1117456|StarColor|1782593|SunColor|16777215|SunGlowStrenth|1.3|SunStrenth|1.0|TwinkleSize|1.0|TwinkleSpeed||
4040,3,灰色早上天空,CenterCloud|2|CenterCloudColor|4169899|CenterRotationTime|600|FrontCloud|1|FrontCloudColor|7458288|FrontRotationTime|400|HorizonColor|8310264|HorizonHeight|0.75|LensFlareIndex|1|LensFlareSize|3|MoonColor|0|MoonImage|0|MoonSize|1|RearCloud|2|RearCloudColor|8428949|RearRotationTime|1500|SkyColor|4145724|StarColor|0|SunColor|11467769|SunGlowStrenth|1.25|SunStrenth|2|TwinkleSize|1.0|TwinkleSpeed||
4041,3,灰色中午天空,CenterCloud|2|CenterCloudColor|11906986|CenterRotationTime|500|FrontCloud|2|FrontCloudColor|13287613|FrontRotationTime|300|HorizonColor|15132390|HorizonHeight|0.75|LensFlareIndex|0|LensFlareSize|1|MoonColor|0|MoonImage|0|MoonSize|1|RearCloud|2|RearCloudColor|9601904|RearRotationTime|1000|SkyColor|5461314|StarColor|0|SunColor|13553358|SunGlowStrenth|1.25|SunStrenth|3|TwinkleSize|1.0|TwinkleSpeed||
4042,3,灰色夜晚天空,CenterCloud|2|CenterCloudColor|4816542|CenterRotationTime|600|FrontCloud|2|FrontCloudColor|8103886|FrontRotationTime|400|HorizonColor|9744849|HorizonHeight|0.75|LensFlareIndex|1|LensFlareSize|3|MoonColor|0|MoonImage|0|MoonSize|1|RearCloud|2|RearCloudColor|6664623|RearRotationTime|1000|SkyColor|5128509|StarColor|0|SunColor|11917567|SunGlowStrenth|1.2|SunStrenth|2|TwinkleSize|1.0|TwinkleSpeed||
4043,3,删除角色选择天空,CenterCloud|3|CenterCloudColor|5643577|CenterRotationTime|100|FrontCloud|0|FrontCloudColor|16777215|FrontRotationTime|1200.0|HorizonColor|6701884|HorizonHeight|0.75|LensFlareIndex|0.0|LensFlareSize||MoonColor|10333290|MoonImage|0|MoonSize|0.6|RearCloud|0|RearCloudColor|16777215|RearRotationTime|4800.0|SkyColor|0|StarColor|0|SunColor|16777215|SunGlowStrenth|1.8|SunStrenth|1.0|TwinkleSize|1.0|TwinkleSpeed||
4044,3,高级角色选择天空,CenterCloud|0|CenterCloudColor|16777215|CenterRotationTime|2400.0|FrontCloud|2|FrontCloudColor|3115769|FrontRotationTime|200|HorizonColor|8053754|HorizonHeight|1.75|LensFlareIndex|0.0|LensFlareSize||MoonColor|0|MoonImage|1|MoonSize|2|RearCloud|0|RearCloudColor|16777215|RearRotationTime|4800.0|SkyColor|6764852|StarColor|0|SunColor|16777215|SunGlowStrenth|1.8|SunStrenth|10|TwinkleSize|1.0|TwinkleSpeed||
1012,0,红雨,RainAlpha|0.4|RainColor|2631780|RainDropAlpha|0|RainDropAniSpeed|1|RainPlaneCount|10|RainScaleH|1|RainScaleV|0.3|RainSoundFile1|Area_Rain_Small_01.ogg|RainSpeed|0.5|
3063,2,克罗西亚竞技场,BloomPower|0.65|Dimmer|1.5|EnvColor|7470335|EnvLUTFile|LUT_Gray.bmp|EnvSoundFile1|Area_Wind_Small_Cold_01.ogg|FarDOF|0.15|FogColor|4617585|FogDensity|0.4|FogDistance|0.05|FogExp|1.0|FogHeight|0.005|FogHeightColor|2236689|FogHeightMin|0.0|FogMin|0.9|NearDOF|0.001|RimColor|11785683|RimPower|1|SSSColor|267097|ShadowBrightness|0.3|ShadowColor|5066061|SkySpecularPower|3|SpecularBoost|0.8|
4045,3,角色工具天空,CenterCloud|0|CenterCloudColor|16777215|CenterRotationTime|2400.0|FrontCloud|0|FrontCloudColor|16777215|FrontRotationTime|1200.0|HorizonColor|8421504|HorizonHeight|0.5|LensFlareIndex|0.0|LensFlareSize||MoonColor|0|MoonImage|0|MoonSize|0.0|RearCloud|0|RearCloudColor|16777215|RearRotationTime|4800.0|SkyColor|0|StarColor|0|SunColor|0|SunGlowStrenth|1|SunStrenth|1.0|TwinkleSize|1.0|TwinkleSpeed||
4046,3,古城萨基塔天空,CenterCloud|1|CenterCloudColor|2823734|CenterRotationTime|2400.0|FrontCloud|2|FrontCloudColor|5780030|FrontRotationTime|1200.0|HorizonColor|12540753|HorizonHeight|0.75|LensFlareIndex|0.0|LensFlareSize||MoonColor|13582686|MoonImage|0|MoonSize|1|RearCloud|2|RearCloudColor|3806222|RearRotationTime|4800.0|SkyColor|2037266|StarColor|0|SunColor|0|SunGlowStrenth|1.5|SunStrenth|1|TwinkleSize|1.0|TwinkleSpeed||
3064,2,绝对者之塔,BloomPower|0.8|Dimmer|1.8|EnvColor|7782906|EnvLUTFile|LUT_Jungle.bmp|EnvSoundFile1|Area_Battle_01.ogg|FarDOF|0.1|FogColor|1468574|FogDensity|0.3|FogDistance|0.05|FogExp|1.0|FogHeight|0.015|FogHeightColor|16874|FogHeightMin|0.0|FogMin|0.9|NearDOF|0.001|RimColor|10204121|RimPower|1|SSSColor|136|ShadowBrightness|0.3|ShadowColor|4414055|SkySpecularPower|4|SpecularBoost|0.8|
4047,3,绝对者之塔天空,CenterCloud|3|CenterCloudColor|2730477|CenterRotationTime|400|FrontCloud|3|FrontCloudColor|5607408|FrontRotationTime|1000|HorizonColor|14412018|HorizonHeight|0.5|LensFlareIndex|2|LensFlareSize||MoonColor|0|MoonImage|0|MoonSize|0.0|RearCloud|3|RearCloudColor|4527963|RearRotationTime|200|SkyColor|2035241|StarColor|0|SunColor|7790590|SunGlowStrenth|1.3|SunStrenth|0|TwinkleSize|1.0|TwinkleSpeed||
4048,3,绿色白天天空,CenterCloud|0|CenterCloudColor|4227361|CenterRotationTime|2400.0|FrontCloud|0|FrontCloudColor|14548696|FrontRotationTime|1200.0|HorizonColor|12242475|HorizonHeight|0.7|LensFlareIndex|0|LensFlareSize||MoonColor|37246|MoonImage|1|MoonSize|2|RearCloud|0|RearCloudColor|6522648|RearRotationTime|2400|SkyColor|2498564|StarColor|260283|SunColor|499354|SunGlowStrenth|1.5|SunStrenth|1.0|TwinkleSize|1.0|TwinkleSpeed||
2006,1,火山灰,SnowAlpha|0.5|SnowColor|0|SnowCount|100|SnowDropAlpha|0.3|SnowDropAniSpeed|1.0|SnowScale|1|SnowSoundFile1|Mute_Sound_02.ogg|SnowSpeed|0.1|
2007,1,绿眼,SnowAlpha|1|SnowColor|6356979|SnowCount|100|SnowDropAlpha|0.3|SnowDropAniSpeed|1.0|SnowScale|0.5|SnowSoundFile1|Mute_Sound_02.ogg|SnowSpeed|0.8|
4049,3,绿色早上天空,CenterCloud|0|CenterCloudColor|16777215|CenterRotationTime|2400.0|FrontCloud|0|FrontCloudColor|16777215|FrontRotationTime|1200.0|HorizonColor|10215935|HorizonHeight|0.5|LensFlareIndex|2|LensFlareSize||MoonColor|416746|MoonImage|1|MoonSize|2|RearCloud|0|RearCloudColor|16777215|RearRotationTime|4800.0|SkyColor|6373637|StarColor|6943228|SunColor|16777215|SunGlowStrenth|1.2|SunStrenth|1|TwinkleSize|1.0|TwinkleSpeed||
4050,3,绿色中午天空,CenterCloud|0|CenterCloudColor|16777215|CenterRotationTime|2400.0|FrontCloud|0|FrontCloudColor|16777215|FrontRotationTime|1200.0|HorizonColor|15334620|HorizonHeight|0.7|LensFlareIndex|0|LensFlareSize||MoonColor|16777215|MoonImage|0|MoonSize|2|RearCloud|0|RearCloudColor|16777215|RearRotationTime|4800.0|SkyColor|7100672|StarColor|8125943|SunColor|14155667|SunGlowStrenth|1.2|SunStrenth|1.0|TwinkleSize|1.0|TwinkleSpeed||
4051,3,绿色夜晚天空,CenterCloud|0|CenterCloudColor|16777215|CenterRotationTime|2400.0|FrontCloud|0|FrontCloudColor|16777215|FrontRotationTime|1200.0|HorizonColor|6457855|HorizonHeight|0.5|LensFlareIndex|0.0|LensFlareSize||MoonColor|12777989|MoonImage|0|MoonSize|2|RearCloud|0|RearCloudColor|16777215|RearRotationTime|4800.0|SkyColor|5723904|StarColor|2162068|SunColor|8232955|SunGlowStrenth|1.3|SunStrenth|1|TwinkleSize|1.0|TwinkleSpeed||
2008,1,红眼,SnowAlpha|0.5|SnowColor|2700474|SnowCount|500|SnowDropAlpha|0.3|SnowDropAniSpeed|1.0|SnowScale|1.2|SnowSoundFile1|Mute_Sound_02.ogg|SnowSpeed|0.1|
3065,2,彩虹平原白天,BloomPower|1|Dimmer|1.5|EnvColor|10249602|EnvLUTFile|LUT_Gray.bmp|EnvSoundFile1|Amb_Insect_Night_01.ogg|FarDOF|0.1|FogColor|5322792|FogDensity|0.4|FogDistance|0.05|FogExp|1.0|FogHeight|0.015|FogHeightColor|4657934|FogHeightMin|0.0|FogMin|0.9|NearDOF|0.001|RimColor|13666992|RimPower|1|SSSColor|64|ShadowBrightness|0.3|ShadowColor|10378842|SkySpecularPower|2.5|SpecularBoost|0.8|
3066,2,彩虹平原早上,BloomPower|0.8|Dimmer|1.5|EnvColor|2339279|EnvLUTFile|LUT_Gray.bmp|EnvSoundFile1|Amb_Insect_Day_01.ogg|FarDOF|0.1|FogColor|7645895|FogDensity|0.45|FogDistance|0.035|FogExp|1.0|FogHeight|0.03|FogHeightColor|4744851|FogHeightMin|0.0|FogMin|0.9|NearDOF|0.001|RimColor|12968941|RimPower|1|SSSColor|330554|ShadowBrightness|0.3|ShadowColor|10506322|SkySpecularPower|3|SpecularBoost|0.8|
3067,2,彩虹平原中午,BloomPower|0.7|Dimmer|2|EnvColor|11842689|EnvLUTFile|LUT_Gray.bmp|EnvSoundFile1|Amb_Insect_Day_01.ogg|FarDOF|0.12|FogColor|13009497|FogDensity|0.4|FogDistance|0.035|FogExp|1.0|FogHeight|0.02|FogHeightColor|9587542|FogHeightMin|0.0|FogMin|1.0|NearDOF|0.001|RimColor|15655637|RimPower|1|SSSColor|396885|ShadowBrightness|0.3|ShadowColor|8212313|SkySpecularPower|3|SpecularBoost|0.8|
3068,2,彩虹平原夜晚,BloomPower|0.8|Dimmer|1.5|EnvColor|9281733|EnvLUTFile|LUT_Gray.bmp|EnvSoundFile1|Amb_Insect_Night_01.ogg|FarDOF|0.1|FogColor|7880511|FogDensity|0.4|FogDistance|0.04|FogExp|1.0|FogHeight|0.015|FogHeightColor|2106445|FogHeightMin|0.0|FogMin|1.0|NearDOF|0.001|RimColor|14732006|RimPower|1|SSSColor|597086|ShadowBrightness|0.3|ShadowColor|10704482|SkySpecularPower|3|SpecularBoost|0.8|
3069,2,倒塌的梦之缝隙,BloomPower|0.85|Dimmer|1.8|EnvColor|9730354|EnvLUTFile|LUT_Default.bmp|EnvSoundFile1|Amb_Magic_Earth_01.ogg|FarDOF|0.1|FogColor|9391021|FogDensity|0.8|FogDistance|0.025|FogExp|1.0|FogHeight|0.025|FogHeightColor|7097892|FogHeightMin|0.0|FogMin|0.9|NearDOF|0.001|RimColor|14007029|RimPower|1|SSSColor|70|ShadowBrightness|0.3|ShadowColor|6894166|SkySpecularPower|3.5|SpecularBoost|0.8|
3070,2,紫光洞窟,BloomPower|0.8|Dimmer|1.8|EnvColor|11361855|EnvLUTFile|LUT_Default.bmp|EnvSoundFile1|Amb_Magic_Earth_01.ogg|FarDOF|0.1|FogColor|6558030|FogDensity|0.3|FogDistance|0.05|FogExp|1.0|FogHeight|0.025|FogHeightColor|4267284|FogHeightMin|0.0|FogMin|0.9|NearDOF|0.001|RimColor|14789317|RimPower|1|SSSColor|131658|ShadowBrightness|0.3|ShadowColor|5189933|SkySpecularPower|3|SpecularBoost|0.8|
3071,2,噩梦祭坛,BloomPower|1|Dimmer|2|EnvColor|1917827|EnvLUTFile|LUT_Gray.bmp|EnvSoundFile1|Amb_Magic_Earth_01.ogg|FarDOF|0.1|FogColor|5324857|FogDensity|0.3|FogDistance|0.035|FogExp|1.0|FogHeight|0.015|FogHeightColor|3939378|FogHeightMin|0.0|FogMin|0.9|NearDOF|0.001|RimColor|13093865|RimPower|1|SSSColor|595541|ShadowBrightness|0.3|ShadowColor|3480339|SkySpecularPower|3|SpecularBoost|0.8|
4052,3,噩梦天空,CenterCloud|2|CenterCloudColor|2590716|CenterRotationTime|1000|FrontCloud|2|FrontCloudColor|3812729|FrontRotationTime|500|HorizonColor|5873221|HorizonHeight|1|LensFlareIndex|0|LensFlareSize|1|MoonColor|0|MoonImage|0|MoonSize|0.0|RearCloud|2|RearCloudColor|10784034|RearRotationTime|2500|SkyColor|3342338|StarColor|0|SunColor|12210744|SunGlowStrenth|1.5|SunStrenth|100000|TwinkleSize|1.0|TwinkleSpeed||
