TID,Type,Kind,Property,Race,ShapeID,Color,Width,Height,Scale,Comment,EngTitle,EngName,LocalTitle,LocalName,UseIconType,WorldMapIcon,Level,Repeat,ItemDropTID,RegenR,RegenTimeMin,RegenTimeMax,Exp,ActionTID,Trigger,EntityState,EntityAni_01,EntityAni_02,EntityAni_03,QuestTID,QuestMissionTID,InsMapGroupTID,EventRange
分隔符,类型,种类,属性,种族,外形信息,RGB 值,NPC 大小宽度,NPC 大小高度,NPC 尺寸,私用,英文标题名称,英文名称,本地标题名称,本地名称,是否使用图,世界地图上显示的图标,等级,重复采集,掉落道具,赞助半径,赞助时间最小,最大赞助时间,采集物经验值,PC行动 ID,触发器有/无(0=无.1=有),"实体状态值(0=idle, 1= 关闭, 2= 打开)",1#实体号码,2#实体号码,3#实体号码,探索 TID,探索任务 TID,可用团队号码,事件发生时距离值
,,,,,,,,,,,,,,,,,,,,,,,,,,,,,,,,,
U32,U8,U8,U8,U8:v,U32,string,F32,F32,F32,CBwString,CBwString,CBwString,CBwString,CBwString,U8,U32,U8,U8,U16,F32,U32,U32,S64,U32,U8,U8:v,U8:a:EntityAni,U8,U8,U32,U32,U16,U8
1,3,8,0,0,12010,,0.3,1.5,1,哥布林山地营地,ETT_Title_000001,ETT_Name_000001,,哥布林粮食口袋,1,20800,1,2,20000,0,5,10,0,2,0,0,0,0,0,10014,10014,0,3
2,3,8,0,0,11100,,0.3,1.5,1,贝斯帕德的森林,ETT_Title_000002,ETT_Name_000002,,红药草,1,20800,1,2,20002,0,5,10,0,2,0,0,0,0,0,10054,10055,0,3
3,3,8,0,0,12000,,1,4.5,1,贝斯帕德的森林,ETT_Title_000003,ETT_Name_000003,,残破的供应马车,1,20800,1,3,20003,0,5,10,0,2,0,0,0,0,0,10053,10054,0,3
4,3,8,0,0,12002,,0.3,1.5,1,哥布林江边营地,ETT_Title_000004,ETT_Name_000004,,哥布林江边宝物箱,1,20800,1,2,20004,0,5,10,0,2,0,0,0,0,0,7,10,0,3
5,3,8,0,0,12016,,0.3,1,1,布莱斯莱斯集结地,ETT_Title_000005,ETT_Name_000005,,盗窃团秘密材料箱,1,20800,1,2,20017,0,5,10,0,2,0,0,0,0,0,10133,10130,0,3
6,3,8,0,0,12018,,0.3,1.5,1,斯主要的池塘,ETT_Title_000006,ETT_Name_000006,,水雾花,1,20800,1,2,20006,0,5,10,0,2,0,0,0,0,0,10312,10312,0,3
7,3,8,0,0,12017,,0.3,1.2,1,被遗忘者的墓地,ETT_Title_000007,ETT_Name_000007,,迈特丢失的背包,1,20800,1,2,20007,0,5,10,0,2,0,0,0,0,0,10334,10336,0,3
8,3,8,0,0,12019,,0.3,1,1,古代的门,ETT_Title_000008,ETT_Name_000008,,噩梦之花,1,20800,1,2,20008,0,5,10,0,2,0,0,0,0,0,65,65,0,3
9,3,8,0,0,12020,,0.2,2.5,2,地盐的墓地,ETT_Title_000009,ETT_Name_000009,,西边破碎的守护石,1,20800,1,2,20010,0,5,10,0,2,0,0,0,0,0,10346,10348,0,3
10,3,8,0,0,12020,,0.2,2.5,2,地盐的墓地,ETT_Title_000010,ETT_Name_000010,,北边破碎的守护石,1,20800,1,2,20011,0,5,10,0,2,0,0,0,0,0,10346,10349,0,3
11,3,8,0,0,12020,,0.2,2.5,2,地盐的墓地,ETT_Title_000011,ETT_Name_000011,,南边破碎的守护石,1,20800,1,2,20012,0,5,10,0,2,0,0,0,0,0,10346,10337,0,3
12,3,8,0,0,12021,,0.3,2,1,尖塔村庄,ETT_Title_000012,ETT_Name_000012,,遗迹碎片,1,20800,1,2,20013,0,5,10,0,2,0,0,0,0,0,3,4,0,3
13,3,8,0,0,12002,,0.3,1.5,1,尖塔村庄,ETT_Title_000013,ETT_Name_000013,,供给品箱,1,20800,1,2,20014,0,5,10,0,2,0,0,0,0,0,10027,10030,0,3
14,3,8,0,0,12025,,0.5,1.5,1,哥布林江边营地,ETT_Title_000014,ETT_Name_000014,,肉品烘干队,1,20800,1,2,20015,0,5,10,0,2,0,0,0,0,0,10079,10081,0,3
15,3,8,0,0,12002,,0.3,1.5,1,刀刃集结地,ETT_Title_000015,ETT_Name_000015,,战利品盒,1,20800,1,2,20016,0,5,10,0,2,0,0,0,0,0,10113,10113,0,3
16,3,8,0,0,12019,,0.3,1,1,哈比的森林,ETT_Title_000016,ETT_Name_000016,,剧毒草,1,20800,1,2,20018,0,5,10,0,2,0,0,0,0,0,10171,10182,0,3
17,3,8,0,0,12002,,0.3,1.5,1,瀑布村,ETT_Title_000017,ETT_Name_000017,,供给品箱,1,20800,1,2,20019,0,5,10,0,2,0,0,0,0,0,10167,10180,0,3
18,3,8,0,0,12025,,0.5,1.5,1,砂轮村庄,ETT_Title_000018,ETT_Name_000018,,肉品烘干队,1,20800,1,2,20020,0,5,10,0,2,0,0,0,0,0,10181,10205,0,3
19,3,8,0,0,12018,,0.3,1.5,1,雾之丘,ETT_Title_000019,ETT_Name_000019,,清晨露珠草,1,20800,1,2,20021,0,5,10,0,2,0,0,0,0,0,10193,10213,0,3
20,3,8,0,0,12002,,0.3,1.5,1,洛坎的实验室,ETT_Title_000020,ETT_Name_000020,,洛坎的研究材料,1,20800,1,5,20022,0,5,10,0,2,0,0,0,0,0,40006,40006,0,3
21,3,8,0,0,12016,,0.3,1,1,深渊神殿,ETT_Title_000021,ETT_Name_000021,,供给品箱,1,20800,1,2,20023,0,5,10,0,2,0,0,0,0,0,40012,40012,0,3
22,3,8,0,0,12003,,0.3,3,1,深渊神殿,ETT_Title_000022,ETT_Name_000022,,异系果实,1,20800,1,2,20024,0,5,10,0,2,0,0,0,0,0,40018,40018,0,3
23,3,8,0,0,12057,,0.3,2.5,1, ,ETT_Title_000023,ETT_Name_000023,,干草垛,1,20800,1,2,20025,0,5,10,0,2,0,0,0,0,0,46005,46005,0,3
24,3,8,0,0,12058,,0.3,3,1, ,ETT_Title_000024,ETT_Name_000024,,玉米,1,20800,1,2,20026,0,5,10,0,2,0,0,0,0,0,46005,46006,0,3
25,3,8,0,0,12017,,0.3,3,1, ,ETT_Title_000025,ETT_Name_000025,,食品包装袋,1,20800,1,2,20604,0,5,10,0,2,0,0,0,0,0,16034,16034,0,3
26,3,8,0,0,12016,,0.3,3,1, ,ETT_Title_000026,ETT_Name_000026,,文件箱,1,20800,1,2,20603,0,5,10,0,2,0,0,0,0,0,16043,16043,0,3
27,3,8,0,0,12015,,0.3,3,1, ,ETT_Title_000027,ETT_Name_000027,,供给品箱,1,20800,1,2,20239,0,5,10,0,2,0,0,0,0,0,16092,16092,0,3
31,3,8,0,0,12018,,0.3,3,1,寂静的森林,,,,红药草,1,20800,1,2,20601,0,5,10,0,2,0,0,0,0,0,16022,16022,0,3
32,3,8,0,0,12016,,0.3,3,1,寂静的森林,,,,文件箱,1,20800,1,2,20602,0,5,10,0,2,0,0,0,0,0,1122,1122,0,3
33,3,8,0,0,12017,,0.3,3,1,布拉考海岸,,,,汤普森的包装袋,1,20800,1,2,20605,0,5,10,0,2,0,0,0,0,0,16054,16054,0,3
34,3,8,0,0,12094,,0.3,3,1,布拉考海岸,,,,侦察兵麦克斯,1,20800,1,2,20606,0,5,10,0,2,0,0,0,0,0,16058,16058,0,3
35,3,8,0,0,12019,,0.3,3,1,布拉考海岸,,,,海草,1,20800,1,2,20607,0,5,10,0,2,0,0,0,0,0,16055,16055,0,3
37,3,8,0,0,12015,,0.3,3,1,拜朗平原,,,,供给箱,1,20800,1,2,20608,0,5,10,0,2,0,0,0,0,0,16066,16066,0,3
38,3,8,0,0,12060,,0.3,3,1,倒塌的空间,,,,大地的龟裂,1,20800,1,2,20609,0,5,10,0,2,0,0,0,0,0,16073,16073,0,3
39,3,8,0,0,12044,,0.3,3,1,倒塌的空间,,,,被污染的土壤,1,20800,1,2,20610,0,5,10,0,2,0,0,0,0,0,16075,16075,0,3
40,3,8,0,0,12047,,0.3,3,1,倒塌的空间,,,,被污染的树枝,1,20800,1,2,20611,0,5,10,0,2,0,0,0,0,0,16082,16082,0,3
101,3,8,0,0,12015,,0.3,1.5,1,雷兰特冶炼厂,ETT_Title_000028,ETT_Name_000028,,冶炼厂供给箱,1,20800,1,2,20101,0,5,10,0,2,0,0,0,0,0,11005,11005,0,3
102,3,8,0,0,12015,,0.3,1.5,1,内特采石场,ETT_Title_000029,ETT_Name_000029,,火药箱,1,20800,1,2,20102,0,5,10,0,2,0,0,0,0,0,11023,11023,0,3
103,3,8,0,0,12000,,1,4,1,红岩平原,ETT_Title_000030,ETT_Name_000030,,红岩军团供应货车,1,20800,1,2,20103,0,5,10,0,2,0,0,0,0,0,11036,11036,0,3
104,3,8,0,0,12016,,0.3,1,1,布朗汉挖掘场,ETT_Title_000031,ETT_Name_000031,,布朗汉的文件盒,1,20800,1,2,20104,0,5,10,0,2,0,0,0,0,0,123,123,0,3
105,3,8,0,0,12016,,0.3,1,1,卢安克巢穴,ETT_Title_000032,ETT_Name_000032,,格拉希安的衣角,1,20800,1,2,20105,0,5,10,0,2,0,0,0,0,0,132,132,0,3
106,3,8,0,0,12020,,0.2,2.5,2,布朗汉发掘场,ETT_Title_000033,ETT_Name_000033,,古代石板,1,20800,1,2,20106,0,5,10,0,2,0,0,0,0,0,11041,11041,0,3
107,3,8,0,0,12019,,0.3,1,1,卢安克巢穴,ETT_Title_000034,ETT_Name_000034,,剧毒草,1,20800,1,2,20107,0,5,10,0,2,0,0,0,0,0,11053,11053,0,3
108,3,8,0,0,12016,,0.3,1,1,红蝎子盗贼团藏身处,ETT_Title_000035,ETT_Name_000035,,红蝎子盗窃团文件盒,1,20800,1,2,20108,0,5,10,0,2,0,0,0,0,0,11072,11072,0,3
109,3,8,0,0,12015,,0.3,1.5,1,斯蒂尔普瑞斯,ETT_Title_000036,ETT_Name_000036,,鲁哈奈尔秘密箱子,1,20800,1,2,20109,0,5,10,0,2,0,0,0,0,0,156,156,0,3
110,3,8,0,0,12015,,0.3,1.5,1,红蝎子盗贼团,ETT_Title_000037,ETT_Name_000037,,火药箱,1,20800,1,2,20110,0,5,10,0,2,0,0,0,0,0,11105,11105,0,3
111,3,8,0,0,12015,,0.3,1.5,1,红蝎子盗贼团藏身处,ETT_Title_000038,ETT_Name_000038,,红蝎子盗窃团供给品箱,1,20800,1,2,20111,0,5,10,0,2,0,0,0,0,0,11080,11080,0,3
112,3,8,0,0,12002,,0.3,1.5,1,红蝎子盗贼团要塞,ETT_Title_000039,ETT_Name_000039,,红蝎子盗窃团秘密文件盒,1,20800,1,2,20112,0,5,10,0,2,0,0,0,0,0,11107,11107,0,3
113,3,8,0,0,12016,,0.3,1,1,凯特废弃地,ETT_Title_000040,ETT_Name_000040,,加仑矿山材料箱子,1,20800,1,2,20113,0,5,10,0,2,0,0,0,0,0,11123,11123,0,3
114,3,8,0,0,12002,,0.3,1.5,1,凯特废弃地,ETT_Title_000041,ETT_Name_000041,,加仑矿山秘密箱子,1,20800,1,2,20114,0,5,10,0,2,0,0,0,0,0,11124,11124,0,3
115,3,8,0,0,12094,,0.3,1.5,1,凯伦荒地,ETT_Title_000042,ETT_Name_000042,,勘察队侦察兵,1,20800,1,2,20115,0,5,10,0,2,0,0,0,0,0,11142,11142,0,3
116,3,8,0,0,12032,,0.3,1.5,1,凯特废弃地,ETT_Title_000043,ETT_Name_000043,,未知矿石堆,1,20800,1,2,20116,0,5,10,0,2,0,0,0,0,0,11122,11122,0,3
117,3,8,0,0,12015,,0.3,1.5,1,凯伦荒地,ETT_Title_000044,ETT_Name_000044,,火药箱,1,20800,1,2,20117,0,5,10,0,2,0,0,0,0,0,11146,11146,0,3
118,3,8,0,0,12033,,0.3,1.5,1,凯伦荒地,ETT_Title_000045,ETT_Name_000045,,红石,1,20800,1,2,20118,0,5,10,0,2,0,0,0,0,0,11150,11150,0,3
119,3,8,0,0,12094,,0.3,1.5,1,红岩军团要塞,ETT_Title_000046,ETT_Name_000046,,要塞守兵,1,20800,1,2,20119,0,5,10,0,2,0,0,0,0,0,11172,11172,0,3
120,3,8,0,0,12086,,0.3,1.5,1,哨兵的花园,ETT_Title_000047,ETT_Name_000047,,魔法矿石,1,20800,1,2,20120,0,5,10,0,2,0,0,0,0,0,11194,11194,0,3
121,3,8,0,0,12020,,0.3,1.5,1,哨兵的花园,ETT_Title_000048,ETT_Name_000048,,希迪奈尔石板,1,20800,1,2,20121,0,5,10,0,2,0,0,0,0,0,211,211,0,3
122,3,8,0,0,12015,,0.3,1.5,1,哨兵的花园,ETT_Title_000049,ETT_Name_000049,,红岩军团供给品箱子,1,20800,1,2,20122,0,5,10,0,2,0,0,0,0,0,11161,11161,0,3
123,3,8,0,0,12004,,0.3,4,1,布蓝汉废弃地,ETT_Title_000050,ETT_Name_000050,,干材,1,20800,1,2,20123,0,5,10,0,2,0,0,0,0,0,11098,11098,0,3
124,3,8,0,0,12034,,0.3,1.5,1,凯伦荒地,ETT_Title_000051,ETT_Name_000051,,硫磺雾气洞,1,20800,1,2,20124,0,5,10,0,2,0,0,0,0,0,11157,11157,0,3
125,3,8,0,0,11100,,0.3,1.5,1,卢安克巢穴,ETT_Title_000052,ETT_Name_000052,,红药草,1,20800,1,2,20125,0,5,10,0,2,0,0,0,0,0,11057,11057,0,3
126,3,8,0,0,12015,,0.3,1.5,1,凯特废弃地,ETT_Title_000053,ETT_Name_000053,,古雷姆修理工具箱,1,20800,1,2,20126,0,5,10,0,2,0,0,0,0,0,11130,11130,0,3
127,3,8,0,0,12002,,0.3,1.5,1,奎里奥德矿山,ETT_Title_000054,ETT_Name_000054,,奎里奥德矿石,1,20800,1,2,20127,0,5,10,0,2,0,0,0,0,0,40037,40037,0,3
128,3,8,0,0,12033,,0.2,2.5,2,火焰祭坛,ETT_Title_000055,ETT_Name_000055,,火焰石,1,20800,1,2,20128,0,5,10,0,2,0,0,0,0,0,40056,40056,0,3
200,3,8,0,0,12019,,0.3,1,1, ,ETT_Title_000056,ETT_Name_000056,,特莱茵的眼泪,1,20800,1,2,20201,0,5,10,0,2,0,0,0,0,0,12021,12021,0,3
201,3,8,0,0,12000,,1,4,1, ,ETT_Title_000057,ETT_Name_000057,,残破的马车,1,20800,1,2,20202,0,5,10,0,2,0,0,0,0,0,12072,12072,0,3
202,3,8,0,0,12017,,0.3,1.2,1, ,ETT_Title_000058,ETT_Name_000058,,卡伦战利品,1,20800,1,2,20203,0,5,10,0,2,0,0,0,0,0,12082,12082,0,3
203,3,8,0,0,12016,,0.3,1,1, ,ETT_Title_000059,ETT_Name_000059,,卡伦一族的文件箱,1,20800,1,2,20204,0,5,10,0,2,0,0,0,0,0,12112,12112,0,3
204,3,8,0,0,12094,,0.3,1.5,1, ,ETT_Title_000060,ETT_Name_000060,,被遗忘的村庄阵亡者,1,20800,1,2,20205,0,5,10,0,2,0,0,0,0,0,12131,12131,0,3
205,3,8,0,0,12019,,0.3,1,1, ,ETT_Title_000061,ETT_Name_000061,,莫斯罗姆药草,1,20800,1,2,20206,0,5,10,0,2,0,0,0,0,0,12161,12161,0,3
206,3,8,0,0,12018,,0.3,1.5,1, ,ETT_Title_000062,ETT_Name_000062,,卢亚的眼泪,1,20800,1,2,20207,0,5,10,0,2,0,0,0,0,0,12182,12182,0,3
207,3,8,0,0,12054,,0.3,4,2, ,ETT_Title_000063,ETT_Name_000063,,伯尔尼哈特魔力石,1,20800,1,2,20208,0,5,10,0,2,0,0,0,0,0,12214,12214,0,3
208,3,8,0,0,12055,,0.3,1.5,1, ,ETT_Title_000064,ETT_Name_000064,,死去的牲口,1,20800,1,2,20209,0,5,10,0,2,0,0,0,0,0,12252,12252,0,3
209,3,8,0,0,12018,,0.3,1.5,1, ,ETT_Title_000065,ETT_Name_000065,,水雾花,1,20800,1,2,20210,0,5,10,0,2,0,0,0,0,0,12282,12282,0,3
210,3,8,0,0,12056,,0.3,4.5,2, ,ETT_Title_000066,ETT_Name_000066,,古代石碑,1,20800,1,2,20211,0,5,10,0,2,0,0,0,0,0,352,352,0,3
211,3,8,0,0,12010,,0.3,1.5,1, ,ETT_Title_000067,ETT_Name_000067,,黑帐篷部队粮食布袋,1,20800,1,2,20212,0,5,10,0,2,0,0,0,0,0,12302,12302,0,3
212,3,8,0,0,12016,,0.3,1.5,1, ,ETT_Title_000068,ETT_Name_000068,,文件箱,1,20800,1,2,20213,0,5,10,0,2,0,0,0,0,0,12311,12311,0,3
213,3,8,0,0,12094,,0.3,1.5,1, ,ETT_Title_000069,ETT_Name_000069,,兰希尔自警团尸体,1,20800,1,2,20214,0,5,10,0,2,0,0,0,0,0,361,361,0,3
214,3,8,0,0,12057,,0.3,1.5,1, ,ETT_Title_000070,ETT_Name_000070,,干草,1,20800,1,2,20215,0,5,10,0,2,0,0,0,0,0,12341,12341,0,3
215,3,8,0,0,12010,,0.3,1.5,1, ,ETT_Title_000071,ETT_Name_000071,,粮食麻袋,1,20800,1,2,20216,0,5,10,0,2,0,0,0,0,0,12351,12351,0,3
216,3,8,0,0,12018,,0.3,1.5,1, ,ETT_Title_000072,ETT_Name_000072,,月雾花,1,20800,1,2,20217,0,5,10,0,2,0,0,0,0,0,12442,12442,0,3
217,3,8,0,0,12018,,0.3,1.5,1, ,ETT_Title_000073,ETT_Name_000073,,精灵的加护,1,20800,1,2,20218,0,5,10,0,2,0,0,0,0,0,12491,12491,0,3
218,3,8,0,0,12006,,0.3,4,1, ,ETT_Title_000074,ETT_Name_000074,,瘦死的树,1,20800,1,2,20219,0,5,10,0,2,0,0,0,0,0,12551,12551,0,3
219,3,8,0,0,12016,,0.3,1,1, ,ETT_Title_000075,ETT_Name_000075,,艾弗门的文件箱,1,20800,1,2,20220,0,5,10,0,2,0,0,0,0,0,402,402,0,3
220,3,8,0,0,12017,,0.3,1.2,1, ,ETT_Title_000076,ETT_Name_000076,,血的斧头部队袋粮食袋,1,20800,1,2,20221,0,5,10,0,2,0,0,0,0,0,12602,12602,0,3
221,3,8,0,0,12094,,0.3,1.5,1, ,ETT_Title_000077,ETT_Name_000077,,农场警备兵的尸体,1,20800,1,2,20222,0,5,10,0,2,0,0,0,0,0,12631,12631,0,3
222,3,8,0,0,12058,,0.3,1.5,1, ,ETT_Title_000078,ETT_Name_000078,,可收获的玉米,1,20800,1,2,20223,0,5,10,0,2,0,0,0,0,0,12632,12632,0,3
223,3,8,0,0,12015,,0.3,1.5,1, ,ETT_Title_000079,ETT_Name_000079,,食品箱,1,20800,1,2,20224,0,5,10,0,2,0,0,0,0,0,12633,12633,0,3
224,3,8,0,0,12016,,0.3,1,1, ,ETT_Title_000080,ETT_Name_000080,,戴穆里申文件箱,1,20800,1,2,20225,0,5,10,0,2,0,0,0,0,0,12672,12672,0,3
225,3,8,0,0,12056,,0.2,1,2,没有外形,ETT_Title_000081,ETT_Name_000081,,古代石碑,1,20800,1,2,20226,0,5,10,0,2,0,0,0,0,0,12445,12445,0,3
226,3,8,0,0,12018,,0.3,1.5,1, ,ETT_Title_000082,ETT_Name_000082,,灵魂之花,1,20800,1,2,20227,0,5,10,0,2,0,0,0,0,0,12513,12513,0,3
301,3,8,0,0,12069,,0.3,3,1, ,ETT_Title_000083,ETT_Name_000083,,警备队武器,1,20800,1,2,20301,0,5,10,0,2,0,0,0,0,0,13003,13003,0,3
302,3,8,0,0,12019,,0.3,1.5,1, ,ETT_Title_000084,ETT_Name_000084,,麦林果实,1,20800,1,2,20302,0,5,10,0,2,0,0,0,0,0,13058,13058,0,3
303,3,8,0,0,12018,,0.3,1.5,1, ,ETT_Title_000085,ETT_Name_000085,,兰波叶草,1,20800,1,2,20303,0,5,10,0,2,0,0,0,0,0,13102,13103,0,3
304,3,8,0,0,12017,,0.3,1.5,1, ,ETT_Title_000086,ETT_Name_000086,,谷物麻袋,1,20800,1,2,20304,0,5,10,0,2,0,0,0,0,0,13108,13109,0,3
305,3,8,0,0,12002,,0.3,1.5,1, ,ETT_Title_000087,ETT_Name_000087,,博尔顿的工具,1,20800,1,2,20305,0,5,10,0,2,0,0,0,0,0,13153,13154,0,3
306,3,8,0,0,12071,,0.3,1.5,1, ,ETT_Title_000088,ETT_Name_000088,,修理木材,1,20800,1,2,20306,0,5,10,0,2,0,0,0,0,0,13156,13157,0,3
307,3,8,0,0,12017,,0.3,1.5,1, ,ETT_Title_000089,ETT_Name_000089,,奈米亚的背包,1,20800,1,2,20307,0,5,10,0,2,0,0,0,0,0,541,541,0,3
308,3,8,0,0,12016,,0.3,1.5,1, ,ETT_Title_000090,ETT_Name_000090,,团长的账簿,1,20800,1,2,20308,0,5,10,0,2,0,0,0,0,0,13201,13201,0,3
309,3,8,0,0,12015,,0.3,1.5,1, ,ETT_Title_000091,ETT_Name_000091,,火焰决策框,1,20800,1,2,20309,0,5,10,0,2,0,0,0,0,0,13251,13251,0,3
310,3,8,0,0,12070,,0.3,3.5,1, ,ETT_Title_000092,ETT_Name_000092,,飞龙卵,1,20800,1,2,20310,0,5,10,0,2,0,0,0,0,0,13258,13259,0,3
311,3,8,0,0,12065,,0.3,2.5,1, ,ETT_Title_000093,ETT_Name_000093,,有故障的勘察器,1,20800,1,2,20311,0,5,10,0,2,0,0,0,0,0,13351,13351,0,3
312,3,8,0,0,12067,,0.3,1.5,1, ,ETT_Title_000094,ETT_Name_000094,,蓝色魔力石,1,20800,1,2,20312,0,5,10,0,2,0,0,0,0,0,571,571,0,3
313,3,8,0,0,12072,,0.3,1.5,1, ,ETT_Title_000095,ETT_Name_000095,,魔像碎片,1,20800,1,2,20313,0,5,10,0,2,0,0,0,0,0,13358,13359,0,3
314,3,8,0,0,12044,,0.3,1.5,1, ,ETT_Title_000096,ETT_Name_000096,,眼泪丛林土壤,1,20800,1,2,20314,0,5,10,0,2,0,0,0,0,0,13409,13412,0,3
315,3,8,0,0,12049,,0.3,2.5,1, ,ETT_Title_000097,ETT_Name_000097,,红翅膀洞穴,1,20800,1,2,20315,0,5,10,0,2,0,0,0,0,0,13455,13456,0,3
316,3,8,0,0,12049,,0.3,2.5,1, ,ETT_Title_000098,ETT_Name_000098,,完整的哈比洞穴,1,20800,1,2,20316,0,5,10,0,2,0,0,0,0,0,13458,13459,0,3
317,3,8,0,0,12047,,0.3,1.5,1, ,ETT_Title_000099,ETT_Name_000099,,恩特罗斯基地,1,20800,1,2,20317,0,5,10,0,2,0,0,0,0,0,13503,13503,0,3
318,3,8,0,0,12014,,0.3,2.5,1, ,ETT_Title_000100,ETT_Name_000100,,水晶记录,1,20800,1,2,20318,0,5,10,0,2,0,0,0,0,0,13512,13513,0,3
319,3,8,0,0,12093,,0.3,1.5,1, ,ETT_Title_000101,ETT_Name_000101,,杰曼的尸体,1,20800,1,2,20319,0,5,10,0,2,0,0,0,0,0,13513,13514,0,3
320,3,8,0,0,12094,,0.3,1.5,1, ,ETT_Title_000102,ETT_Name_000102,,山脉派遣兵尸体,1,20800,1,2,20320,0,5,10,0,2,0,0,0,0,0,13553,13553,0,3
321,3,8,0,0,12073,,0.3,1.5,1, ,ETT_Title_000103,ETT_Name_000103,,山脉研究资料,1,20800,1,2,20321,0,5,10,0,2,0,0,0,0,0,13556,13557,0,3
322,3,8,0,0,12068,,0.3,2.5,1, ,ETT_Title_000104,ETT_Name_000104,,可疑的魔力石,1,20800,1,2,20322,0,5,10,0,2,0,0,0,0,0,621,621,0,3
323,3,8,0,0,12044,,0.3,1.5,1, ,ETT_Title_000105,ETT_Name_000105,,可疑的土壤,1,20800,1,2,20323,0,5,10,0,2,0,0,0,0,0,13655,13655,0,3
324,3,8,0,0,12015,,0.3,1.5,1, ,ETT_Title_000106,ETT_Name_000106,,破旧的木箱,1,20800,1,2,20324,0,5,10,0,2,0,0,0,0,0,40105,40105,0,3
325,3,8,0,0,12014,,0.3,1.5,1, ,ETT_Title_000107,ETT_Name_000107,,平静的柱子,1,20800,1,2,20325,0,5,10,0,2,0,0,0,0,0,40107,40107,0,3
326,3,8,0,0,12020,,0.3,2.5,2, ,ETT_Title_000108,ETT_Name_000108,,富有的矿石,1,20800,1,2,20326,0,5,10,0,2,0,0,0,0,0,40203,40203,0,3
327,3,8,0,0,12002,,0.3,1.5,1, ,ETT_Title_000109,ETT_Name_000109,,可疑的盒子,1,20800,1,2,20327,0,5,10,0,2,0,0,0,0,0,40303,40303,0,3
328,3,8,0,0,12094,,0.3,1.5,1, ,ETT_Title_000110,ETT_Name_000110,,士兵的尸体,1,20800,1,2,20328,0,5,10,0,2,0,0,0,0,0,40305,40305,0,3
329,3,8,0,0,12012,,0.3,2.5,2, ,ETT_Title_000111,ETT_Name_000111,,巨大的卵,1,20800,1,2,20329,0,5,10,0,2,0,0,0,0,0,40407,40407,0,3
330,3,8,0,0,12033,,0.3,1.5,1, ,ETT_Title_000112,ETT_Name_000112,,熔岩石,1,20800,1,2,20330,0,5,10,0,2,0,0,0,0,0,40403,40403,0,3
331,3,8,0,0,12016,,0.3,1.5,1, ,ETT_Title_000113,ETT_Name_000113,,收集品箱子,1,20800,1,2,20331,0,5,10,0,2,0,0,0,0,0,631,631,0,3
401,3,8,0,0,12064,,0.3,1,2, ,ETT_Title_000114,ETT_Name_000114,,炮弹,1,20800,1,2,20401,0,5,10,0,2,0,0,0,0,0,14002,14002,0,3
402,3,8,0,0,12059,,0.3,1,1.5, ,ETT_Title_000115,ETT_Name_000115,,被破坏的发石车,1,20800,1,2,20402,0,5,10,0,2,0,0,0,0,0,14003,14003,0,3
403,3,8,0,0,12015,,0.3,1,1, ,ETT_Title_000116,ETT_Name_000116,,供给品箱子,1,20800,1,2,20403,0,5,10,0,2,0,0,0,0,0,14013,14013,0,3
404,3,8,0,0,12047,,0.3,1,2, ,ETT_Title_000117,ETT_Name_000117,,枯死的树枝,1,20800,1,2,20404,0,5,10,0,2,0,0,0,0,0,14032,14032,0,3
405,3,8,0,0,12044,,0.3,1,2, ,ETT_Title_000118,ETT_Name_000118,,被污染的土,1,20800,1,2,20405,0,5,10,0,2,0,0,0,0,0,14032,14037,0,3
406,3,8,0,0,12013,,0.3,1,1, ,ETT_Title_000119,ETT_Name_000119,,可疑的缸,1,20800,1,2,20406,0,5,10,0,2,0,0,0,0,0,14042,14042,0,3
407,3,8,0,0,12015,,0.3,1,1, ,ETT_Title_000120,ETT_Name_000120,,卢克村庄的物品箱,1,20800,1,2,20407,0,5,10,0,2,0,0,0,0,0,14074,14074,0,3
408,3,8,0,0,12087,,0.3,1,1, ,ETT_Title_000121,ETT_Name_000121,,克尔锡矿石,1,20800,1,2,20408,0,5,10,0,2,0,0,0,0,0,14084,14084,0,3
409,3,8,0,0,12043,,0.3,1,1, ,ETT_Title_000122,ETT_Name_000122,,被破坏的武器,1,20800,1,2,20409,0,5,10,0,2,0,0,0,0,0,14113,14113,0,3
410,3,8,0,0,12019,,0.3,1,1, ,ETT_Title_000123,ETT_Name_000123,,曼德拉草,1,20800,1,2,20410,0,5,10,0,2,0,0,0,0,0,14153,14153,0,3
411,3,8,0,0,12044,,0.3,1,2, ,ETT_Title_000124,ETT_Name_000124,,可疑沙堆,1,20800,1,2,20411,0,5,10,0,2,0,0,0,0,0,14183,14183,0,3
412,3,8,0,0,12075,,0.3,1,1, ,ETT_Title_000125,ETT_Name_000125,,死亡书版,1,20800,1,2,20412,0,5,10,0,2,0,0,0,0,0,14194,14194,0,3
413,3,8,0,0,12019,,0.3,1,1, ,ETT_Title_000126,ETT_Name_000126,,死亡之花,1,20800,1,2,20413,0,5,10,0,2,0,0,0,0,0,14261,14261,0,3
414,3,8,0,0,12044,,0.3,1,2, ,ETT_Title_000127,ETT_Name_000127,,墓地的土,1,20800,1,2,20414,0,5,10,0,2,0,0,0,0,0,14262,14262,0,3
415,3,8,0,0,12067,,0.3,1,1, ,ETT_Title_000128,ETT_Name_000128,,耐克罗迈西的决界石,1,20800,1,2,20415,0,5,10,0,2,0,0,0,0,0,14254,14254,0,3
416,3,8,0,0,12043,,0.3,1,1, ,ETT_Title_000129,ETT_Name_000129,,被遗弃的武器,1,20800,1,2,20416,0,5,10,0,2,0,0,0,0,0,14294,14294,0,3
417,3,8,0,0,12015,,0.3,1,1, ,ETT_Title_000130,ETT_Name_000130,,艾姆帕斯的供给箱,1,20800,1,2,20417,0,5,10,0,2,0,0,0,0,0,14293,14293,0,3
418,3,8,0,0,12034,,0.3,1,1, ,ETT_Title_000131,ETT_Name_000131,,瘟疫雾洞,1,20800,1,2,20418,0,5,10,0,2,0,0,0,0,0,14301,14301,0,3
419,3,8,0,0,12047,,0.3,1,1, ,ETT_Title_000132,ETT_Name_000132,,枯死的树枝,1,20800,1,2,20419,0,5,10,0,2,0,0,0,0,0,14302,14302,0,3
420,3,8,0,0,12044,,0.3,1,1, ,ETT_Title_000133,ETT_Name_000133,,恶臭的土,1,20800,1,2,20420,0,5,10,0,2,0,0,0,0,0,14312,14312,0,3
421,3,8,0,0,12094,,0.3,1,1, ,ETT_Title_000134,ETT_Name_000134,,侦察兵的尸体,1,20800,1,2,20421,0,5,10,0,2,0,0,0,0,0,14332,14332,0,3
422,3,8,0,0,12080,,0.3,1,2, ,ETT_Title_000135,ETT_Name_000135,,患有瘟疫的树,1,20800,1,2,20422,0,5,10,0,2,0,0,0,0,0,14372,14372,0,3
423,3,8,0,0,12084,,0.3,1,2, ,ETT_Title_000136,ETT_Name_000136,,黑暗的结晶,1,20800,1,2,20423,0,5,10,0,2,0,0,0,0,0,14373,14373,0,3
424,3,8,0,0,12051,,0.3,1,0.7, ,ETT_Title_000137,ETT_Name_000137,,剧毒草,1,20800,1,2,20424,0,5,10,0,2,0,0,0,0,0,14442,14442,0,3
425,3,8,0,0,12094,,0.3,1,1, ,ETT_Title_000138,ETT_Name_000138,,卢卡斯尸体,1,20800,1,2,20425,0,5,10,0,2,0,0,0,0,0,14451,14451,0,3
426,3,8,0,0,12044,,0.3,1,1, ,ETT_Title_000139,ETT_Name_000139,,被污染的土,1,20800,1,2,20426,0,5,10,0,2,0,0,0,0,0,14472,14472,0,3
427,3,8,0,0,12016,,0.3,1,1, ,ETT_Title_000140,ETT_Name_000140,,拉兹伦文件箱,1,20800,1,2,20427,0,5,10,0,2,0,0,0,0,0,14481,14481,0,3
428,3,8,0,0,12043,,0.3,1,1, ,ETT_Title_000141,ETT_Name_000141,,红色月亮部队丢弃的武器,1,20800,1,2,20428,0,5,10,0,2,0,0,0,0,0,14502,14502,0,3
429,3,8,0,0,12018,,0.3,1,1, ,ETT_Title_000142,ETT_Name_000142,,无名香草,1,20800,1,2,20429,0,5,10,0,2,0,0,0,0,0,14503,14503,0,3
430,3,8,0,0,12094,,0.3,1,1, ,ETT_Title_000143,ETT_Name_000143,,侦察兵尸体,1,20800,1,2,20430,0,5,10,0,2,0,0,0,0,0,14513,14513,0,3
431,3,8,0,0,12016,,0.3,1,1, ,ETT_Title_000144,ETT_Name_000144,,艾伦村庄文件箱,1,20800,1,2,20431,0,5,10,0,2,0,0,0,0,0,14514,14514,0,3
432,3,8,0,0,12015,,0.3,1,1, ,ETT_Title_000145,ETT_Name_000145,,可疑箱,1,20800,1,2,20432,0,5,10,0,2,0,0,0,0,0,14516,14516,0,3
433,3,8,0,0,12015,,0.3,1,1, ,ETT_Title_000146,ETT_Name_000146,,生活用品箱,1,20800,1,2,20433,0,5,10,0,2,0,0,0,0,0,14532,14532,0,3
434,3,8,0,0,12010,,0.3,1,1, ,ETT_Title_000147,ETT_Name_000147,,粮食袋,1,20800,1,2,20434,0,5,10,0,2,0,0,0,0,0,14533,14533,0,3
435,3,8,0,0,12034,,0.3,1,1, ,ETT_Title_000148,ETT_Name_000148,,堕落雾洞,1,20800,1,2,20435,0,5,10,0,2,0,0,0,0,0,14553,14553,0,3
436,3,8,0,0,12084,,0.3,1,1, ,ETT_Title_000149,ETT_Name_000149,,堕落结晶,1,20800,1,2,20436,0,5,10,0,2,0,0,0,0,0,14554,14554,0,3
437,3,8,0,0,12001,,0.3,1,1, ,ETT_Title_000150,ETT_Name_000150,,克拉里奥斯营地供给马车,1,20800,1,2,20437,0,5,10,0,2,0,0,0,0,0,14563,14563,0,3
438,3,8,0,0,12002,,0.3,1,1, ,ETT_Title_000151,ETT_Name_000151,,克拉里奥斯营地宝物箱,1,20800,1,2,20438,0,5,10,0,2,0,0,0,0,0,842,842,0,3
439,3,8,0,0,12016,,0.3,1,1, ,ETT_Title_000152,ETT_Name_000152,,黑月亮部队文件箱,1,20800,1,2,20439,0,5,10,0,2,0,0,0,0,0,14595,14595,0,3
440,3,8,0,0,12043,,0.3,1,1, ,ETT_Title_000153,ETT_Name_000153,,黑月亮部队被丢弃的武器,1,20800,1,2,20440,0,5,10,0,2,0,0,0,0,0,14586,14586,0,3
441,3,8,0,0,12016,,0.3,1,1, ,ETT_Title_000154,ETT_Name_000154,,红月亮部队文件箱,1,20800,1,2,20441,0,5,10,0,2,0,0,0,0,0,14626,14626,0,3
442,3,8,0,0,12015,,0.3,1,1, ,ETT_Title_000155,ETT_Name_000155,,月亮影子部队供给品箱,1,20800,1,2,20442,0,5,10,0,2,0,0,0,0,0,14638,14638,0,3
443,3,8,0,0,12064,,0.3,1,2, ,ETT_Title_000156,ETT_Name_000156,,月亮影子部队炮弹,1,20800,1,2,20443,0,5,10,0,2,0,0,0,0,0,14639,14639,0,3
444,3,8,0,0,12002,,0.3,1,1, ,ETT_Title_000157,ETT_Name_000157,,月亮影子部队秘密箱子,1,20800,1,2,20444,0,5,10,0,2,0,0,0,0,0,14645,14645,0,3
445,3,8,0,0,12016,,0.3,1,1, ,ETT_Title_000158,ETT_Name_000158,,黑太阳部队文件箱,1,20800,1,2,20445,0,5,10,0,2,0,0,0,0,0,14665,14665,0,3
446,3,8,0,0,12044,,0.3,1,1, ,ETT_Title_000159,ETT_Name_000159,,被污染的土堆,1,20800,1,2,20446,0,5,10,0,2,0,0,0,0,0,40512,40512,0,3
501,3,8,0,0,12003,,0.3,1,1, ,ETT_Title_000160,ETT_Name_000160,,隆德的树,1,20800,1,2,20501,0,5,10,0,2,0,0,0,0,0,15015,15015,0,3
502,3,8,0,0,12018,,0.3,1,1, ,ETT_Title_000161,ETT_Name_000161,,鲁世德药草,1,20800,1,2,20502,0,5,10,0,2,0,0,0,0,0,15024,15024,0,3
503,3,8,0,0,12016,,0.3,1,1, ,ETT_Title_000162,ETT_Name_000162,,文件箱,1,20800,1,2,20503,0,5,10,0,2,0,0,0,0,0,15052,15052,0,3
504,3,8,0,0,12019,,0.3,1,1, ,ETT_Title_000163,ETT_Name_000163,,梦幻草,1,20800,1,2,20504,0,5,10,0,2,0,0,0,0,0,15102,15102,0,3
505,3,8,0,0,12004,,0.3,1,1, ,ETT_Title_000164,ETT_Name_000164,,枯死的树,1,20800,1,2,20505,0,5,10,0,2,0,0,0,0,0,15093,15093,0,3
506,3,8,0,0,12044,,0.3,1,1, ,ETT_Title_000165,ETT_Name_000165,,可疑场所,1,20800,1,2,20506,0,5,10,0,2,0,0,0,0,0,15106,15106,0,3
507,3,8,0,0,12016,,0.3,1,1, ,ETT_Title_000166,ETT_Name_000166,,文件箱,1,20800,1,2,20507,0,5,10,0,2,0,0,0,0,0,15105,15105,0,3
508,3,8,0,0,12015,,0.3,1,1, ,ETT_Title_000167,ETT_Name_000167,,影子弓箭部队供给品,1,20800,1,2,20508,0,5,10,0,2,0,0,0,0,0,15135,15135,0,3
509,3,8,0,0,12064,,0.3,1,1, ,ETT_Title_000168,ETT_Name_000168,,透析用的子弹,1,20800,1,2,20509,0,5,10,0,2,0,0,0,0,0,15144,15144,0,3
510,3,8,0,0,12044,,0.3,1,1, ,ETT_Title_000169,ETT_Name_000169,,可疑场所,1,20800,1,2,20510,0,5,10,0,2,0,0,0,0,0,15183,15183,0,3
511,3,8,0,0,12015,,0.3,1,1, ,ETT_Title_000170,ETT_Name_000170,,疯狂斧头部队供给品,1,20800,1,2,20511,0,5,10,0,2,0,0,0,0,0,15213,15213,0,3
512,3,8,0,0,12002,,0.3,1,1, ,ETT_Title_000171,ETT_Name_000171,,军资保管盒,1,20800,1,2,20512,0,5,10,0,2,0,0,0,0,0,15215,15215,0,3
513,3,8,0,0,12016,,0.3,1,1, ,ETT_Title_000172,ETT_Name_000172,,文件箱,1,20800,1,2,20513,0,5,10,0,2,0,0,0,0,0,15223,15223,0,3
514,3,8,0,0,12054,,0.3,1,1, ,ETT_Title_000173,ETT_Name_000173,,噩梦的水晶,1,20800,1,2,20514,0,5,10,0,2,0,0,0,0,0,15252,15252,0,3
515,3,8,0,0,12056,,0.3,1,1, ,ETT_Title_000174,ETT_Name_000174,,被约束的石板,1,20800,1,2,20515,0,5,10,0,2,0,0,0,0,0,15253,15253,0,3
516,3,8,0,0,12060,,0.3,1,1, ,ETT_Title_000175,ETT_Name_000175,,梦的碎片,1,20800,1,2,20516,0,5,10,0,2,0,0,0,0,0,15263,15263,0,3
517,3,8,0,0,12060,,0.3,1,1, ,ETT_Title_000176,ETT_Name_000176,,噩梦之卵,1,20800,1,2,20517,0,5,10,0,2,0,0,0,0,0,15305,15305,0,3
518,3,8,0,0,12016,,0.3,1,1, ,ETT_Title_000177,ETT_Name_000177,,文件箱,1,20800,1,2,20518,0,5,10,0,2,0,0,0,0,0,15312,15312,0,3
519,3,8,0,0,12002,,0.3,1,1, ,ETT_Title_000178,ETT_Name_000178,,秘密金库,1,20800,1,2,20519,0,5,10,0,2,0,0,0,0,0,15323,15323,0,3
520,3,8,0,0,12001,,0.3,1,1, ,ETT_Title_000179,ETT_Name_000179,,被夺走的供给马车,1,20800,1,2,20520,0,5,10,0,2,0,0,0,0,0,15344,15344,0,3
521,3,8,0,0,12002,,0.3,1,1, ,ETT_Title_000180,ETT_Name_000180,,订单箱,1,20800,1,2,20521,0,5,10,0,2,0,0,0,0,0,15345,15345,0,3
522,3,8,0,0,12002,,0.3,1,1, ,ETT_Title_000181,ETT_Name_000181,,秘密金库,1,20800,1,2,20522,0,5,10,0,2,0,0,0,0,0,961,961,0,3
523,3,8,0,0,12058,,0.3,1,1, ,ETT_Title_000182,ETT_Name_000182,,成熟的玉米,1,20800,1,2,20523,0,5,10,0,2,0,0,0,0,0,15352,15352,0,3
524,3,8,0,0,12016,,0.3,1,1, ,ETT_Title_000183,ETT_Name_000183,,加纳德文件箱,1,20800,1,2,20524,0,5,10,0,2,0,0,0,0,0,15361,15361,0,3
525,3,8,0,0,12094,,0.3,1,1, ,ETT_Title_000184,ETT_Name_000184,,艾林河阵亡者,1,20800,1,2,20525,0,5,10,0,2,0,0,0,0,0,15381,15381,0,3
526,3,8,0,0,12002,,0.3,1,1, ,ETT_Title_000185,ETT_Name_000185,,丢失的物品箱,1,20800,1,2,20526,0,5,10,0,2,0,0,0,0,0,15382,15382,0,3
527,3,8,0,0,12043,,0.3,1,1, ,ETT_Title_000186,ETT_Name_000186,,废弃的武器,1,20800,1,2,20527,0,5,10,0,2,0,0,0,0,0,15421,15421,0,3
528,3,8,0,0,12051,,0.3,1,1, ,ETT_Title_000187,ETT_Name_000187,,路克里特果实,1,20800,1,2,20528,0,5,10,0,2,0,0,0,0,0,992,992,0,3
529,3,8,0,0,12002,,0.3,1,1, ,ETT_Title_000188,ETT_Name_000188,,文书保管盒,1,20800,1,2,20529,0,5,10,0,2,0,0,0,0,0,15433,15433,0,3
530,3,8,0,0,12050,,0.3,1,1, ,ETT_Title_000189,ETT_Name_000189,,孢子囊,1,20800,1,2,20530,0,5,10,0,2,0,0,0,0,0,15501,15501,0,3
531,3,8,0,0,12048,,0.3,1,1, ,ETT_Title_000190,ETT_Name_000190,,被污染的树,1,20800,1,2,20531,0,5,10,0,2,0,0,0,0,0,15481,15481,0,3
532,3,8,0,0,12044,,0.3,1,1, ,ETT_Title_000191,ETT_Name_000191,,被污染的土壤,1,20800,1,2,20532,0,5,10,0,2,0,0,0,0,0,15482,15482,0,3
5001,3,8,0,0,12018,,0.3,1.5,1,特里皮特喜欢的东西是什么？,ETT_Title_000192,ETT_Name_000192,,袋草,1,20800,1,2,23000,0,5,10,0,2,0,0,0,0,0,50002,500002,0,3
5002,3,8,0,0,12004,,0.3,4,1,对话所需树枝,ETT_Title_000193,ETT_Name_000193,,恩蒂温的树枝,1,20800,1,2,23001,0,5,10,0,2,0,0,0,0,0,50015,500015,0,3
5003,3,8,0,0,11000,,0.3,1.5,1,苔藓的岩石,ETT_Title_000194,ETT_Name_000194,,苔藓的岩石,1,20800,1,2,23002,0,5,10,0,2,0,0,0,0,0,50023,500023,0,3
5004,3,8,0,0,12004,,0.3,4,1,不足的材料补充,ETT_Title_000195,ETT_Name_000195,,树枝,1,20800,1,2,23003,0,5,10,0,2,0,0,0,0,0,50025,500025,0,3
5005,3,8,0,0,12009,,0.3,3,1,毒治愈,ETT_Title_000196,ETT_Name_000196,,蛇草,1,20800,1,2,23004,0,5,10,0,2,0,0,0,0,0,50031,500031,0,3
5006,3,8,0,0,12010,,0.3,1.5,1,毒预防,ETT_Title_000197,ETT_Name_000197,,老树哥布林的皮囊,1,20800,1,2,23005,0,5,10,0,2,0,0,0,0,0,50032,500032,0,3
5008,3,8,0,0,12018,,0.3,1.5,1,能让伤口好起来的草,ETT_Title_000198,ETT_Name_000198,,伤口草,1,20800,1,2,23007,0,5,10,0,2,0,0,0,0,0,50050,500050,0,3
5009,3,8,0,0,12019,,0.3,1,1,受伤的莱茵,ETT_Title_000199,ETT_Name_000199,,消肿草,1,20800,1,2,23008,0,5,10,0,2,0,0,0,0,0,50054,500054,0,3
5010,3,8,0,0,12018,,0.3,1.5,1,恶巴巴的骷髅虫,ETT_Title_000200,ETT_Name_000200,,骷髅草,1,20800,1,2,23009,0,5,10,0,2,0,0,0,0,0,50056,500056,0,3
5011,3,8,0,0,12003,,0.3,3,1,骷髅虫不喜欢的药,ETT_Title_000201,ETT_Name_000201,,骷髅虫药树,1,20800,1,2,23010,0,5,10,0,2,0,0,0,0,0,10014,10014,0,3
5012,3,8,0,0,12019,,0.3,1,1,坚强的源泉,ETT_Title_000202,ETT_Name_000202,,月光草,1,20800,1,2,23011,0,5,10,0,2,0,0,0,0,0,50063,500063,0,3
5013,3,8,0,0,12018,,0.3,1.5,1,防锈的草,ETT_Title_000203,ETT_Name_000203,,塞尼比亚草,1,20800,1,2,23012,0,5,10,0,2,0,0,0,0,0,50068,500068,0,3
5014,3,8,0,0,11000,,0.3,1.5,1,奇怪的石头和水晶,ETT_Title_000204,ETT_Name_000204,,石头堆,1,20800,1,2,23013,0,5,10,0,2,0,0,0,0,0,50072,500072,0,3
5015,3,8,0,0,11014,,0.3,2,1.5,奇怪的石头和水晶,ETT_Title_000205,ETT_Name_000205,,水晶堆,1,20800,1,2,23014,0,5,10,0,2,0,0,0,0,0,50072,501072,0,3
5016,3,8,0,0,11000,,0.3,1.5,1,炸弹强化,ETT_Title_000206,ETT_Name_000206,,血石,1,20800,1,2,23015,0,5,10,0,2,0,0,0,0,0,50076,500076,0,3
5017,3,8,0,0,12012,,0.3,1.5,1,烤蜘蛛卵,ETT_Title_000207,ETT_Name_000207,,毒爪凶蜘蛛卵,1,20800,1,2,23016,0,5,10,0,2,0,0,0,0,0,50085,500085,0,3
5018,3,8,0,0,12009,,0.3,3,1,更坚韧的蜘蛛网,ETT_Title_000208,ETT_Name_000208,,蜘蛛网的树,1,20800,1,2,23017,0,5,10,0,2,0,0,0,0,0,50088,500088,0,3
5019,3,8,0,0,12013,,0.3,1.5,1,更坚硬红土,ETT_Title_000209,ETT_Name_000209,,红土,1,20800,1,2,23018,0,5,10,0,2,0,0,0,0,0,50089,500089,0,3
5020,3,8,0,0,11000,,0.3,1.5,1,提高火力,ETT_Title_000210,ETT_Name_000210,,黑石头,1,20800,1,2,23019,0,5,10,0,2,0,0,0,0,0,50095,500095,0,3
5021,3,8,0,0,12018,,0.3,1.5,1,危险的力量,ETT_Title_000211,ETT_Name_000211,,绿肥草,1,20800,1,2,23020,0,5,10,0,2,0,0,0,0,0,50099,500099,0,3
5022,3,8,0,0,12019,,0.3,1,1,为了死者,ETT_Title_000212,ETT_Name_000212,,卡戎草,1,20800,1,2,23021,0,5,10,0,2,0,0,0,0,0,50103,500103,0,3
5023,3,8,0,0,11014,,0.3,1.5,1,无效化的材料,ETT_Title_000213,ETT_Name_000213,,水的水晶,1,20800,1,2,23022,0,5,10,0,2,0,0,0,0,0,50110,500110,0,3
5024,3,8,0,0,11014,,0.3,2,1.5,龟裂的肥料,ETT_Title_000214,ETT_Name_000214,,水晶团,1,20800,1,2,23023,0,5,10,0,2,0,0,0,0,0,50115,500115,0,3
5025,3,8,0,0,12003,,0.3,3,1,宪兵的天敌,ETT_Title_000215,ETT_Name_000215,,葱茏的树,1,20800,1,2,23024,0,5,10,0,2,0,0,0,0,0,50116,500116,0,3
5026,3,8,0,0,11100,,0.3,1.5,1,宪兵为了制作准备,ETT_Title_000216,ETT_Name_000216,,绿茵草,1,20800,1,2,23025,0,5,10,0,2,0,0,0,0,0,50120,500120,0,3
5027,3,8,0,0,12008,,0.3,5,2,奇怪的树,ETT_Title_000217,ETT_Name_000217,,奇怪的树,1,20800,1,2,23026,0,5,10,0,2,0,0,0,0,0,50124,500124,0,3
5029,3,8,0,0,12010,,0.3,1.5,1,博马的表皮,ETT_Title_000218,ETT_Name_000218,,博马阵营皮囊,1,20800,1,2,23028,0,5,10,0,2,0,0,0,0,0,50136,500136,0,3
5030,3,8,0,0,11100,,0.3,1.5,1,婆娑草,ETT_Title_000219,ETT_Name_000219,,婆娑草,1,20800,1,2,23029,0,5,10,0,2,0,0,0,0,0,50140,500140,0,3
5031,3,8,0,0,11014,,0.3,1.5,1,解读水晶,ETT_Title_000220,ETT_Name_000220,,解毒水晶,1,20800,1,2,23030,0,5,10,0,2,0,0,0,0,0,50144,500144,0,3
5032,3,8,0,0,12011,,0.3,1.5,1,浮上来的好食物,ETT_Title_000221,ETT_Name_000221,,木桶,1,20800,1,2,23031,0,5,10,0,2,0,0,0,0,0,50150,500150,0,3
5033,3,8,0,0,11100,,0.3,1.5,1,被夺走的记忆1,ETT_Title_000222,ETT_Name_000222,,沉睡草,1,20800,1,2,23032,0,5,10,0,2,0,0,0,0,0,51001,510001,0,3
5034,3,8,0,0,12002,,0.3,1.5,1,被夺走的记忆2,ETT_Title_000223,ETT_Name_000223,,砂轮箱,1,20800,1,2,23033,0,5,10,0,2,0,0,0,0,0,51002,510002,0,3
5035,3,8,0,0,11014,,0.3,1.5,1,被叫醒的水晶,ETT_Title_000224,ETT_Name_000224,,被叫醒的水晶,1,20800,1,2,23034,0,5,10,0,2,0,0,0,0,0,51004,510004,0,3
5036,3,8,0,0,11000,,0.3,1.5,1,解开短剑的秘密1,ETT_Title_000225,ETT_Name_000225,,伍罗伊特岩石,1,20800,1,2,23035,0,5,10,0,2,0,0,0,0,0,51007,510007,0,3
5037,3,8,0,0,12011,,0.3,1.5,1,解开短剑的秘密2,ETT_Title_000226,ETT_Name_000226,,拖网木桶,1,20800,1,2,23036,0,5,10,0,2,0,0,0,0,0,51008,510008,0,3
5038,3,8,0,0,12020,,0.3,3,2,解开短剑的秘密4,ETT_Title_000227,ETT_Name_000227,,突击岩石,1,20800,1,2,23037,0,5,10,0,2,0,0,0,0,0,51010,510010,0,3
5039,3,8,0,0,12018,,0.3,1.5,1,严寒的道路,ETT_Title_000228,ETT_Name_000228,,雪草粉,1,20800,1,2,23038,0,5,10,0,2,0,0,0,0,0,51016,510016,0,3
5040,3,8,0,0,12019,,0.3,1,1,抗寒草,ETT_Title_000229,ETT_Name_000229,,雪原草,1,20800,1,2,23039,0,5,10,0,2,0,0,0,0,0,51022,510022,0,3
5041,3,8,0,0,12006,,0.3,10,1,获取柴火,ETT_Title_000230,ETT_Name_000230,,结冰的树,1,20800,1,2,23040,0,5,10,0,2,0,0,0,0,0,51024,510024,0,3
5042,3,8,0,0,12011,,0.3,1.5,1,哥布林的树,ETT_Title_000231,ETT_Name_000231,,原木堆,1,20800,1,2,23041,0,5,10,0,2,0,0,0,0,0,51025,510025,0,3
5043,3,8,0,0,12002,,0.3,1.5,1,哥布林的诱饵,ETT_Title_000232,ETT_Name_000232,,哥布林木箱,1,20800,1,2,23042,0,5,10,0,2,0,0,0,0,0,51027,510027,0,3
5044,3,8,0,0,12018,,0.3,1.5,1,万年雪花,ETT_Title_000233,ETT_Name_000233,,万年雪花,1,20800,1,2,23043,0,5,10,0,2,0,0,0,0,0,51029,510029,0,3
5045,3,8,0,0,11014,,0.3,1.5,1,冷气水晶,ETT_Title_000234,ETT_Name_000234,,冷气水晶,1,20800,1,2,23044,0,5,10,0,2,0,0,0,0,0,51033,510033,0,3
5046,3,8,0,0,11014,,0.3,1.5,1,充满碎片的矿石,ETT_Title_000235,ETT_Name_000235,,伍德尔矿石,1,20800,1,2,23045,0,5,10,0,2,0,0,0,0,0,51035,510035,0,3
5047,3,8,0,0,12003,,0.3,3,1,降低气温,ETT_Title_000236,ETT_Name_000236,,枯萎树木,1,20800,1,2,23046,0,5,10,0,2,0,0,0,0,0,51037,510037,0,3
5048,3,8,0,0,12015,,0.3,1.5,1,拖网和雪原藤,ETT_Title_000237,ETT_Name_000237,,拖网箱子,1,20800,1,2,23047,0,5,10,0,2,0,0,0,0,0,51040,510040,0,3
5049,3,8,0,0,12010,,0.3,1.5,1,喝酒耐寒,ETT_Title_000238,ETT_Name_000238,,皮囊,1,20800,1,2,23048,0,5,10,0,2,0,0,0,0,0,51044,510044,0,3
5050,3,8,0,0,12010,,0.3,1.5,1,找回粮食,ETT_Title_000239,ETT_Name_000239,,粮食袋,1,20800,1,2,23049,0,5,10,0,2,0,0,0,0,0,51049,510049,0,3
5051,3,8,0,0,12011,,0.3,1.5,1,寻找皮革,ETT_Title_000240,ETT_Name_000240,,冰冻部队木桶,1,20800,1,2,23050,0,5,10,0,2,0,0,0,0,0,51051,510051,0,3
5052,3,8,0,0,12018,,0.3,1.5,1,硝皮子,ETT_Title_000241,ETT_Name_000241,,玛琅草,1,20800,1,2,23051,0,5,10,0,2,0,0,0,0,0,51052,510052,0,3
5053,3,8,0,0,12019,,0.3,1,1,寻找受伤的朋友,ETT_Title_000242,ETT_Name_000242,,雪花,1,20800,1,2,23052,0,5,10,0,2,0,0,0,0,0,51058,510058,0,3
5054,3,8,0,0,12018,,0.3,1.5,1,眼泪草,ETT_Title_000243,ETT_Name_000243,,眼泪草,1,20800,1,2,23053,0,5,10,0,2,0,0,0,0,0,51063,510063,0,3
5055,3,8,0,0,12010,,0.3,1.5,1,寻找像子,ETT_Title_000244,ETT_Name_000244,,雪人口袋,1,20800,1,2,23054,0,5,10,0,2,0,0,0,0,0,51064,510064,0,3
5056,3,8,0,0,12018,,0.3,1.5,1,土地连接的方法,ETT_Title_000245,ETT_Name_000245,,胶草,1,20800,1,2,23055,0,5,10,0,2,0,0,0,0,0,51066,510066,0,3
5057,3,8,0,0,12011,,0.3,1.5,1,寻找被抢夺的武器,ETT_Title_000246,ETT_Name_000246,,吗啡木桶,1,20800,1,2,23056,0,5,10,0,2,0,0,0,0,0,51078,510078,0,3
5058,3,8,0,0,11014,,0.3,2,1,吗啡咒术师的冷气,ETT_Title_000247,ETT_Name_000247,,风水晶,1,20800,1,2,23057,0,5,10,0,2,0,0,0,0,0,51081,510081,0,3
5059,3,8,0,0,12010,,0.3,1.5,1,可疑的吗啡的皮囊,ETT_Title_000248,ETT_Name_000248,,吗啡口袋,1,20800,1,2,23058,0,5,10,0,2,0,0,0,0,0,51084,510084,0,3
5060,3,8,0,0,12002,,0.3,1.5,1,卢玛的斧头,ETT_Title_000249,ETT_Name_000249,,吗啡箱,1,20800,1,2,23059,0,5,10,0,2,0,0,0,0,0,51089,510089,0,3
5061,3,8,0,0,11014,,0.3,1.5,1,有价值的霜水晶,ETT_Title_000250,ETT_Name_000250,,霜水晶,1,20800,1,2,23060,0,5,10,0,2,0,0,0,0,0,51101,510101,0,3
5062,3,8,0,0,12015,,0.3,1.5,1,贵的艾迪冰,ETT_Title_000251,ETT_Name_000251,,雪人箱,1,20800,1,2,23061,0,5,10,0,2,0,0,0,0,0,51102,510102,0,3
5063,3,8,0,0,12018,,0.3,1.5,1,寻找冻毒草,ETT_Title_000252,ETT_Name_000252,,冻毒草,1,20800,1,2,23062,0,5,10,0,2,0,0,0,0,0,51105,510105,0,3
5064,3,8,0,0,11000,,0.3,1.5,1,残忍的方法,ETT_Title_000253,ETT_Name_000253,,雪花岩,1,20800,1,2,23063,0,5,10,0,2,0,0,0,0,0,51109,511109,0,3
5065,3,8,0,0,11014,,0.3,1.5,1,赚钱的金属,ETT_Title_000254,ETT_Name_000254,,冻结矿石,1,20800,1,2,23064,0,5,10,0,2,0,0,0,0,0,51115,510115,0,3
5066,3,8,0,0,12021,,0.3,2,1,磨刀石的材料,ETT_Title_000255,ETT_Name_000255,,冰川石,1,20800,1,2,23065,0,5,10,0,2,0,0,0,0,0,51116,510116,0,3
5067,3,8,0,0,12018,,0.3,1.5,1,宽银幕的嵌合体,ETT_Title_000256,ETT_Name_000256,,麻辣草,1,20800,1,2,23066,0,5,10,0,2,0,0,0,0,0,51117,510117,0,3
5068,3,8,0,0,12029,,0.3,2,1,肌肉丰满的卢德比尔伦,ETT_Title_000257,ETT_Name_000257,,黑铁锅,1,20800,1,2,23067,0,5,10,0,2,0,0,0,0,0,51122,510122,0,3
5069,3,8,0,0,11000,,0.3,1.5,1,体力负荷的卢德比尔伦,ETT_Title_000258,ETT_Name_000258,,脉石,1,20800,1,2,23068,0,5,10,0,2,0,0,0,0,0,51123,510123,0,3
5070,3,8,0,0,12018,,0.3,1.5,1,累垮卢德比尔伦的方法,ETT_Title_000259,ETT_Name_000259,,疲倦草,1,20800,1,2,23069,0,5,10,0,2,0,0,0,0,0,51124,510124,0,3
5071,3,8,0,0,11014,,0.3,1.5,1,卢德比尔伦的武器,ETT_Title_000260,ETT_Name_000260,,硫化水晶,1,20800,1,2,23070,0,5,10,0,2,0,0,0,0,0,51127,510127,0,3
5072,3,8,0,0,12002,,0.3,1.5,1,离间计（3）,ETT_Title_000261,ETT_Name_000261,,冰冻部队箱,1,20800,1,2,23071,0,5,10,0,2,0,0,0,0,0,51131,510131,0,3
5073,3,8,0,0,12002,,0.3,1.5,1,离间计（6）,ETT_Title_000262,ETT_Name_000262,,狼族箱,1,20800,1,2,23072,0,5,10,0,2,0,0,0,0,0,51134,510134,0,3
5074,3,8,0,0,12019,,0.3,1,1,痛苦的同生,ETT_Title_000263,ETT_Name_000263,,黄金草,1,20800,1,2,23073,0,5,10,0,2,0,0,0,0,0,51138,510138,0,3
5075,3,8,0,0,11000,,0.3,1.5,1,破坏的材料,ETT_Title_000264,ETT_Name_000264,,火花钻矿石,1,20800,1,2,23074,0,5,10,0,2,0,0,0,0,0,51141,511141,0,3
5076,3,8,0,0,11014,,0.3,1.5,1,破坏的材料,ETT_Title_000265,ETT_Name_000265,,大地岩石,1,20800,1,2,23075,0,5,10,0,2,0,0,0,0,0,51141,512141,0,3
5077,3,8,0,0,12018,,0.3,1.5,1,奇怪的暴风雪,ETT_Title_000266,ETT_Name_000266,,冰花,1,20800,1,2,23076,0,5,10,0,2,0,0,0,0,0,51145,510145,0,3
5078,3,8,0,0,11014,,0.3,1.5,1,狼族的哭声,ETT_Title_000267,ETT_Name_000267,,声音水晶,1,20800,1,2,23077,0,5,10,0,2,0,0,0,0,0,51149,510149,0,3
5079,3,8,0,0,11000,,0.3,1.5,1,通过哭声诱引,ETT_Title_000268,ETT_Name_000268,,岩石,1,20800,1,2,0,0,0,0,0,0,0,0,0,0,0,0,0,0,0
5080,3,8,0,0,12012,,0.3,1.5,1,栖息地,ETT_Title_000269,ETT_Name_000269,,波西肯 卵,1,20800,1,2,23079,0,5,10,0,2,0,0,0,0,0,50039,500039,0,3
5081,3,8,0,0,12007,,0.3,6,1,蜘蛛网巢穴,ETT_Title_000270,ETT_Name_000270,,枯树,1,20800,1,2,23080,0,5,10,0,2,0,0,0,0,0,50086,500086,0,3
5082,3,8,0,0,12005,,0.3,4,1,被诅咒的沼泽,ETT_Title_000271,ETT_Name_000271,,奇树树枝,1,20800,1,2,23081,0,5,10,0,2,0,0,0,0,0,50098,500098,0,3
5083,3,8,0,0,12002,,0.3,1.5,1,胡安的东西,ETT_Title_000272,ETT_Name_000272,,博马的坚硬箱子,1,20800,1,2,23082,0,5,10,0,2,0,0,0,0,0,50132,500132,0,3
5084,3,8,0,0,12002,,0.3,1.5,1,胡安的东西,ETT_Title_000273,ETT_Name_000273,,博马的僵硬箱子,1,20800,1,2,23083,0,5,10,0,2,0,0,0,0,0,50132,501132,0,3
5085,3,8,0,0,11014,,0.3,1.5,1,读出邪念,ETT_Title_000274,ETT_Name_000274,,灵魂石,1,20800,1,2,23084,0,5,10,0,2,0,0,0,0,0,51143,510143,0,3
5086,3,8,0,0,12018,,0.3,1.5,1,哥布林和特里皮德,ETT_Title_000275,ETT_Name_000275,,深渊花,1,20800,1,2,23085,0,5,10,0,2,0,0,0,0,0,50005,500005,0,3
5087,3,8,0,0,12010,,0.3,1.5,1,配置环境用,ETT_Title_000276,ETT_Name_000276,,雪人的粮食口袋,1,20800,1,2,0,0,1,1,0,2,0,0,0,0,0,-1,-1,0,3
5088,3,8,0,0,12025,,0.3,1.5,1,配置环境用,ETT_Title_000277,ETT_Name_000277,,卢德比尔伦的肉,1,20800,1,2,0,0,1,1,0,2,0,0,0,0,0,-1,-1,0,3
5089,3,8,0,0,11100,,0.3,1.5,1,卢安克巢穴,ETT_Title_000278,ETT_Name_000278,,三叶花,1,20800,1,2,23086,0,5,10,0,2,0,0,0,0,0,50154,500154,0,3
5090,3,8,0,0,12019,,0.3,1,1,哈比的森林,ETT_Title_000279,ETT_Name_000279,,出血花,1,20800,1,2,23087,0,5,10,0,2,0,0,0,0,0,50154,501154,0,3
5091,3,8,0,0,12004,,0.3,4,1,不足的材料补充,ETT_Title_000280,ETT_Name_000280,,恩特 有刺的茎,1,20800,1,2,23088,0,5,10,0,2,0,0,0,0,0,50157,500157,0,3
5092,3,8,0,0,12022,,0.3,1.5,1, ,ETT_Title_000281,ETT_Name_000281,,希尔朋德 虫茧,1,20800,1,2,23133,0,5,10,0,2,0,0,0,0,0,51159,510159,0,3
5093,3,8,0,0,11100,,0.3,1.5,1, ,ETT_Title_000282,ETT_Name_000282,,轻花,1,20800,1,2,23134,0,5,10,0,2,0,0,0,0,0,50073,500073,0,3
5094,3,8,0,0,12053,,0.3,1.5,1, ,ETT_Title_000283,ETT_Name_000283,,无名勇士的金斧,1,20800,1,2,23238,0,5,10,0,2,0,0,0,0,0,50094,500094,0,3
5095,3,8,0,0,12053,,0.3,1.5,1, ,ETT_Title_000284,ETT_Name_000284,,无名勇士的银斧,1,20800,1,2,23239,0,5,10,0,2,0,0,0,0,0,50094,501094,0,3
5096,3,8,0,0,12053,,0.3,1.5,1, ,ETT_Title_000285,ETT_Name_000285,,无名勇士的铁斧,1,20800,1,2,23240,0,5,10,0,2,0,0,0,0,0,50094,502094,0,3
5097,3,8,0,0,11100,,0.3,1.5,1, ,ETT_Title_000286,ETT_Name_000286,,心草,1,20800,1,2,23295,0,5,10,0,2,0,0,0,0,0,50183,500183,0,3
5098,3,8,0,0,11101,,0.3,1.5,1, ,ETT_Title_000287,ETT_Name_000287,,光粉花,1,20800,1,2,23296,0,5,10,0,2,0,0,0,0,0,50189,500189,0,3
5099,3,8,0,0,11102,,0.3,1.5,1, ,ETT_Title_000288,ETT_Name_000288,,滴答草,1,20800,1,2,23297,0,5,10,0,2,0,0,0,0,0,50197,500197,0,3
5100,3,8,0,0,12018,,0.3,1.5,1,图1，月光村庄周边,ETT_Title_000289,ETT_Name_000289,,蜉蝣草,1,20800,1,2,23089,0,5,10,0,2,0,0,0,0,0,53022,530022,0,3
5101,3,8,0,0,12005,,0.3,4,1,图1，月光村庄周边,ETT_Title_000290,ETT_Name_000290,,坚硬树木,1,20800,1,2,23090,0,5,10,0,2,0,0,0,0,0,53026,530026,0,3
5102,3,8,0,0,12017,,0.3,1,1,图1，冰冷的街道,ETT_Title_000291,ETT_Name_000291,,被丢弃的行李堆,1,20800,1,2,23091,0,5,10,0,2,0,0,0,0,0,53032,530032,0,3
5103,3,8,0,0,12005,,0.3,3,1,图1，被挖掘的村子墓地,ETT_Title_000292,ETT_Name_000292,,红果实树,1,20800,1,2,23092,0,5,10,0,2,0,0,0,0,0,53035,530035,0,3
5104,3,8,0,0,12018,,0.3,1.5,1,图1，亡者村庄,ETT_Title_000293,ETT_Name_000293,,镜子草,1,20800,1,2,23093,0,5,10,0,2,0,0,0,0,0,53041,530041,0,3
5105,3,8,0,0,12010,,0.3,1.5,1,图1，亡者村庄,ETT_Title_000294,ETT_Name_000294,,分散的口袋,1,20800,1,2,23094,0,5,10,0,2,0,0,0,0,0,53045,530045,0,3
5106,3,8,0,0,12043,,0.3,1.5,1,图1，倒塌的广场,ETT_Title_000295,ETT_Name_000295,,武器堆,1,20800,1,2,23095,0,5,10,0,2,0,0,0,0,0,53047,530047,0,3
5107,3,8,0,0,12044,,0.3,1.5,1,图2，被污染的生命瀑布,ETT_Title_000296,ETT_Name_000296,,怪异土堆,1,20800,1,2,23096,0,5,10,0,2,0,0,0,0,0,53009,530009,0,3
5108,3,8,0,0,12044,,0.3,1.5,1,图2，妖精的池塘,ETT_Title_000297,ETT_Name_000297,,不祥土堆,1,20800,1,2,23097,0,5,10,0,2,0,0,0,0,0,53008,530008,0,3
5109,3,8,0,0,12046,,0.3,2,1,图2，江周围,ETT_Title_000298,ETT_Name_000298,,被破坏的水桶,1,20800,1,2,23098,0,5,10,0,2,0,0,0,0,0,53052,530052,0,3
5110,3,8,0,0,12045,,0.3,2,1,图2，妖精的池塘,ETT_Title_000299,ETT_Name_000299,,被丢弃的水桶,1,20800,1,2,23099,0,5,10,0,2,0,0,0,0,0,53052,531052,0,3
5111,3,8,0,0,12018,,0.3,1.5,1,图2，咆哮的山坡,ETT_Title_000300,ETT_Name_000300,,藤草,1,20800,1,2,23100,0,5,10,0,2,0,0,0,0,0,53064,530064,0,3
5112,3,8,0,0,11000,,0.3,2,1,图2，妖精的池塘,ETT_Title_000301,ETT_Name_000301,,热石堆,1,20800,1,2,23101,0,5,10,0,2,0,0,0,0,0,53057,530057,0,3
5113,3,8,0,0,12018,,0.3,1.5,1,图2，江边村庄周围,ETT_Title_000302,ETT_Name_000302,,水滴草,1,20800,1,2,23102,0,5,10,0,2,0,0,0,0,0,53006,530006,0,3
5114,3,8,0,0,12047,,0.3,1.5,1,图2，江边村庄周围,ETT_Title_000303,ETT_Name_000303,,檀木堆,1,20800,1,2,23103,0,5,10,0,2,0,0,0,0,0,53066,530066,0,3
5115,3,8,0,0,12003,,0.2,2,2,图2，被污染的生命瀑布,ETT_Title_000304,ETT_Name_000304,,科马树,1,20800,1,2,23104,0,5,10,0,2,0,0,0,0,0,53079,530079,0,3
5116,3,8,0,0,12019,,0.3,1.5,1,图2，江边村庄周围,ETT_Title_000305,ETT_Name_000305,,加比草,1,20800,1,2,23105,0,5,10,0,2,0,0,0,0,0,53069,530069,0,3
5117,3,8,0,0,12003,,0.3,3,1,图2，野兽的栖息地,ETT_Title_000306,ETT_Name_000306,,树油,1,20800,1,2,23106,0,5,10,0,2,0,0,0,0,0,53068,530068,0,3
5119,3,8,0,0,12018,,0.3,1,1,图2，野兽的栖息地,ETT_Title_000307,ETT_Name_000307,,月光草,1,20800,1,2,23108,0,5,10,0,2,0,0,0,0,0,53081,530081,0,3
5120,3,8,0,0,12005,,0.3,4,1,图3，农场周围的村庄,ETT_Title_000308,ETT_Name_000308,,黑褐色树,1,20800,1,2,23109,0,5,10,0,2,0,0,0,0,0,53083,530083,0,3
5121,3,8,0,0,12002,,0.3,1.5,1,图3，被抢夺的农场,ETT_Title_000309,ETT_Name_000309,,农场保管箱,1,20800,1,2,23110,0,5,10,0,2,0,0,0,0,0,53087,530087,0,3
5122,3,8,0,0,12044,,0.3,1.5,1,图3，农场周围的村庄,ETT_Title_000310,ETT_Name_000310,,土堆,1,20800,1,2,23111,0,5,10,0,2,0,0,0,0,0,53088,530088,0,3
5123,3,8,0,0,12019,,0.3,1.5,1,图3，旋风的悬崖,ETT_Title_000311,ETT_Name_000311,,吸附草,1,20800,1,2,23112,0,5,10,0,2,0,0,0,0,0,53093,530093,0,3
5124,3,8,0,0,12044,,0.3,1.5,1,图3，被抢夺的农场,ETT_Title_000312,ETT_Name_000312,,可疑的土堆,1,20800,1,2,23113,0,5,10,0,2,0,0,0,0,0,53095,530095,0,3
5125,3,8,0,0,12017,,0.3,1.5,1,图3，旋风的悬崖,ETT_Title_000313,ETT_Name_000313,,家族皮囊,1,20800,1,2,23114,0,5,10,0,2,0,0,0,0,0,53101,530101,0,3
5126,3,8,0,0,12018,,0.3,1.5,1,图3，QP1周边,ETT_Title_000314,ETT_Name_000314,,时间草,1,20800,1,2,23115,0,5,10,0,2,0,0,0,0,0,53109,530109,0,3
5127,3,8,0,0,12044,,0.3,1.5,1,图3，丰收的树,ETT_Title_000315,ETT_Name_000315,,腐败土堆,1,20800,1,2,23116,0,5,10,0,2,0,0,0,0,0,53012,530012,0,3
5128,3,8,0,0,12005,,0.3,3,1,图3，丰收的树,ETT_Title_000316,ETT_Name_000316,,鲁塔树,1,20800,1,2,23117,0,5,10,0,2,0,0,0,0,0,53113,530113,0,3
5129,3,8,0,0,12018,,0.3,1.5,1,图3，丰收的树,ETT_Title_000317,ETT_Name_000317,,鹿香草,1,20800,1,2,23118,0,5,10,0,2,0,0,0,0,0,53115,530115,0,3
5130,3,8,0,0,12019,,0.3,1,1,图4，黑树枝森林,ETT_Title_000318,ETT_Name_000318,,夜行草,1,20800,1,2,23119,0,5,10,0,2,0,0,0,0,0,53179,530179,0,3
5131,3,8,0,0,12048,,0.3,4,1,图4，骄傲的英雄墓,ETT_Title_000319,ETT_Name_000319,,蓝光木头柱,1,20800,1,2,23120,0,5,10,0,2,0,0,0,0,0,53128,530128,0,3
5132,3,8,0,0,12018,,0.3,1.5,1,图4，骄傲的英雄墓,ETT_Title_000320,ETT_Name_000320,,火花草,1,20800,1,2,23121,0,5,10,0,2,0,0,0,0,0,53129,530129,0,3
5133,3,8,0,0,12019,,0.3,1,1,图4，骄傲的英雄墓,ETT_Title_000321,ETT_Name_000321,,睡眠草,1,20800,1,2,23122,0,5,10,0,2,0,0,0,0,0,53135,530135,0,3
5134,3,8,0,0,12056,,0.3,1.2,1,图4，勇猛的英雄墓,ETT_Title_000322,ETT_Name_000322,,胜战碑,1,20800,1,2,0,0,1,1,0,2,0,0,0,0,0,-1,-1,0,3
5135,3,8,0,0,12056,,0.3,1.2,1, ,ETT_Title_000323,ETT_Name_000323,,政绩碑,1,20800,1,2,0,0,1,1,0,2,0,0,0,0,0,-1,-1,0,3
5136,3,8,0,0,12018,,0.3,1.5,1,图4，无名英雄墓,ETT_Title_000324,ETT_Name_000324,,蓝色露珠草,1,20800,1,2,23125,0,5,10,0,2,0,0,0,0,0,53150,530150,0,3
5137,3,8,0,0,12019,,0.3,1,1,图4，无名英雄墓,ETT_Title_000325,ETT_Name_000325,,闪亮草,1,20800,1,2,23126,0,5,10,0,2,0,0,0,0,0,53175,530175,0,3
5138,3,8,0,0,11000,,0.3,1.2,1,图5，城墙周围,ETT_Title_000326,ETT_Name_000326,,热石,1,20800,1,2,23127,0,5,10,0,2,0,0,0,0,0,53157,530157,0,3
5139,3,8,0,0,12078,,0.3,1.5,1,图5，布莱斯莱斯阵营,ETT_Title_000327,ETT_Name_000327,,文书箱,1,20800,1,2,23128,0,5,10,0,2,0,0,0,0,0,53160,530160,0,3
5140,3,8,0,0,12017,,0.3,1,1,图5，戴奥斯沃夫阵营,ETT_Title_000328,ETT_Name_000328,,工具袋,1,20800,1,2,23129,0,5,10,0,2,0,0,0,0,0,53162,530162,0,3
5141,3,8,0,0,12010,,0.3,1.5,1,图5，布莱斯莱斯阵营,ETT_Title_000329,ETT_Name_000329,,粮食袋,1,20800,1,2,23130,0,5,10,0,2,0,0,0,0,0,53164,530164,0,3
5142,3,8,0,0,12078,,0.3,1.5,1,图5，布莱斯莱斯阵营,ETT_Title_000330,ETT_Name_000330,,保管箱,1,20800,1,2,23131,0,5,10,0,2,0,0,0,0,0,53166,530166,0,3
5143,3,8,0,0,12018,,0.3,1,1,图5，城墙周围,ETT_Title_000331,ETT_Name_000331,,雾草,1,20800,1,2,23132,0,5,10,0,2,0,0,0,0,0,53169,530169,0,3
5144,3,8,0,0,12044,,0.3,1.5,1,图5，布莱斯莱斯阵营,ETT_Title_000332,ETT_Name_000332,,突出来的土堆,1,20800,1,2,23241,0,5,10,0,2,0,0,0,0,0,53121,530121,0,3
5145,3,8,0,0,12017,,0.3,1.5,1,图5，布莱斯莱斯阵营,ETT_Title_000333,ETT_Name_000333,,面包袋,1,20800,1,2,23242,0,5,10,0,2,0,0,0,0,0,53125,530125,0,3
5146,3,8,0,0,12018,,0.3,1.5,1,图5，城墙周围,ETT_Title_000334,ETT_Name_000334,,凌晨花,1,20800,1,2,23243,0,5,10,0,2,0,0,0,0,0,53154,530154,0,3
5201,3,8,0,0,12047,,0.3,1.5,1, ,ETT_Title_000335,ETT_Name_000335,,掉下来的树枝,1,20800,1,2,23135,0,5,10,0,2,0,0,0,0,0,54027,540027,0,3
5203,3,8,0,0,11000,,0.3,1.5,1, ,ETT_Title_000336,ETT_Name_000336,,冰冷的石头,1,20800,1,2,23137,0,5,10,0,2,0,0,0,0,0,54034,540034,0,3
5204,3,8,0,0,11000,,0.3,1.5,1, ,ETT_Title_000337,ETT_Name_000337,,果园的石头,1,20800,1,2,23138,0,5,10,0,2,0,0,0,0,0,54036,540036,0,3
5205,3,8,0,0,12019,,0.3,1.5,1, ,ETT_Title_000338,ETT_Name_000338,,刺痛草,1,20800,1,2,23139,0,5,10,0,2,0,0,0,0,0,54039,540039,0,3
5207,3,8,0,0,12044,,0.3,1.5,1, ,ETT_Title_000339,ETT_Name_000339,,森林土堆,1,20800,1,2,23141,0,5,10,0,2,0,0,0,0,0,54046,540046,0,3
5208,3,8,0,0,12044,,0.3,1.5,1, ,ETT_Title_000340,ETT_Name_000340,,紫石,1,20800,1,2,23142,0,5,10,0,2,0,0,0,0,0,54056,540056,0,3
5209,3,8,0,0,12016,,0.3,1.5,1, ,ETT_Title_000341,ETT_Name_000341,,敌对的机密箱,1,20800,1,2,23143,0,5,10,0,2,0,0,0,0,0,54062,540062,0,3
5210,3,8,0,0,12018,,0.3,1.5,1, ,ETT_Title_000342,ETT_Name_000342,,瀑布草,1,20800,1,2,23144,0,5,10,0,2,0,0,0,0,0,54070,540070,0,3
5212,3,8,0,0,12044,,0.3,1.5,1, ,ETT_Title_000343,ETT_Name_000343,,发光的土堆,1,20800,1,2,23146,0,5,10,0,2,0,0,0,0,0,54080,540080,0,3
5213,3,8,0,0,12019,,0.3,1.5,1, ,ETT_Title_000344,ETT_Name_000344,,黏草,1,20800,1,2,23147,0,5,10,0,2,0,0,0,0,0,54094,540094,0,3
5214,3,8,0,0,12046,,0.3,1.5,1, ,ETT_Title_000345,ETT_Name_000345,,瀑布附近的水桶,1,20800,1,2,23148,0,5,10,0,2,0,0,0,0,0,54100,540100,0,3
5215,3,8,0,0,11000,,0.3,3,1, ,ETT_Title_000346,ETT_Name_000346,,黑曜石堆,1,20800,1,2,23149,0,5,10,0,2,0,0,0,0,0,54102,540102,0,3
5217,3,8,0,0,12007,,0.3,4.5,1, ,ETT_Title_000347,ETT_Name_000347,,罗契卡树,1,20800,1,2,23151,0,5,10,0,2,0,0,0,0,0,54110,540110,0,3
5218,3,8,0,0,12016,,0.3,1.5,1, ,ETT_Title_000348,ETT_Name_000348,,作战文件箱,1,20800,1,2,23152,0,5,10,0,2,0,0,0,0,0,54115,540115,0,3
5219,3,8,0,0,12064,,0.3,1.5,1, ,ETT_Title_000349,ETT_Name_000349,,硫磺炸弹堆,1,20800,1,2,23153,0,5,10,0,2,0,0,0,0,0,54120,540120,0,3
5220,3,8,0,0,12087,,0.3,3,1, ,ETT_Title_000350,ETT_Name_000350,,硫磺结晶,1,20800,1,2,23154,0,5,10,0,2,0,0,0,0,0,54122,540122,0,3
5221,3,8,0,0,11000,,0.3,3,1, ,ETT_Title_000351,ETT_Name_000351,,冷气石头,1,20800,1,2,23155,0,5,10,0,2,0,0,0,0,0,54127,540127,0,3
5222,3,8,0,0,12003,,0.3,3,1, ,ETT_Title_000352,ETT_Name_000352,,努斯树,1,20800,1,2,23156,0,5,10,0,2,0,0,0,0,0,54133,540133,0,3
5223,3,8,0,0,11014,,0.3,3,1, ,ETT_Title_000353,ETT_Name_000353,,万德石,1,20800,1,2,23157,0,5,10,0,2,0,0,0,0,0,54009,540009,0,3
5224,3,8,0,0,12003,,0.3,3,1, ,ETT_Title_000354,ETT_Name_000354,,路里尔树,1,20800,1,2,23158,0,5,10,0,2,0,0,0,0,0,54144,540144,0,3
5225,3,8,0,0,12044,,0.3,1.5,1, ,ETT_Title_000355,ETT_Name_000355,,被污染的土壤,1,20800,1,2,23159,0,5,10,0,2,0,0,0,0,0,54153,540153,0,3
5227,3,8,0,0,12018,,0.3,1.5,1, ,ETT_Title_000356,ETT_Name_000356,,阿莱草,1,20800,1,2,23161,0,5,10,0,2,0,0,0,0,0,54162,540162,0,3
5228,3,8,0,0,12003,,0.3,3,1, ,ETT_Title_000357,ETT_Name_000357,,诺克斯树,1,20800,1,2,23162,0,5,10,0,2,0,0,0,0,0,54173,540173,0,3
5229,3,8,0,0,12018,,0.3,1.5,1, ,ETT_Title_000358,ETT_Name_000358,,火山露珠草,1,20800,1,2,23163,0,5,10,0,2,0,0,0,0,0,54177,540177,0,3
5230,3,8,0,0,12018,,0.3,1.5,1, ,ETT_Title_000359,ETT_Name_000359,,古代花,1,20800,1,2,23164,0,5,10,0,2,0,0,0,0,0,54180,540180,0,3
5231,3,8,0,0,12086,,0.3,2.5,1, ,ETT_Title_000360,ETT_Name_000360,,法鲁里水晶,1,20800,1,2,23165,0,5,10,0,2,0,0,0,0,0,54193,540193,0,3
5232,3,8,0,0,12018,,0.3,1.5,1, ,ETT_Title_000361,ETT_Name_000361,,冷点草,1,20800,1,2,23166,0,5,10,0,2,0,0,0,0,0,54196,540196,0,3
5233,3,8,0,0,12002,,0.3,1.5,1, ,ETT_Title_000362,ETT_Name_000362,,百奥哈特箱子,1,20800,1,2,23167,0,5,10,0,2,0,0,0,0,0,54198,540198,0,3
5234,3,8,0,0,12018,,0.3,1.5,1, ,ETT_Title_000363,ETT_Name_000363,,叶片草,1,20800,1,2,23168,0,5,10,0,2,0,0,0,0,0,55009,550009,0,3
5235,3,8,0,0,12018,,0.3,1.5,1, ,ETT_Title_000364,ETT_Name_000364,,法拉的树,1,20800,1,2,23169,0,5,10,0,2,0,0,0,0,0,55020,550020,0,3
5236,3,8,0,0,11000,,0.3,1.5,1, ,ETT_Title_000365,ETT_Name_000365,,闪亮水晶,1,20800,1,2,23170,0,5,10,0,2,0,0,0,0,0,55032,550032,0,3
5237,3,8,0,0,12018,,0.3,1.5,1, ,ETT_Title_000366,ETT_Name_000366,,新鲜草,1,20800,1,2,23171,0,5,10,0,2,0,0,0,0,0,55033,550033,0,3
5238,3,8,0,0,12018,,0.3,1.5,1, ,ETT_Title_000367,ETT_Name_000367,,水波草,1,20800,1,2,23172,0,5,10,0,2,0,0,0,0,0,55044,550044,0,3
5239,3,8,0,0,11001,,0.3,1.5,1, ,ETT_Title_000368,ETT_Name_000368,,艾普水晶,1,20800,1,2,23173,0,5,10,0,2,0,0,0,0,0,55045,550045,0,3
5240,3,8,0,0,12018,,0.3,1.5,1, ,ETT_Title_000369,ETT_Name_000369,,热削草,1,20800,1,2,23174,0,5,10,0,2,0,0,0,0,0,55049,550049,0,3
5241,3,8,0,0,12018,,0.3,1.5,1, ,ETT_Title_000370,ETT_Name_000370,,魔法钟月花,1,20800,1,2,23175,0,5,10,0,2,0,0,0,0,0,55054,550054,0,3
5242,3,8,0,0,11002,,0.3,1.5,1, ,ETT_Title_000371,ETT_Name_000371,,凌晨露珠水晶,1,20800,1,2,23176,0,5,10,0,2,0,0,0,0,0,55059,550059,0,3
5243,3,8,0,0,12018,,0.3,1.5,1, ,ETT_Title_000372,ETT_Name_000372,,阵雨草,1,20800,1,2,23177,0,5,10,0,2,0,0,0,0,0,55062,550062,0,3
5244,3,8,0,0,12011,,0.3,1.5,1, ,ETT_Title_000373,ETT_Name_000373,,稻田燃料桶,1,20800,1,2,23178,0,5,10,0,2,0,0,0,0,0,55069,550069,0,3
5245,3,8,0,0,12015,,0.3,1.5,1, ,ETT_Title_000374,ETT_Name_000374,,稻田树木箱,1,20800,1,2,23179,0,5,10,0,2,0,0,0,0,0,55071,550071,0,3
5246,3,8,0,0,11003,,0.3,1.5,1, ,ETT_Title_000375,ETT_Name_000375,,夕阳水晶,1,20800,1,2,23180,0,5,10,0,2,0,0,0,0,0,55075,550075,0,3
5247,3,8,0,0,12002,,0.3,1.5,1, ,ETT_Title_000376,ETT_Name_000376,,矿山箱,1,20800,1,2,23181,0,5,10,0,2,0,0,0,0,0,55080,550080,0,3
5248,3,8,0,0,11001,,0.3,1.5,1, ,ETT_Title_000377,ETT_Name_000377,,霉矿石,1,20800,1,2,23182,0,5,10,0,2,0,0,0,0,0,55083,550083,0,3
5249,3,8,0,0,12018,,0.3,1.5,1, ,ETT_Title_000378,ETT_Name_000378,,雨粉草,1,20800,1,2,23183,0,5,10,0,2,0,0,0,0,0,55088,550088,0,3
5250,3,8,0,0,11000,,0.3,1.5,1, ,ETT_Title_000379,ETT_Name_000379,,水流水晶,1,20800,1,2,23184,0,5,10,0,2,0,0,0,0,0,55090,550090,0,3
5251,3,8,0,0,11000,,0.3,1.5,1, ,ETT_Title_000380,ETT_Name_000380,,水岩,1,20800,1,2,23185,0,5,10,0,2,0,0,0,0,0,55093,550093,0,3
5252,3,8,0,0,12018,,0.3,1.5,1, ,ETT_Title_000381,ETT_Name_000381,,雷花,1,20800,1,2,23186,0,5,10,0,2,0,0,0,0,0,55094,550094,0,3
5253,3,8,0,0,11004,,0.3,1.5,1, ,ETT_Title_000382,ETT_Name_000382,,镜子矿石,1,20800,1,2,23187,0,5,10,0,2,0,0,0,0,0,55096,550096,0,3
5254,3,8,0,0,12002,,0.3,1.5,1, ,ETT_Title_000383,ETT_Name_000383,,哈比箱,1,20800,1,2,23188,0,5,10,0,2,0,0,0,0,0,55098,550098,0,3
5255,3,8,0,0,12003,,0.3,1.5,1, ,ETT_Title_000384,ETT_Name_000384,,翅膀树,1,20800,1,2,23189,0,5,10,0,2,0,0,0,0,0,55100,550100,0,3
5257,3,8,0,0,11000,,0.3,1.5,1, ,ETT_Title_000385,ETT_Name_000385,,扑闪水晶,1,20800,1,2,23191,0,5,10,0,2,0,0,0,0,0,55103,550103,0,3
5258,3,8,0,0,12018,,0.3,1.5,1, ,ETT_Title_000386,ETT_Name_000386,,马西达水晶,1,20800,1,2,23192,0,5,10,0,2,0,0,0,0,0,55106,550106,0,3
5259,3,8,0,0,12003,,0.3,1.5,1, ,ETT_Title_000387,ETT_Name_000387,,九香树,1,20800,1,2,23193,0,5,10,0,2,0,0,0,0,0,55107,550107,0,3
5260,3,8,0,0,12018,,0.3,1.5,1, ,ETT_Title_000388,ETT_Name_000388,,德莱草,1,20800,1,2,23194,0,5,10,0,2,0,0,0,0,0,55110,550110,0,3
5261,3,8,0,0,12018,,0.3,1.5,1, ,ETT_Title_000389,ETT_Name_000389,,光碟花,1,20800,1,2,23195,0,5,10,0,2,0,0,0,0,0,55114,550114,0,3
5262,3,8,0,0,12007,,0.3,1.5,1, ,ETT_Title_000390,ETT_Name_000390,,锻铁树,1,20800,1,2,23196,0,5,10,0,2,0,0,0,0,0,55118,550118,0,3
5263,3,8,0,0,12015,,0.3,1.5,1, ,ETT_Title_000391,ETT_Name_000391,,砂轮树木箱,1,20800,1,2,23197,0,5,10,0,2,0,0,0,0,0,55120,550120,0,3
5264,3,8,0,0,12017,,0.3,1.5,1, ,ETT_Title_000392,ETT_Name_000392,,砂轮口袋,1,20800,1,2,23198,0,5,10,0,2,0,0,0,0,0,55121,550121,0,3
5265,3,8,0,0,12016,,0.3,1.5,1, ,ETT_Title_000393,ETT_Name_000393,,砂轮箱,1,20800,1,2,23199,0,5,10,0,2,0,0,0,0,0,55122,550122,0,3
5266,3,8,0,0,11001,,0.3,1.5,1, ,ETT_Title_000394,ETT_Name_000394,,切割水晶,1,20800,1,2,23200,0,5,10,0,2,0,0,0,0,0,55126,550126,0,3
5267,3,8,0,0,12018,,0.3,1.5,1, ,ETT_Title_000395,ETT_Name_000395,,风之草,1,20800,1,2,23201,0,5,10,0,2,0,0,0,0,0,55129,550129,0,3
5268,3,8,0,0,11003,,0.3,1.5,1, ,ETT_Title_000396,ETT_Name_000396,,漆黑石,1,20800,1,2,23202,0,5,10,0,2,0,0,0,0,0,55133,550133,0,3
5269,3,8,0,0,11002,,0.3,1.5,1, ,ETT_Title_000397,ETT_Name_000397,,奇妙的水晶,1,20800,1,2,23203,0,5,10,0,2,0,0,0,0,0,55136,550136,0,3
5270,3,8,0,0,11004,,0.3,1.5,1, ,ETT_Title_000398,ETT_Name_000398,,马蹄水晶,1,20800,1,2,23204,0,5,10,0,2,0,0,0,0,0,55137,550137,0,3
5271,3,8,0,0,12011,,0.3,1.5,1, ,ETT_Title_000399,ETT_Name_000399,,矿石木桶,1,20800,1,2,23205,0,5,10,0,2,0,0,0,0,0,55141,550141,0,3
5272,3,8,0,0,12018,,0.3,1.5,1, ,ETT_Title_000400,ETT_Name_000400,,大地水晶,1,20800,1,2,23206,0,5,10,0,2,0,0,0,0,0,55146,550146,0,3
5273,3,8,0,0,12010,,0.3,1.5,1, ,ETT_Title_000401,ETT_Name_000401,,宪兵皮囊,1,20800,1,2,23207,0,5,10,0,2,0,0,0,0,0,55147,550147,0,3
5274,3,8,0,0,11003,,0.3,1.5,1, ,ETT_Title_000402,ETT_Name_000402,,紧张的水晶,1,20800,1,2,23208,0,5,10,0,2,0,0,0,0,0,55152,550152,0,3
5275,3,8,0,0,12003,,0.3,1.5,1, ,ETT_Title_000403,ETT_Name_000403,,不痛苦的树,1,20800,1,2,23209,0,5,10,0,2,0,0,0,0,0,55154,550154,0,3
5276,3,8,0,0,12044,,0.3,1.5,1, ,ETT_Title_000404,ETT_Name_000404,,整把土,1,20800,1,2,23210,0,5,10,0,2,0,0,0,0,0,55155,550155,0,3
5277,3,8,0,0,12018,,0.3,1.5,1, ,ETT_Title_000405,ETT_Name_000405,,笑草,1,20800,1,2,23211,0,5,10,0,2,0,0,0,0,0,55157,550157,0,3
5278,3,8,0,0,12016,,0.3,1.5,1, ,ETT_Title_000406,ETT_Name_000406,,伊内斯特木箱,1,20800,1,2,23212,0,5,10,0,2,0,0,0,0,0,55164,550164,0,3
5279,3,8,0,0,12018,,0.3,1.5,1, ,ETT_Title_000407,ETT_Name_000407,,阳光水晶,1,20800,1,2,23213,0,5,10,0,2,0,0,0,0,0,55165,550165,0,3
5280,3,8,0,0,12015,,0.3,1.5,1, ,ETT_Title_000408,ETT_Name_000408,,伊内斯特武器箱,1,20800,1,2,23214,0,5,10,0,2,0,0,0,0,0,55168,550168,0,3
5281,3,8,0,0,11001,,0.3,1.5,1, ,ETT_Title_000409,ETT_Name_000409,,灰色铁,1,20800,1,2,23215,0,5,10,0,2,0,0,0,0,0,55169,550169,0,3
5282,3,8,0,0,12011,,0.3,1.5,1, ,ETT_Title_000410,ETT_Name_000410,,伊内斯特木桶,1,20800,1,2,23216,0,5,10,0,2,0,0,0,0,0,55170,550170,0,3
5283,3,8,0,0,12044,,0.3,1.5,1, ,ETT_Title_000411,ETT_Name_000411,,尸体,1,20800,1,2,23217,0,5,10,0,2,0,0,0,0,0,55172,550172,0,3
5284,3,8,0,0,12007,,0.3,1.5,1, ,ETT_Title_000412,ETT_Name_000412,,光魂树,1,20800,1,2,23218,0,5,10,0,2,0,0,0,0,0,55173,550173,0,3
5285,3,8,0,0,11004,,0.3,1.5,1, ,ETT_Title_000413,ETT_Name_000413,,急速水晶,1,20800,1,2,23219,0,5,10,0,2,0,0,0,0,0,55182,550182,0,3
5286,3,8,0,0,12010,,0.3,1.5,1, ,ETT_Title_000414,ETT_Name_000414,,哥布林天空之城皮囊,1,20800,1,2,23220,0,5,10,0,2,0,0,0,0,0,55185,550185,0,3
5287,3,8,0,0,11002,,0.3,1.5,1, ,ETT_Title_000415,ETT_Name_000415,,探讨水晶,1,20800,1,2,23221,0,5,10,0,2,0,0,0,0,0,55188,550188,0,3
5289,3,8,0,0,12003,,0.3,1.5,1, ,ETT_Title_000416,ETT_Name_000416,,喷泉树,1,20800,1,2,23223,0,5,10,0,2,0,0,0,0,0,55193,550193,0,3
5290,3,8,0,0,11100,,0.3,1.5,1, ,ETT_Title_000417,ETT_Name_000417,,还俗草,1,20800,1,2,23224,0,5,10,0,2,0,0,0,0,0,55203,550203,0,3
5291,3,8,0,0,12018,,0.3,1.5,1, ,ETT_Title_000418,ETT_Name_000418,,灰色花,1,20800,1,2,23225,0,5,10,0,2,0,0,0,0,0,55206,550206,0,3
5292,3,8,0,0,11002,,0.3,1.5,1, ,ETT_Title_000419,ETT_Name_000419,,温气水晶,1,20800,1,2,23226,0,5,10,0,2,0,0,0,0,0,55216,550216,0,3
5293,3,8,0,0,12005,,0.3,1.5,1, ,ETT_Title_000420,ETT_Name_000420,,枯萎的树,1,20800,1,2,23227,0,5,10,0,2,0,0,0,0,0,55219,550219,0,3
5294,3,8,0,0,11003,,0.3,1.5,1, ,ETT_Title_000421,ETT_Name_000421,,不法石,1,20800,1,2,23228,0,5,10,0,2,0,0,0,0,0,55221,550221,0,3
5296,3,8,0,0,12018,,0.3,1.5,1, ,ETT_Title_000422,ETT_Name_000422,,翅膀草,1,20800,1,2,23230,0,5,10,0,2,0,0,0,0,0,55229,550229,0,3
5297,3,8,0,0,12018,,0.3,1.5,1, ,ETT_Title_000423,ETT_Name_000423,,静音草,1,20800,1,2,23231,0,5,10,0,2,0,0,0,0,0,55235,550235,0,3
5298,3,8,0,0,11004,,0.3,1.5,1, ,ETT_Title_000424,ETT_Name_000424,,蓝天水晶,1,20800,1,2,23232,0,5,10,0,2,0,0,0,0,0,55238,550238,0,3
5299,3,8,0,0,12018,,0.3,1.5,1, ,ETT_Title_000425,ETT_Name_000425,,红焰花,1,20800,1,2,23233,0,5,10,0,2,0,0,0,0,0,55241,550241,0,3
5300,3,8,0,0,11004,,0.3,1.5,1, ,ETT_Title_000426,ETT_Name_000426,,波长水晶,1,20800,1,2,23234,0,5,10,0,2,0,0,0,0,0,55246,550246,0,3
5301,3,8,0,0,12026,,0.3,1.5,1, ,ETT_Title_000427,ETT_Name_000427,,智慧门魔法装置,1,20800,1,2,0,0,5,10,0,2,0,0,0,0,0,-1,-1,0,3
5302,3,8,0,0,12018,,0.3,1.5,1, ,ETT_Title_000428,ETT_Name_000428,,星粉花,1,20800,1,2,23236,0,5,10,0,2,0,0,0,0,0,55261,550261,0,3
5303,3,8,0,0,11002,,0.3,1.5,1, ,ETT_Title_000429,ETT_Name_000429,,异态石,1,20800,1,2,23237,0,5,10,0,2,0,0,0,0,0,55177,550177,0,3
5304,3,8,0,0,12019,,0.3,1.5,1, ,ETT_Title_000430,ETT_Name_000430,,止血草,1,20800,1,2,23244,0,5,10,0,2,0,0,0,0,0,55012,550012,0,3
5305,3,8,0,0,12018,,0.3,1.5,1, ,ETT_Title_000431,ETT_Name_000431,,虫花,1,20800,1,2,23245,0,5,10,0,2,0,0,0,0,0,55181,550181,0,3
5306,3,8,0,0,12007,,0.3,1.5,1, ,ETT_Title_000432,ETT_Name_000432,,小树,1,20800,1,2,23246,0,5,10,0,2,0,0,0,0,0,55036,550036,0,3
5307,3,8,0,0,12002,,0.3,1.5,1, ,ETT_Title_000433,ETT_Name_000433,,法雷尔莱德箱,1,20800,1,2,23247,0,5,10,0,2,0,0,0,0,0,55040,550040,0,3
5308,3,8,0,0,11101,,0.3,1.5,1, ,ETT_Title_000434,ETT_Name_000434,,血色花,1,20800,1,2,23248,0,5,10,0,2,0,0,0,0,0,55072,550072,0,3
5309,3,8,0,0,12016,,0.3,1.5,1, ,ETT_Title_000435,ETT_Name_000435,,血色肯塔伍露丝箱,1,20800,1,2,23249,0,5,10,0,2,0,0,0,0,0,55014,550014,0,3
5401,3,8,0,0,11001,,0.3,1.5,1, ,ETT_Title_000436,ETT_Name_000436,,沙子水晶,1,20800,1,2,23250,0,5,10,0,2,0,0,0,0,0,80005,800005,0,3
5402,3,8,0,0,12002,,0.3,4,1, ,ETT_Title_000437,ETT_Name_000437,,沉重的保管箱,1,20800,1,2,23251,0,5,10,0,2,0,0,0,0,0,80008,800008,0,3
5403,3,8,0,0,12017,,0.3,1.5,1, ,ETT_Title_000438,ETT_Name_000438,,锦囊,1,20800,1,2,23252,0,5,10,0,2,0,0,0,0,0,80026,800026,0,3
5404,3,8,0,0,12017,,0.3,4,1, ,ETT_Title_000439,ETT_Name_000439,,盗贼群袋,1,20800,1,2,25904,0,5,10,0,2,0,0,0,0,0,80029,800029,0,3
5405,3,8,0,0,11102,,0.3,3,1, ,ETT_Title_000440,ETT_Name_000440,,星光草,1,20800,1,2,23254,0,5,10,0,2,0,0,0,0,0,80043,800043,0,3
5406,3,8,0,0,11003,,0.3,1.5,1, ,ETT_Title_000441,ETT_Name_000441,,无水晶,1,20800,1,2,23255,0,5,10,0,2,0,0,0,0,0,80045,800045,0,3
5407,3,8,0,0,11103,,0.3,1.5,1, ,ETT_Title_000442,ETT_Name_000442,,伤心草,1,20800,1,2,23256,0,5,10,0,2,0,0,0,0,0,80048,800048,0,3
5408,3,8,0,0,12002,,0.3,1,1, ,ETT_Title_000443,ETT_Name_000443,,结实的箱子,1,20800,1,2,23257,0,5,10,0,2,0,0,0,0,0,80058,800058,0,3
5409,3,8,0,0,11004,,0.3,1.5,1, ,ETT_Title_000444,ETT_Name_000444,,探索水晶,1,20800,1,2,23258,0,5,10,0,2,0,0,0,0,0,80062,800062,0,3
5410,3,8,0,0,12003,,0.3,3,1, ,ETT_Title_000445,ETT_Name_000445,,天黄树,1,20800,1,2,25923,0,5,10,0,2,0,0,0,0,0,80067,800067,0,3
5411,3,8,0,0,11100,,0.3,1,1, ,ETT_Title_000446,ETT_Name_000446,,闪亮草,1,20800,1,2,23260,0,5,10,0,2,0,0,0,0,0,80068,800068,0,3
5412,3,8,0,0,12002,,0.3,1.5,1, ,ETT_Title_000447,ETT_Name_000447,,工具保管箱,1,20800,1,2,23261,0,5,10,0,2,0,0,0,0,0,80072,800072,0,3
5413,3,8,0,0,12002,,0.3,1.5,1, ,ETT_Title_000448,ETT_Name_000448,,魔法工具箱,1,20800,1,2,23262,0,5,10,0,2,0,0,0,0,0,80080,800080,0,3
5414,3,8,0,0,11101,,0.3,2,1.5, ,ETT_Title_000449,ETT_Name_000449,,辉光草,1,20800,1,2,23263,0,5,10,0,2,0,0,0,0,0,80089,800089,0,3
5415,3,8,0,0,12002,,0.3,1.5,1, ,ETT_Title_000450,ETT_Name_000450,,治愈瓶箱子,1,20800,1,2,23264,0,5,10,0,2,0,0,0,0,0,80097,800097,0,3
5416,3,8,0,0,12017,,0.3,1.5,1, ,ETT_Title_000451,ETT_Name_000451,,材料袋,1,20800,1,2,23265,0,5,10,0,2,0,0,0,0,0,80099,800099,0,3
5417,3,8,0,0,11102,,0.3,3,1, ,ETT_Title_000452,ETT_Name_000452,,哈欠草,1,20800,1,2,23266,0,5,10,0,2,0,0,0,0,0,80101,800101,0,3
5418,3,8,0,0,11004,,0.3,1.5,1, ,ETT_Title_000453,ETT_Name_000453,,明亮水晶,1,20800,1,2,23267,0,5,10,0,2,0,0,0,0,0,80104,800104,0,3
5419,3,8,0,0,11103,,0.3,1.5,1, ,ETT_Title_000454,ETT_Name_000454,,宝石草,1,20800,1,2,23268,0,5,10,0,2,0,0,0,0,0,80106,800106,0,3
5420,3,8,0,0,11202,,0.3,1.5,1, ,ETT_Title_000455,ETT_Name_000455,,一升残留水,1,20800,1,2,23269,0,5,10,0,2,0,0,0,0,0,80109,800109,0,3
5421,3,8,0,0,12003,,0.3,1,1, ,ETT_Title_000456,ETT_Name_000456,,结实的树,1,20800,1,2,23270,0,5,10,0,2,0,0,0,0,0,80114,800114,0,3
5422,3,8,0,0,11003,,0.3,1.5,1, ,ETT_Title_000457,ETT_Name_000457,,基岩石,1,20800,1,2,23271,0,5,10,0,2,0,0,0,0,0,80117,800117,0,3
5423,3,8,0,0,12017,,0.3,2,1.5, ,ETT_Title_000458,ETT_Name_000458,,修理工具袋,1,20800,1,2,23272,0,5,10,0,2,0,0,0,0,0,80123,800123,0,3
5424,3,8,0,0,12002,,0.3,3,1, ,ETT_Title_000459,ETT_Name_000459,,僵硬的箱,1,20800,1,2,23273,0,5,10,0,2,0,0,0,0,0,80128,800128,0,3
5425,3,8,0,0,11100,,0.3,1.5,1, ,ETT_Title_000460,ETT_Name_000460,,结实草,1,20800,1,2,23274,0,5,10,0,2,0,0,0,0,0,80130,800130,0,3
5426,3,8,0,0,11001,,0.3,2,2, ,ETT_Title_000461,ETT_Name_000461,,太阳水晶,1,20800,1,2,23275,0,5,10,0,2,0,0,0,0,0,80137,800137,0,3
5427,3,8,0,0,11002,,0.3,1.5,1, ,ETT_Title_000462,ETT_Name_000462,,魔焰石,1,20800,1,2,23276,0,5,10,0,2,0,0,0,0,0,80138,800138,0,3
5428,3,8,0,0,11101,,0.3,1.5,1, ,ETT_Title_000463,ETT_Name_000463,,结实草,1,20800,1,2,23277,0,5,10,0,2,0,0,0,0,0,80143,800143,0,3
5429,3,8,0,0,11102,,0.3,1.5,1, ,ETT_Title_000464,ETT_Name_000464,,黄草,1,20800,1,2,23278,0,5,10,0,2,0,0,0,0,0,80145,800145,0,3
5430,3,8,0,0,11103,,0.3,1.5,1, ,ETT_Title_000465,ETT_Name_000465,,刻薄草,1,20800,1,2,23279,0,5,10,0,2,0,0,0,0,0,80154,800154,0,3
5431,3,8,0,0,11104,,0.3,1.5,1, ,ETT_Title_000466,ETT_Name_000466,,亿万草,1,20800,1,2,23280,0,5,10,0,2,0,0,0,0,0,80157,800157,0,3
5432,3,8,0,0,11003,,0.3,1.5,1, ,ETT_Title_000467,ETT_Name_000467,,云水晶,1,20800,1,2,23281,0,5,10,0,2,0,0,0,0,0,80160,800160,0,3
5433,3,8,0,0,11002,,0.3,1.5,1, ,ETT_Title_000468,ETT_Name_000468,,佳林水晶,1,20800,1,2,23282,0,5,10,0,2,0,0,0,0,0,80165,800165,0,3
5434,3,8,0,0,11100,,0.3,1.5,1, ,ETT_Title_000469,ETT_Name_000469,,高阳草,1,20800,1,2,23283,0,5,10,0,2,0,0,0,0,0,80167,800167,0,3
5435,3,8,0,0,12002,,0.3,1.5,1, ,ETT_Title_000470,ETT_Name_000470,,贵重物品箱,1,20800,1,2,23284,0,5,10,0,2,0,0,0,0,0,80169,800169,0,3
5436,3,8,0,0,12002,,0.3,2.5,2,外形制作需要,ETT_Title_000471,ETT_Name_000471,,戴穆里申铠甲,1,20800,1,2,23285,0,5,10,0,2,0,0,0,0,0,80173,800173,0,3
5437,3,8,0,0,12017,,0.3,1.5,1, ,ETT_Title_000472,ETT_Name_000472,,旧袋,1,20800,1,2,23286,0,5,10,0,2,0,0,0,0,0,80180,800180,0,3
5438,3,8,0,0,12017,,0.3,1,1, ,ETT_Title_000473,ETT_Name_000473,,古老的口袋,1,20800,1,2,23287,0,5,10,0,2,0,0,0,0,0,80180,801180,0,3
5439,3,8,0,0,12017,,0.3,4,1, ,ETT_Title_000474,ETT_Name_000474,,缭有窟窿的口袋,1,20800,1,2,23288,0,5,10,0,2,0,0,0,0,0,80180,802180,0,3
5440,3,8,0,0,12003,,0.3,1.5,1, ,ETT_Title_000475,ETT_Name_000475,,绿网树,1,20800,1,2,23289,0,5,10,0,2,0,0,0,0,0,80182,800182,0,3
5441,3,8,0,0,11004,,0.3,1.5,1, ,ETT_Title_000476,ETT_Name_000476,,魔杖水晶,1,20800,1,2,23290,0,5,10,0,2,0,0,0,0,0,80185,800185,0,3
5442,3,8,0,0,11004,,0.3,1.5,1,外形制作需要,ETT_Title_000477,ETT_Name_000477,,黄昏的圣物,1,20800,1,2,23291,0,5,10,0,2,0,0,0,0,0,80190,800190,0,3
5443,3,8,0,0,12002,,0.3,1.5,1, ,ETT_Title_000478,ETT_Name_000478,,日落箱,1,20800,1,2,23292,0,5,10,0,2,0,0,0,0,0,80192,800192,0,3
5444,3,8,0,0,11101,,0.3,1.5,1, ,ETT_Title_000479,ETT_Name_000479,,指引草,1,20800,1,2,23293,0,5,10,0,2,0,0,0,0,0,80196,800196,0,3
5445,3,8,0,0,12017,,0.3,3,1, ,ETT_Title_000480,ETT_Name_000480,,日落皮囊,1,20800,1,2,23294,0,5,10,0,2,0,0,0,0,0,80200,800200,0,3
20001,3,1,0,0,11000,,0.5,2,0.7,矿物,ETT_Title_000481,ETT_Name_000481,,铜矿脉,1,20100,1,1,30000,2,36,40,48,2,0,0,0,0,0,0,0,0,3
20002,3,1,0,0,11003,,0.5,2,0.7,矿物,ETT_Title_000482,ETT_Name_000482,,锌矿脉,1,20100,5,1,30001,2,40,44,196,2,0,0,0,0,0,0,0,0,3
20003,3,1,0,0,11002,,0.5,2,0.7,矿物,ETT_Title_000483,ETT_Name_000483,,锡矿脉,1,20100,10,1,30002,2,45,50,394,2,0,0,0,0,0,0,0,0,3
20004,3,1,0,0,11001,,0.5,2,0.7,矿物,ETT_Title_000484,ETT_Name_000484,,铁矿脉,1,20100,15,1,30003,2,50,55,592,2,0,0,0,0,0,0,0,0,3
20005,3,1,0,0,11014,,0.5,2,0.7,矿物,ETT_Title_000485,ETT_Name_000485,,铬铁石矿脉,1,20100,20,1,30004,2,55,61,790,2,0,0,0,0,0,0,0,0,3
20006,3,1,0,0,11005,,0.5,2,0.7,矿物,ETT_Title_000486,ETT_Name_000486,,黑铁矿脉,1,20100,25,1,30005,2,60,66,988,2,0,0,0,0,0,0,0,0,3
20007,3,1,0,0,11006,,0.5,2,0.7,矿物,ETT_Title_000487,ETT_Name_000487,,米勒拉特矿脉,1,20100,30,1,30006,2,65,72,1186,2,0,0,0,0,0,0,0,0,3
20008,3,1,0,0,11000,,0.5,2,0.7,矿物,ETT_Title_000488,ETT_Name_000488,,钼矿脉,1,20100,35,1,30007,2,70,77,1384,2,0,0,0,0,0,0,0,0,3
20009,3,1,0,0,11000,,0.5,2,0.7,矿物,ETT_Title_000489,ETT_Name_000489,,金矿脉,1,20100,40,1,30008,2,75,83,1582,2,0,0,0,0,0,0,0,0,3
20010,3,1,0,0,11000,,0.5,2,0.7,矿物,ETT_Title_000490,ETT_Name_000490,,白金矿脉,1,20100,45,1,30009,2,80,88,1780,2,0,0,0,0,0,0,0,0,3
20011,3,1,0,0,11000,,0.5,2,0.7,矿物,ETT_Title_000491,ETT_Name_000491,,锰矿脉,1,20100,50,1,30010,2,85,94,1978,2,0,0,0,0,0,0,0,0,3
20012,3,1,0,0,11000,,0.5,2,0.7,矿物,ETT_Title_000492,ETT_Name_000492,,心魂石矿脉,1,20100,55,1,30011,2,85,94,2176,2,0,0,0,0,0,0,0,0,3
20013,3,1,0,0,11000,,0.5,2,0.7,矿物,ETT_Title_000493,ETT_Name_000493,,秘银矿脉,1,20100,60,1,30012,2,85,94,2374,2,0,0,0,0,0,0,0,0,3
20014,3,1,0,0,11000,,0.5,2,0.7,矿物,ETT_Title_000494,ETT_Name_000494,,钯矿脉,1,20100,65,1,30013,2,85,94,2572,2,0,0,0,0,0,0,0,0,3
20015,3,1,0,0,11000,,0.5,2,0.7,矿物,ETT_Title_000495,ETT_Name_000495,,钴矿脉,1,20100,70,1,30014,2,85,94,2770,2,0,0,0,0,0,0,0,0,3
20016,3,1,0,0,11000,,0.5,2,0.7,矿物,ETT_Title_000496,ETT_Name_000496,,钛矿脉,1,20100,50,1,30015,2,85,94,1978,2,0,0,0,0,0,0,0,0,3
20017,3,1,0,0,11000,,0.5,2,0.7,矿物,ETT_Title_000497,ETT_Name_000497,,欧丽卡奎姆矿脉,1,20100,50,1,30016,2,85,94,1978,2,0,0,0,0,0,0,0,0,3
20018,3,1,0,0,11000,,0.5,2,0.7,矿物,ETT_Title_000498,ETT_Name_000498,,艾姆普赛特矿脉,1,20100,50,1,30017,2,85,94,1978,2,0,0,0,0,0,0,0,0,3
20019,3,1,0,0,11000,,0.5,2,0.7,矿物,ETT_Title_000499,ETT_Name_000499,,韦伯杰尼乌姆矿脉,1,20100,50,1,30018,2,85,94,1978,2,0,0,0,0,0,0,0,0,3
20020,3,1,0,0,11000,,0.5,2,0.7,矿物,ETT_Title_000500,ETT_Name_000500,,阿尔登塔伊特矿脉,1,20100,50,1,30019,2,85,94,1978,2,0,0,0,0,0,0,0,0,3
20021,3,1,0,0,11000,,0.5,2,0.7,矿物,ETT_Title_000501,ETT_Name_000501,,天青石矿脉,1,20100,50,1,30020,2,85,94,1978,2,0,0,0,0,0,0,0,0,3
20022,3,1,0,0,11000,,0.5,2,0.7,矿物,ETT_Title_000502,ETT_Name_000502,,阿尔莱塞莱特矿脉,1,20100,50,1,30021,2,85,94,1978,2,0,0,0,0,0,0,0,0,3
20023,3,1,0,0,11000,,0.5,2,0.7,矿物,ETT_Title_000503,ETT_Name_000503,,斯比利缇乌姆矿脉,1,20100,50,1,30022,2,85,94,1978,2,0,0,0,0,0,0,0,0,3
30001,3,2,0,0,11100,,0.3,1.5,1,植物,ETT_Title_000504,ETT_Name_000504,,恩特的眼泪,1,20200,1,1,31000,2,31,34,83,2,0,0,0,0,0,0,0,0,3
30002,3,2,0,0,11101,,0.3,2.5,1,植物,ETT_Title_000505,ETT_Name_000505,,藤萝花树,1,20200,8,1,31001,2,38,42,383,2,0,0,0,0,0,0,0,0,3
30003,3,2,0,0,11102,,0.3,1.5,1,植物,ETT_Title_000506,ETT_Name_000506,,露珠草,1,20200,15,1,31002,2,45,50,683,2,0,0,0,0,0,0,0,0,3
30004,3,2,0,0,11104,,0.3,1.5,1,植物,ETT_Title_000507,ETT_Name_000507,,幽灵荆棘树,1,20200,22,1,31003,2,52,57,983,2,0,0,0,0,0,0,0,0,3
30005,3,2,0,0,11103,,0.3,1.5,1,植物,ETT_Title_000508,ETT_Name_000508,,月钟,1,20200,29,1,31004,2,59,65,1283,2,0,0,0,0,0,0,0,0,3
30006,3,2,0,0,11106,,0.3,2.5,1,植物,ETT_Title_000509,ETT_Name_000509,,孤胆树,1,20200,36,1,31005,2,66,73,1583,2,0,0,0,0,0,0,0,0,3
30007,3,2,0,0,11105,,0.3,1.5,1,植物,ETT_Title_000510,ETT_Name_000510,,五香草,1,20200,43,1,31006,2,73,81,1883,2,0,0,0,0,0,0,0,0,3
30008,3,2,0,0,11109,,0.3,1.5,1,植物,ETT_Title_000511,ETT_Name_000511,,冰上荆棘树,1,20200,50,1,31007,2,80,88,2183,2,0,0,0,0,0,0,0,0,3
40001,3,3,0,0,11200,,0.3,1.5,1,艾戴尔,ETT_Title_000512,ETT_Name_000512,,艾戴尔残留物,1,20300,1,1,32000,2,21,23,50,2,0,0,0,0,0,0,0,0,3
40002,3,3,0,0,11201,,0.3,1.5,1,艾戴尔,ETT_Title_000513,ETT_Name_000513,,朦胧之水艾戴尔,1,20300,3,1,32001,2,23,26,160,2,0,0,0,0,0,0,0,0,3
40003,3,3,0,0,11204,,0.3,1.5,1,艾戴尔,ETT_Title_000514,ETT_Name_000514,,朦胧之大地艾戴尔,1,20300,6,1,32002,2,26,29,280,2,0,0,0,0,0,0,0,0,3
40004,3,3,0,0,11202,,0.3,1.5,1,艾戴尔,ETT_Title_000515,ETT_Name_000515,,朦胧之风艾戴尔,1,20300,9,1,32003,2,29,32,400,2,0,0,0,0,0,0,0,0,3
40005,3,3,0,0,11203,,0.3,1.5,1,艾戴尔,ETT_Title_000516,ETT_Name_000516,,朦胧之火艾戴尔,1,20300,12,1,32004,2,32,35,520,2,0,0,0,0,0,0,0,0,3
40006,3,3,0,0,11207,,0.3,1.5,1,艾戴尔,ETT_Title_000517,ETT_Name_000517,,纯净之水艾戴尔,1,20300,15,1,32005,2,35,39,640,2,0,0,0,0,0,0,0,0,3
40007,3,3,0,0,11210,,0.3,1.5,1,艾戴尔,ETT_Title_000518,ETT_Name_000518,,纯净之大地艾戴尔,1,20300,20,1,32006,2,40,44,760,2,0,0,0,0,0,0,0,0,3
40008,3,3,0,0,11208,,0.3,1.5,1,艾戴尔,ETT_Title_000519,ETT_Name_000519,,纯净之风艾戴尔,1,20300,25,1,32007,2,45,50,880,2,0,0,0,0,0,0,0,0,3
40009,3,3,0,0,11209,,0.3,1.5,1,艾戴尔,ETT_Title_000520,ETT_Name_000520,,纯净之火艾戴尔,1,20300,30,1,32008,2,50,55,1000,2,0,0,0,0,0,0,0,0,3
40010,3,3,0,0,11200,,0.3,1.5,1,艾戴尔,ETT_Title_000521,ETT_Name_000521,,浓水艾戴尔,1,20300,35,1,32009,2,55,61,1120,2,0,0,0,0,0,0,0,0,3
40011,3,3,0,0,11200,,0.3,1.5,1,艾戴尔,ETT_Title_000522,ETT_Name_000522,,浓大地艾戴尔,1,20300,40,1,32010,2,60,66,1240,2,0,0,0,0,0,0,0,0,3
40012,3,3,0,0,11200,,0.3,1.5,1,艾戴尔,ETT_Title_000523,ETT_Name_000523,,浓风艾戴尔,1,20300,45,1,32011,2,65,72,1360,2,0,0,0,0,0,0,0,0,3
40013,3,3,0,0,11200,,0.3,1.5,1,艾戴尔,ETT_Title_000524,ETT_Name_000524,,浓火艾戴尔,1,20300,50,1,32012,2,70,77,1480,2,0,0,0,0,0,0,0,0,3
40014,3,3,0,0,11200,,0.3,1.5,1,艾戴尔,ETT_Title_000525,ETT_Name_000525,,鲜明的水艾戴尔,1,20300,55,1,32013,2,70,77,1600,2,0,0,0,0,0,0,0,0,3
40015,3,3,0,0,11200,,0.3,1.5,1,艾戴尔,ETT_Title_000526,ETT_Name_000526,,鲜明的大地艾戴尔,1,20300,60,1,32014,2,70,77,1720,2,0,0,0,0,0,0,0,0,3
40016,3,3,0,0,11200,,0.3,1.5,1,艾戴尔,ETT_Title_000527,ETT_Name_000527,,鲜明的风艾戴尔,1,20300,65,1,32015,2,70,77,1840,2,0,0,0,0,0,0,0,0,3
40017,3,3,0,0,11200,,0.3,1.5,1,艾戴尔,ETT_Title_000528,ETT_Name_000528,,鲜明的火上电视,1,20300,70,1,32016,2,70,77,1960,2,0,0,0,0,0,0,0,0,3
40018,3,3,0,0,11200,,0.3,1.5,1,艾戴尔,ETT_Title_000529,ETT_Name_000529,,浓厚的水艾戴尔,1,20300,50,1,32017,2,70,77,1480,2,0,0,0,0,0,0,0,0,3
40019,3,3,0,0,11200,,0.3,1.5,1,艾戴尔,ETT_Title_000530,ETT_Name_000530,,浓厚的大地艾戴尔,1,20300,50,1,32018,2,70,77,1480,2,0,0,0,0,0,0,0,0,3
40020,3,3,0,0,11200,,0.3,1.5,1,艾戴尔,ETT_Title_000531,ETT_Name_000531,,浓厚的风艾戴尔,1,20300,50,1,32019,2,70,77,1480,2,0,0,0,0,0,0,0,0,3
40021,3,3,0,0,11200,,0.3,1.5,1,艾戴尔,ETT_Title_000532,ETT_Name_000532,,浓厚的后艾戴尔,1,20300,50,1,32020,2,70,77,1480,2,0,0,0,0,0,0,0,0,3
100001,3,9,0,0,10006,,1,12,1,圣物占领战,ETT_Title_000533,ETT_Name_000533,,火的圣物,7,20900,1,0,0,0,0,0,0,3,0,0,0,0,0,0,0,0,6
100002,3,9,1,0,10006,,1,12,1,圣物占领战,ETT_Title_000534,ETT_Name_000534,,水的圣物,7,20901,1,0,0,0,0,0,0,3,0,0,0,0,0,0,0,0,6
100003,3,9,2,0,10006,,1,12,1,圣物占领战,ETT_Title_000535,ETT_Name_000535,,地的圣物,7,20902,1,0,0,0,0,0,0,3,0,0,0,0,0,0,0,0,6
100004,3,9,0,0,10005,,2.5,12,2,攻城战/守城战,ETT_Title_000536,ETT_Name_000536,,勇猛的声调,7,20900,1,0,0,0,0,0,0,4,0,0,0,0,0,0,0,0,6
100005,3,9,1,0,10005,,2.5,12,2,攻城战/守城战,ETT_Title_000537,ETT_Name_000537,,意志的声调,7,20901,1,0,0,0,0,0,0,4,0,0,0,0,0,0,0,0,6
100006,3,9,2,0,10005,,2.5,12,2,攻城战/守城战,ETT_Title_000538,ETT_Name_000538,,智慧的声调,7,20902,1,0,0,0,0,0,0,4,0,0,0,0,0,0,0,0,6
100007,3,9,3,0,10006,,1,12,1,圣物占领战,ETT_Title_000539,ETT_Name_000539,,风的圣物,7,20903,1,0,0,0,0,0,0,3,0,0,0,0,0,0,0,0,6
100008,3,9,4,0,10006,,1,12,1,圣物占领战,ETT_Title_000540,ETT_Name_000540,,灵魂的圣物,7,20904,1,0,0,0,0,0,0,3,0,0,0,0,0,0,0,0,6
100009,3,5,0,0,10007,,2,8.5,1,圣物破坏站,ETT_Title_000541,ETT_Name_000541,,上层圣物入口空间跳跃装置,7,11820,50,0,0,0,0,0,0,0,0,0,0,0,0,-1,-1,0,6
100010,3,5,0,0,10007,,2,8.5,1,圣物破坏站,ETT_Title_000542,ETT_Name_000542,,上层圣物入口空间跳跃装置,7,11820,50,0,0,0,0,0,0,0,0,0,0,0,0,-1,-1,0,6
100011,3,5,0,0,10007,,2,8.5,1,圣物破坏站,ETT_Title_000543,ETT_Name_000543,,瀑布入口空间跳跃装置,7,11820,50,0,0,0,0,0,0,0,0,0,0,0,0,-1,-1,0,6
100012,3,5,0,0,10007,,2,8.5,1,圣物占领战,ETT_Title_000544,ETT_Name_000544,,荒芜地平原入口空间跳跃装置,7,11820,50,0,0,0,0,0,0,0,0,0,0,0,0,-1,-1,0,6
100013,3,5,0,0,10007,,2,8.5,1,大规模阵营战,ETT_Title_000545,ETT_Name_000545,,戴穆里申山坡入口空间跳跃装置,7,11820,50,0,0,0,0,0,0,0,0,0,0,0,0,-1,-1,0,6
100014,3,5,0,0,10007,,2,8.5,1,大规模阵营战,ETT_Title_000546,ETT_Name_000546,,艾林河山坡入口空间跳跃装置,7,11820,50,0,0,0,0,0,0,0,0,0,0,0,0,-1,-1,0,6
100015,3,5,0,0,10007,,2,8.5,1,暗杀战,ETT_Title_000547,ETT_Name_000547,,空间跳跃装置A,7,11820,50,0,0,0,0,0,0,0,0,0,0,0,0,-1,-1,0,6
100016,3,5,0,0,10007,,2,8.5,1,暗杀战,ETT_Title_000548,ETT_Name_000548,,空间跳跃装置B,7,11820,50,0,0,0,0,0,0,0,0,0,0,0,0,-1,-1,0,6
100017,3,9,0,0,10019,,1.5,12,1,霸王结晶战,ETT_Title_000549,ETT_Name_000549,,光荣的象征,7,20999,50,0,0,0,0,0,0,8,0,0,0,0,0,0,0,0,6
101000,3,4,0,0,10003,,0.5,8.5,2,斯蒂尔普瑞斯,ETT_Title_000550,ETT_Name_000550,大都市,斯蒂尔普瑞斯空间跳跃装置,7,20400,50,0,0,0,0,0,0,0,0,0,0,0,0,0,0,0,6
101001,3,4,0,0,10003,,0.5,8.5,2,绿色草地,ETT_Title_000551,ETT_Name_000551,绿色草原,尖塔村庄空间跳跃装置,7,20400,50,0,0,0,0,0,0,0,0,0,0,0,0,0,0,0,6
101002,3,4,0,0,10003,,0.5,8.5,2,微风平原,ETT_Title_000552,ETT_Name_000552,绿色草原,难民村庄空间跳跃装置,7,20400,50,0,0,0,0,0,0,0,0,0,0,0,0,0,0,0,6
101003,3,4,0,0,10003,,0.5,8.5,2,棕色峡谷,ETT_Title_000553,ETT_Name_000553,绿色草原,瀑布村庄空间跳跃装置,7,20400,50,0,0,0,0,0,0,0,0,0,0,0,0,0,0,0,6
101004,3,4,0,0,10003,,0.5,8.5,2,污浊之地,ETT_Title_000554,ETT_Name_000554,绿色草原,柱子之村空间跳跃装置,7,20400,50,0,0,0,0,0,0,0,0,0,0,0,0,0,0,0,6
101005,3,4,0,0,10003,,0.5,8.5,2,被遗忘之地,ETT_Title_000555,ETT_Name_000555,绿色草原,绿色军团驻地空间跳跃装置,7,20400,50,0,0,0,0,0,0,0,0,0,0,0,0,0,0,0,6
101006,3,4,0,0,10003,,0.5,8.5,2,贫瘠的荒野,ETT_Title_000556,ETT_Name_000556,红岩荒芜地,红岩军团第二侦察队空间跳跃装置,7,20400,50,0,0,0,0,0,0,0,0,0,0,0,0,0,0,0,6
101007,3,4,0,0,10003,,0.5,8.5,2,红风之谷,ETT_Title_000557,ETT_Name_000557,红岩荒芜地,矿山村庄克里特空间跳跃装置,7,20400,50,0,0,0,0,0,0,0,0,0,0,0,0,0,0,0,6
101008,3,4,0,0,10003,,0.5,8.5,2,旋风之谷,ETT_Title_000558,ETT_Name_000558,红岩荒芜地,红岩军团临时要塞空间跳跃装置,7,20400,50,0,0,0,0,0,0,0,0,0,0,0,0,0,0,0,6
101009,3,4,0,0,10003,,0.5,8.5,2,烈士峡谷,ETT_Title_000559,ETT_Name_000559,红岩荒芜地,红岩军团要塞空间跳跃装置,7,20400,50,0,0,0,0,0,0,0,0,0,0,0,0,0,0,0,6
101010,3,5,0,0,10007,,2,8.5,1,大城市西门入口,ETT_Title_000560,ETT_Name_000560,大城市,斯蒂尔普瑞斯西门入口空间跳跃装置,7,20400,50,0,0,0,0,0,0,0,0,0,0,0,0,-1,-1,0,6
101011,3,5,0,0,10007,,2,8.5,1,大城市西门出口,ETT_Title_000561,ETT_Name_000561,大城市,斯蒂尔普瑞斯西门出口空间跳跃装置,7,20400,50,0,0,0,0,0,0,0,0,0,0,0,0,-1,-1,0,6
101012,3,5,0,0,10007,,2,8.5,1,大城市南门口,ETT_Title_000562,ETT_Name_000562,大城市,斯蒂尔普瑞斯南门入口空间跳跃装置,7,20400,50,0,0,0,0,0,0,0,0,0,0,0,0,-1,-1,0,6
101013,3,5,0,0,10007,,2,8.5,1,大城市的南大门。,ETT_Title_000563,ETT_Name_000563,大城市,斯蒂尔普瑞斯南门出口空间跳跃装置,7,20400,50,0,0,0,0,0,0,0,0,0,0,0,0,-1,-1,0,6
101014,3,4,0,0,10003,,0.5,8.5,2,被遗忘的村庄,ETT_Title_000564,ETT_Name_000564,被遗忘的大地,被遗忘的村庄空间跳跃装置,7,20400,50,0,0,0,0,0,0,0,0,0,0,0,0,0,0,0,6
101015,3,4,0,0,10003,,0.5,8.5,2,莫斯罗姆野营地,ETT_Title_000565,ETT_Name_000565,被遗忘的大地,莫斯罗姆野营地空间跳跃装置,7,20400,50,0,0,0,0,0,0,0,0,0,0,0,0,0,0,0,6
101016,3,4,0,0,10003,,0.5,8.5,2,霍乱村庄,ETT_Title_000566,ETT_Name_000566,被遗忘的大地,兰希尔村庄空间跳跃装置,7,20400,50,0,0,0,0,0,0,0,0,0,0,0,0,0,0,0,6
101017,3,4,0,0,10003,,0.5,8.5,2,伦蒂亚野营地,ETT_Title_000567,ETT_Name_000567,被遗忘的大地,伦蒂亚野营地空间跳跃装置,7,20400,50,0,0,0,0,0,0,0,0,0,0,0,0,0,0,0,6
101018,3,4,0,0,10003,,0.5,8.5,2,隐退者村庄,ETT_Title_000568,ETT_Name_000568,被遗忘的大地,隐退者村庄空间跳跃装置,7,20400,50,0,0,0,0,0,0,0,0,0,0,0,0,0,0,0,6
101019,3,4,0,0,10003,,0.5,8.5,2,风之溪谷交易所,ETT_Title_000569,ETT_Name_000569,愤怒的山脉,风之谷交易所空间跳跃装置,7,20400,50,0,0,0,0,0,0,0,0,0,0,0,0,0,0,0,6
101020,3,4,0,0,10003,,0.5,8.5,2,山脉商人营地,ETT_Title_000570,ETT_Name_000570,愤怒的山脉,山脉商人基地空间跳跃装置,7,20400,50,0,0,0,0,0,0,0,0,0,0,0,0,0,0,0,6
101021,3,4,0,0,10003,,0.5,8.5,2,术士软禁村,ETT_Title_000571,ETT_Name_000571,愤怒的山脉,术士软禁村空间跳跃装置,7,20400,50,0,0,0,0,0,0,0,0,0,0,0,0,0,0,0,6
101022,3,4,0,0,10003,,0.5,8.5,2,山脉勘察队禁地,ETT_Title_000572,ETT_Name_000572,愤怒的山脉,山脉勘察队禁地空间跳跃装置,7,20400,50,0,0,0,0,0,0,0,0,0,0,0,0,0,0,0,6
101023,3,4,0,0,10003,,0.5,8.5,2,莱奥哈特要塞,ETT_Title_000573,ETT_Name_000573,拜德大地,莱奥恩哈特要塞空间跳跃装置,7,20400,50,0,0,0,0,0,0,0,0,0,0,0,0,0,0,0,6
101024,3,4,0,0,10003,,0.5,8.5,2,纳斯汀野营地,ETT_Title_000574,ETT_Name_000574,拜德大地,纳斯汀野营地空间跳跃装置,7,20400,50,0,0,0,0,0,0,0,0,0,0,0,0,0,0,0,6
101025,3,4,0,0,10003,,0.5,8.5,2,真实之光寺院,ETT_Title_000575,ETT_Name_000575,拜德大地,真实之光寺院空间跳跃装置,7,20400,50,0,0,0,0,0,0,0,0,0,0,0,0,0,0,0,6
101026,3,4,0,0,10003,,0.5,8.5,2,莱纳野营地,ETT_Title_000576,ETT_Name_000576,拜德大地,莱纳野营地空间跳跃装置,7,20400,50,0,0,0,0,0,0,0,0,0,0,0,0,0,0,0,6
101027,3,4,0,0,10003,,0.5,8.5,2,希望之光要塞,ETT_Title_000577,ETT_Name_000577,拜德大地,希望之光要塞空间跳跃装置,7,20400,50,0,0,0,0,0,0,0,0,0,0,0,0,0,0,0,6
101028,3,5,0,0,10007,,2,8.5,1,大城市东门入口,ETT_Title_000578,ETT_Name_000578,大城市,斯蒂尔普瑞斯东门入口空间跳跃装置,7,20400,50,0,0,0,0,0,0,0,0,0,0,0,0,-1,-1,0,6
101029,3,5,0,0,10007,,2,8.5,1,大城市东门出口,ETT_Title_000579,ETT_Name_000579,大城市,斯蒂尔普瑞斯东门出口空间跳跃装置,7,20400,50,0,0,0,0,0,0,0,0,0,0,0,0,-1,-1,0,6
101030,3,4,0,0,10003,,0.5,8.5,2,龙之复仇者新手村,ETT_Title_000580,ETT_Name_000580,平静的岛,平静的村庄空间跳跃装置,7,20400,50,0,0,0,0,0,0,0,0,0,0,0,0,0,0,0,6
101031,3,4,0,0,10003,,0.5,8.5,2,星屑大地,ETT_Title_000581,ETT_Name_000581,星屑大地,艾林河野营地空间跳跃装置,7,20400,50,0,0,0,0,0,0,0,0,0,0,0,0,0,0,0,6
101032,3,5,0,0,10007,,2,8.5,1,星屑大地,ETT_Title_000582,ETT_Name_000582,拜德大地,克莱里奥斯空间跳跃装置,7,20400,50,0,0,0,0,0,0,0,0,0,0,0,0,-1,-1,0,6
101033,3,4,0,0,10003,,0.5,8.5,2,沉默的村庄,,,平静的岛,沉默村庄空间跳跃装置,7,20400,50,0,0,0,0,0,0,0,0,0,0,0,0,0,0,0,6
101100,3,4,0,0,10001,,0.5,7,2,班迪路娜,ETT_Title_000583,ETT_Name_000583,大城市,班迪路娜空间跳跃装置,7,20400,50,0,0,0,0,0,0,0,0,0,0,0,0,0,0,0,6
101101,3,4,0,0,10001,,0.5,7,2,肥沃的大地,ETT_Title_000584,ETT_Name_000584,绿色的森林,树林村庄空间跳跃装置,7,20400,50,0,0,0,0,0,0,0,0,0,0,0,0,0,0,0,6
101102,3,4,0,0,10001,,0.5,7,2,藤蔓丛,ETT_Title_000585,ETT_Name_000585,绿色的森林,藤蔓研究所空间跳跃装置,7,20400,50,0,0,0,0,0,0,0,0,0,0,0,0,0,0,0,6
101103,3,4,0,0,10001,,0.5,7,2,悲伤沼泽,ETT_Title_000586,ETT_Name_000586,绿色的森林,沼泽野营地空间跳跃装置,7,20400,50,0,0,0,0,0,0,0,0,0,0,0,0,0,0,0,6
101104,3,4,0,0,10001,,0.5,7,2,深渊湖水,ETT_Title_000587,ETT_Name_000587,绿色的森林,天浪基地空间跳跃装置,7,20400,50,0,0,0,0,0,0,0,0,0,0,0,0,0,0,0,6
101105,3,4,0,0,10001,,0.5,7,2,神圣的盆地,ETT_Title_000588,ETT_Name_000588,绿色的森林,监察队驻扎地空间跳跃装置,7,20400,50,0,0,0,0,0,0,0,0,0,0,0,0,0,0,0,6
101106,3,4,0,0,10001,,0.5,7,2,冻结的江,ETT_Title_000589,ETT_Name_000589,结冰的乐园,奥金尼村庄空间跳跃装置,7,20400,50,0,0,0,0,0,0,0,0,0,0,0,0,0,0,0,6
101107,3,4,0,0,10001,,0.5,7,2,寒风平原,ETT_Title_000590,ETT_Name_000590,结冰的乐园,寒风村庄空间跳跃装置,7,20400,50,0,0,0,0,0,0,0,0,0,0,0,0,0,0,0,6
101108,3,4,0,0,10001,,0.5,7,2,寒霜湖水,ETT_Title_000591,ETT_Name_000591,结冰的乐园,冷镜子村庄空间跳跃装置,7,20400,50,0,0,0,0,0,0,0,0,0,0,0,0,0,0,0,6
101109,3,4,0,0,10001,,0.5,7,2,冰封峡谷,ETT_Title_000592,ETT_Name_000592,结冰的乐园,冰封村庄空间跳跃装置,7,20400,50,0,0,0,0,0,0,0,0,0,0,0,0,0,0,0,6
101110,3,5,0,0,10007,,2,7,1,大城市东门入口,ETT_Title_000593,ETT_Name_000593,大城市,班迪路娜东门入口空间跳跃装置,7,20400,50,0,0,0,0,0,0,0,0,0,0,0,0,-1,-1,0,6
101111,3,5,0,0,10007,,2,7,1,大城市东门出口,ETT_Title_000594,ETT_Name_000594,大城市,班迪路娜东门出口空间跳跃装置,7,20400,50,0,0,0,0,0,0,0,0,0,0,0,0,-1,-1,0,6
101112,3,5,0,0,10007,,2,7,1,大城市南门入口,ETT_Title_000595,ETT_Name_000595,大城市,班迪路娜南门入口空间跳跃装置,7,20400,50,0,0,0,0,0,0,0,0,0,0,0,0,-1,-1,0,6
101113,3,5,0,0,10007,,2,7,1,大城市南门出口,ETT_Title_000596,ETT_Name_000596,大城市,班迪路娜南门出口空间跳跃装置,7,20400,50,0,0,0,0,0,0,0,0,0,0,0,0,-1,-1,0,6
101114,3,4,0,0,10001,,0.5,7,2,月光村庄,ETT_Title_000597,ETT_Name_000597,没落的月光平原,月光村庄空间跳跃装置,7,20400,50,0,0,0,0,0,0,0,0,0,0,0,0,0,0,0,6
101115,3,4,0,0,10001,,0.5,7,2,派遣军临时营地,ETT_Title_000598,ETT_Name_000598,没落的月光平原,派遣军临时基地空间跳跃装置,7,20400,50,0,0,0,0,0,0,0,0,0,0,0,0,0,0,0,6
101116,3,4,0,0,10001,,0.5,7,2,农场村庄,ETT_Title_000599,ETT_Name_000599,没落的月光平原,农场村庄空间跳跃装置,7,20400,50,0,0,0,0,0,0,0,0,0,0,0,0,0,0,0,6
101117,3,4,0,0,10001,,0.5,7,2,派遣部队临时基地,ETT_Title_000600,ETT_Name_000600,没落的月光平原,派遣部队临时基地空间跳跃装置,7,20400,50,0,0,0,0,0,0,0,0,0,0,0,0,0,0,0,6
101118,3,4,0,0,10001,,0.5,7,2,派遣部队指挥本部,ETT_Title_000601,ETT_Name_000601,没落的月光平原,派遣部队指挥本部空间跳跃装置,7,20400,50,0,0,0,0,0,0,0,0,0,0,0,0,0,0,0,6
101119,3,4,0,0,10001,,0.5,7,2,水上村庄,ETT_Title_000602,ETT_Name_000602,战士们的土地,水上村庄空间跳跃装置,7,20400,50,0,0,0,0,0,0,0,0,0,0,0,0,0,0,0,6
101120,3,4,0,0,10001,,0.5,7,2,灵魂祭坛,ETT_Title_000603,ETT_Name_000603,战士们的土地,灵魂的祭坛空间跳跃装置,7,20400,50,0,0,0,0,0,0,0,0,0,0,0,0,0,0,0,6
101121,3,4,0,0,10001,,0.5,7,2,硫磺村庄,ETT_Title_000604,ETT_Name_000604,战士们的土地,硫磺村庄空间跳跃装置,7,20400,50,0,0,0,0,0,0,0,0,0,0,0,0,0,0,0,6
101122,3,4,0,0,10001,,0.5,7,2,戴穆里申讨伐队据点,ETT_Title_000605,ETT_Name_000605,战士们的土地,戴穆里申讨伐队据点空间跳跃装置,7,20400,50,0,0,0,0,0,0,0,0,0,0,0,0,0,0,0,6
101127,3,4,0,0,10001,,0.5,8.5,2,飓风野营地,ETT_Title_000606,ETT_Name_000606,花园里的光,飓风野营地空间跳跃装置,7,20400,50,0,0,0,0,0,0,0,0,0,0,0,0,0,0,0,6
101128,3,4,0,0,10001,,0.5,8.5,2,札屋野营地,ETT_Title_000607,ETT_Name_000607,花园里的光,札屋野营地空间跳跃装置,7,20400,50,0,0,0,0,0,0,0,0,0,0,0,0,0,0,0,6
101129,3,4,0,0,10001,,0.5,8.5,2,肯塔伍露丝村庄,ETT_Title_000608,ETT_Name_000608,花园里的光,肯塔伍露丝村庄空间跳跃装置,7,20400,50,0,0,0,0,0,0,0,0,0,0,0,0,0,0,0,6
101130,3,4,0,0,10001,,0.5,8.5,2,绿和团,ETT_Title_000609,ETT_Name_000609,花园里的光,绿色和平团空间跳跃装置,7,20400,50,0,0,0,0,0,0,0,0,0,0,0,0,0,0,0,6
101131,3,4,0,0,10001,,0.5,8.5,2,古丽阿萨野营地,ETT_Title_000610,ETT_Name_000610,花园里的光,古丽阿萨野营地空间跳跃装置,7,20400,50,0,0,0,0,0,0,0,0,0,0,0,0,0,0,0,6
101132,3,5,0,0,10007,,2,7,1,大城市西门入口,ETT_Title_000611,ETT_Name_000611,大城市,班迪路娜西门入口空间跳跃装置,7,20400,50,0,0,0,0,0,0,0,0,0,0,0,0,-1,-1,0,6
101133,3,5,0,0,10007,,2,7,1,大城市西门出口,ETT_Title_000612,ETT_Name_000612,大城市,班迪路娜西门出口空间跳跃装置,7,20400,50,0,0,0,0,0,0,0,0,0,0,0,0,-1,-1,0,6
101134,3,4,0,0,10001,,0.5,7,2,精灵新手村,ETT_Title_000613,ETT_Name_000613,月光绞森林,塔莱村庄空间跳跃装置,7,20400,50,0,0,0,0,0,0,0,0,0,0,0,0,0,0,0,6
101135,3,4,0,0,10001,,0.5,7,2,星屑大地,ETT_Title_000614,ETT_Name_000614,星屑大地,戴穆里申野营地空间跳跃装置,7,20400,50,0,0,0,0,0,0,0,0,0,0,0,0,0,0,0,6
101136,3,5,0,0,10007,,2,7,1,星屑大地,ETT_Title_000615,ETT_Name_000615,花园里的光,殿堂之路空间跳跃装置,7,20400,50,0,0,0,0,0,0,0,0,0,0,0,0,-1,-1,0,6
101137,3,4,0,0,10001,,0.5,7,2,银河村庄,,,银河村,银河村庄空间跳跃装置,7,20400,50,0,0,0,0,0,0,0,0,0,0,0,0,0,0,0,6
101400,3,5,0,0,10007,,2,8.5,1,拜德大地，三扇区村A,ETT_Title_000616,ETT_Name_000616,,,1,0,50,0,0,0,0,0,0,0,0,0,0,0,0,-1,-1,0,6
101401,3,5,0,0,10007,,2,8.5,1,拜德大地，三扇区村B,ETT_Title_000617,ETT_Name_000617,,,1,0,50,0,0,0,0,0,0,0,0,0,0,0,0,-1,-1,0,6
101402,3,5,0,0,10007,,2,8.5,1,拜德大地-不,ETT_Title_000618,ETT_Name_000618,,,1,0,50,0,0,0,0,0,0,0,0,0,0,0,0,-1,-1,0,6
101403,3,5,0,0,10007,,2,8.5,1,拜德大地，用,ETT_Title_000619,ETT_Name_000619,,,1,0,50,0,0,0,0,0,0,0,0,0,0,0,0,-1,-1,0,6
101404,3,5,0,0,10007,,2,8.5,1,恶魔祭坛,ETT_Title_000620,ETT_Name_000620,,恐怖的寒冷入口空间跳跃装置,7,11820,50,0,0,0,0,0,0,0,0,0,0,0,0,-1,-1,0,6
101405,3,5,0,0,10007,,2,8.5,1,恶魔祭坛,ETT_Title_000621,ETT_Name_000621,,恐怖的龙入口,7,11820,50,0,0,0,0,0,0,0,0,0,0,0,0,-1,-1,0,6
101406,3,5,0,0,10007,,2,8.5,1,恶魔祭坛,ETT_Title_000622,ETT_Name_000622,,恐怖的龙上层入口空间跳跃装置,7,11820,50,0,0,0,0,0,0,0,0,0,0,0,0,-1,-1,0,6
101407,3,5,0,0,10007,,2,8.5,1,恶魔祭坛,ETT_Title_000623,ETT_Name_000623,,梦幻祭坛入口空间跳跃装置,7,11820,50,0,0,0,0,0,0,0,0,0,0,0,0,-1,-1,0,6
101408,3,5,0,0,10007,,2,8.5,1,龙的村庄,ETT_Title_000624,ETT_Name_000624,龙的村庄,平静岛入口空间跳跃装置,7,11820,50,0,0,0,0,0,0,0,0,0,0,0,0,-1,-1,0,6
101409,3,5,0,0,10007,,2,8.5,1,精灵村,ETT_Title_000625,ETT_Name_000625,月精灵村,月光森林入口空间跳跃装置,7,11820,50,0,0,0,0,0,0,0,0,0,0,0,0,-1,-1,0,6
101410,3,5,0,0,10007,,2,8.5,1,星屑大地（拜德大地）,ETT_Title_000626,ETT_Name_000626,冲突域,星屑大地入口空间跳跃装置,7,11820,50,0,0,0,0,0,0,0,0,0,0,0,0,-1,-1,0,6
101411,3,5,0,0,10007,,2,8.5,1,星屑大地,ETT_Title_000627,ETT_Name_000627,冲突域,艾林河哨所空间跳跃装置,7,11820,50,0,0,0,0,0,0,0,0,0,0,0,0,-1,-1,0,6
101412,3,5,0,0,10007,,2,8.5,1,星屑大地,ETT_Title_000628,ETT_Name_000628,冲突域,艾林河野营地空间跳跃装置,7,11820,50,0,0,0,0,0,0,0,0,0,0,0,0,-1,-1,0,6
101413,3,5,0,0,10007,,2,8.5,1,星屑大地,ETT_Title_000629,ETT_Name_000629,冲突域,戴穆里申哨所空间跳跃装置,7,11820,50,0,0,0,0,0,0,0,0,0,0,0,0,-1,-1,0,6
101414,3,5,0,0,10007,,2,8.5,1,星屑大地,ETT_Title_000630,ETT_Name_000630,冲突域,戴穆里申野营地空间跳跃装置,7,11820,50,0,0,0,0,0,0,0,0,0,0,0,0,-1,-1,0,6
102001,3,7,0,0,10000,,0.3,3,1,字段,ETT_Title_000631,ETT_Name_000631,,邮筒,1,20700,50,0,0,0,0,0,0,0,0,0,0,0,0,0,0,0,3
102002,3,7,0,0,10000,,0.3,3,1,大城市,ETT_Title_000632,ETT_Name_000632,,邮筒,5,20700,50,0,0,0,0,0,0,0,0,0,0,0,0,0,0,0,3
103001,3,10,0,0,10007,,0.5,7,1,高级,ETT_Title_000633,ETT_Name_000633,,洛坎实验室地下城,7,21000,10,0,0,0,0,0,0,0,0,0,0,0,0,0,0,1,3
103002,3,10,0,0,10007,,0.5,7,1,高级,ETT_Title_000634,ETT_Name_000634,,深渊神殿地下城,7,21000,20,0,0,0,0,0,0,0,0,0,0,0,0,0,0,2,3
103003,3,10,0,0,10007,,0.5,7,1,高级,ETT_Title_000635,ETT_Name_000635,,奎里奥德矿山地下城,7,21000,25,0,0,0,0,0,0,0,0,0,0,0,0,0,0,3,3
103004,3,10,0,0,10007,,0.5,7,1,高级,ETT_Title_000636,ETT_Name_000636,,火焰祭坛地下城,7,21000,30,0,0,0,0,0,0,0,0,0,0,0,0,0,0,4,3
103005,3,10,0,0,10007,,0.5,7,1,高级,ETT_Title_000637,ETT_Name_000637,,死者寺院地下城,7,21000,35,0,0,0,0,0,0,0,0,0,0,0,0,0,0,5,3
103006,3,10,0,0,10007,,0.5,7,1,高级,ETT_Title_000638,ETT_Name_000638,,阿罗汉的浮游城地下城,7,21000,40,0,0,0,0,0,0,0,0,0,0,0,0,0,0,6,3
103007,3,10,0,0,10007,,0.5,7,1,高级,ETT_Title_000639,ETT_Name_000639,,克拉伍德活体实验室地下城,7,21000,42,0,0,0,0,0,0,0,0,0,0,0,0,0,0,7,3
103008,3,10,0,0,10007,,0.5,7,1,高级,ETT_Title_000640,ETT_Name_000640,,火龙洞穴地下城,7,21000,45,0,0,0,0,0,0,0,0,0,0,0,0,0,0,8,3
103009,3,10,0,0,10007,,0.5,7,1,高级,ETT_Title_000641,ETT_Name_000641,,恶灵之谷地下城,7,21000,47,0,0,0,0,0,0,0,0,0,0,0,0,0,0,9,3
103010,3,10,0,0,10007,,0.5,7,1,高级,ETT_Title_000642,ETT_Name_000642,,黑暗要塞地下城,7,21000,50,0,0,0,0,0,0,0,0,0,0,0,0,0,0,10,3
103101,3,10,0,0,10007,,0.5,7,1,破坏,ETT_Title_000643,ETT_Name_000643,,弗里德米饲养场地下城,7,21000,10,0,0,0,0,0,0,0,0,0,0,0,0,0,0,1001,3
103102,3,10,0,0,10007,,0.5,7,1,破坏,ETT_Title_000644,ETT_Name_000644,,恩蒂温圣所地下城,7,21000,20,0,0,0,0,0,0,0,0,0,0,0,0,0,0,1002,3
103103,3,10,0,0,10007,,0.5,7,1,破坏,ETT_Title_000645,ETT_Name_000645,,冰冷洞穴地下城,7,21000,25,0,0,0,0,0,0,0,0,0,0,0,0,0,0,1003,3
103104,3,10,0,0,10007,,0.5,7,1,破坏,ETT_Title_000646,ETT_Name_000646,,冰封狼城地下城,7,21000,30,0,0,0,0,0,0,0,0,0,0,0,0,0,0,1004,3
103105,3,10,0,0,10007,,0.5,7,1,破坏,ETT_Title_000647,ETT_Name_000647,,哈比的乐园地下城,7,21000,35,0,0,0,0,0,0,0,0,0,0,0,0,0,0,1005,3
103106,3,10,0,0,10007,,0.5,7,1,破坏,ETT_Title_000648,ETT_Name_000648,,暴风古城地下城,7,21000,40,0,0,0,0,0,0,0,0,0,0,0,0,0,0,1006,3
103107,3,10,0,0,10007,,0.5,7,1,破坏,ETT_Title_000649,ETT_Name_000649,,战士们圣地地下城,7,21000,42,0,0,0,0,0,0,0,0,0,0,0,0,0,0,1007,3
103108,3,10,0,0,10007,,0.5,7,1,破坏,ETT_Title_000650,ETT_Name_000650,,红头火山洞穴地下城,7,21000,45,0,0,0,0,0,0,0,0,0,0,0,0,0,0,1008,3
103109,3,10,0,0,10007,,0.5,7,1,破坏,ETT_Title_000651,ETT_Name_000651,,灰色 肯塔伍露丝村庄地下城,7,21000,47,0,0,0,0,0,0,0,0,0,0,0,0,0,0,1009,3
103110,3,10,0,0,10007,,0.5,7,1,破坏,ETT_Title_000652,ETT_Name_000652,,光之地下庭院地下城,7,21000,50,0,0,0,0,0,0,0,0,0,0,0,0,0,0,1010,3
103201,3,10,0,0,10007,,0.5,7,1,热点地区,ETT_Title_000653,ETT_Name_000653,,扭曲之梦地下城,7,21000,52,0,0,0,0,0,0,0,0,0,0,0,0,0,0,2001,3
103202,3,10,0,0,10007,,0.5,7,1,热点地区,ETT_Title_000654,ETT_Name_000654,,紫色洞穴地下城,7,21000,55,0,0,0,0,0,0,0,0,0,0,0,0,0,0,2002,3
103203,3,10,0,0,10007,,0.5,7,1,热点地区（破坏）,ETT_Title_000655,ETT_Name_000655,,噩梦祭坛雷德地下城,7,21000,55,0,0,0,0,0,0,0,0,0,0,0,0,0,0,2003,3
103601,3,10,0,0,10007,,0.5,3,1,可用小队,ETT_Title_000656,ETT_Name_000656,,克拉西亚斗技场,7,21000,30,0,0,0,0,0,0,0,0,0,0,0,0,0,0,4001,3
104000,3,6,0,1|3,103,"160,97,61",0.3,3,1,斯蒂尔普瑞斯,ETT_Title_000657,ETT_Name_000657,,斯蒂尔普瑞斯据点管理员,7,20600,20,0,0,0,0,0,0,0,0,0,0,0,0,0,0,0,3
104001,3,6,0,1|3,103,"127,83,62",0.3,3,1,尖塔村庄,ETT_Title_000658,ETT_Name_000658,,尖塔村庄据点管理员,1,20600,20,0,0,0,0,0,0,0,0,0,0,0,0,0,0,0,3
104002,3,6,0,1|3,103,254230224,0.3,3,1,瀑布村,ETT_Title_000659,ETT_Name_000659,,瀑布村庄据点管理员,1,20600,20,0,0,0,0,0,0,0,0,0,0,0,0,0,0,0,3
104003,3,6,0,1|3,103,"254,214,190",0.3,3,1,草绿军团驻地,ETT_Title_000660,ETT_Name_000660,,绿色军团驻地据点的管理员,1,20600,20,0,0,0,0,0,0,0,0,0,0,0,0,0,0,0,3
104004,3,6,0,1|3,103,246200161,0.3,3,1,矿山村大地上,ETT_Title_000661,ETT_Name_000661,,矿山村庄克里特据点管理员,1,20600,30,0,0,0,0,0,0,0,0,0,0,0,0,0,0,0,3
104005,3,6,0,1|3,103,210186150,0.3,3,1,红岩军团要塞,ETT_Title_000662,ETT_Name_000662,,红岩石军团要塞据点管理员,1,20600,30,0,0,0,0,0,0,0,0,0,0,0,0,0,0,0,3
104006,3,6,0,1|3,103,"160,97,61",0.3,3,1,微风平原,ETT_Title_000663,ETT_Name_000663,,难民村据点管理员,1,20600,30,0,0,0,0,0,0,0,0,0,0,0,0,0,0,0,3
104007,3,6,0,1|3,103,"127,83,62",0.3,3,1,污浊之地,ETT_Title_000664,ETT_Name_000664,,柱子之村据点管理员,1,20600,30,0,0,0,0,0,0,0,0,0,0,0,0,0,0,0,3
104008,3,6,0,1|3,103,"254,230,224",0.3,3,1,贫瘠的荒野,ETT_Title_000665,ETT_Name_000665,,第二侦察队据点管理员,1,20600,30,0,0,0,0,0,0,0,0,0,0,0,0,0,0,0,3
104009,3,6,0,1|3,103,"254,214,190",0.3,3,1,旋风谷,ETT_Title_000666,ETT_Name_000666,,军团要塞据点管理员,1,20600,30,0,0,0,0,0,0,0,0,0,0,0,0,0,0,0,3
104010,3,6,0,1|3,103,"246,200,161",0.3,3,1,被遗忘的村庄,ETT_Title_000667,ETT_Name_000667,,被遗忘者村庄据点管理员,1,20600,30,0,0,0,0,0,0,0,0,0,0,0,0,0,0,0,3
104011,3,6,0,1|3,103,210186150,0.3,3,1,莫斯罗姆野营地,ETT_Title_000668,ETT_Name_000668,,莫斯罗姆野营地据点管理员,1,20600,30,0,0,0,0,0,0,0,0,0,0,0,0,0,0,0,3
104012,3,6,0,1|3,103,"160,97,61",0.3,3,1,兰希尔村庄,ETT_Title_000669,ETT_Name_000669,,兰希尔村庄据点管理员,1,20600,30,0,0,0,0,0,0,0,0,0,0,0,0,0,0,0,3
104013,3,6,0,1|3,103,"127,83,62",0.3,3,1,伦蒂亚野营地,ETT_Title_000670,ETT_Name_000670,,伦蒂亚野营地据点管理员,1,20600,30,0,0,0,0,0,0,0,0,0,0,0,0,0,0,0,3
104014,3,6,0,1|3,103,254230224,0.3,3,1,隐退者村庄,ETT_Title_000671,ETT_Name_000671,,隐退者村庄据点管理员,1,20600,30,0,0,0,0,0,0,0,0,0,0,0,0,0,0,0,3
104015,3,6,0,1|3,103,210186150,0.3,3,1,风之谷交易所,ETT_Title_000672,ETT_Name_000672,,风之谷交易所据点管理员,1,20600,30,0,0,0,0,0,0,0,0,0,0,0,0,0,0,0,3
104016,3,6,0,1|3,103,"160,97,61",0.3,3,1,山脉商人基地,ETT_Title_000673,ETT_Name_000673,,山脉商人基地据点管理员,1,20600,30,0,0,0,0,0,0,0,0,0,0,0,0,0,0,0,3
104017,3,6,0,1|3,103,"127,83,62",0.3,3,1,术士软禁村,ETT_Title_000674,ETT_Name_000674,,术士软禁村据点管理员,1,20600,30,0,0,0,0,0,0,0,0,0,0,0,0,0,0,0,3
104018,3,6,0,1|3,103,"254,230,224",0.3,3,1,山脉勘察队禁地,ETT_Title_000675,ETT_Name_000675,,山脉勘察队禁地据点管理员,1,20600,30,0,0,0,0,0,0,0,0,0,0,0,0,0,0,0,3
104019,3,6,0,1|3,103,"254,230,224",0.3,3,1,莱奥哈特营地,ETT_Title_000676,ETT_Name_000676,,莱奥哈特要塞据点的管理员,1,20600,30,0,0,0,0,0,0,0,0,0,0,0,0,0,0,0,3
104020,3,6,0,1|3,103,"210,186,150",0.3,3,1,绝望的平原,ETT_Title_000677,ETT_Name_000677,,纳斯汀野营地据点管理员,1,20600,30,0,0,0,0,0,0,0,0,0,0,0,0,0,0,0,3
104021,3,6,0,1|3,103,"160,97,61",0.3,3,1,被污染的山谷,ETT_Title_000678,ETT_Name_000678,,真实之光寺院据点管理员,1,20600,30,0,0,0,0,0,0,0,0,0,0,0,0,0,0,0,3
104022,3,6,0,1|3,103,"127,83,62",0.3,3,1,克拉里奥斯营地,ETT_Title_000679,ETT_Name_000679,,莱纳野营地据点管理员,1,20600,30,0,0,0,0,0,0,0,0,0,0,0,0,0,0,0,3
104023,3,6,0,1|3,103,"254,230,224",0.3,3,1,堕落者的休息地,ETT_Title_000680,ETT_Name_000680,,希望之光要塞据点管理员,1,20600,30,0,0,0,0,0,0,0,0,0,0,0,0,0,0,0,3
104024,3,6,0,1|3,103,"160,97,61",0.3,3,1,平静之岛,ETT_Title_000681,ETT_Name_000681,,平静村庄据点管理员,1,20600,30,0,0,0,0,0,0,0,0,0,0,0,0,0,0,0,3
104025,3,6,0,1|3,103,"160,97,61",0.3,3,1, ,ETT_Title_000682,ETT_Name_000682,,艾林河野营地据点管理员,1,20600,50,0,0,0,0,0,0,0,0,0,0,0,0,0,0,0,3
104026,3,6,0,1|3,103,"160,97,61",0.3,3,1,平静之岛,,,,沉默村庄据点管理员,1,20600,30,0,0,0,0,0,0,0,0,0,0,0,0,0,0,0,3
104100,3,6,0,2|4,720,"126,127,76",0.3,3,1,班迪路娜,ETT_Title_000683,ETT_Name_000683,,班迪路娜据点管理员,7,20600,20,0,0,0,0,0,0,0,0,0,0,0,0,0,0,0,3
104101,3,6,0,2|4,720,"117,80,50",0.3,3,1,树林村庄,ETT_Title_000684,ETT_Name_000684,,树林村庄据点管理员,1,20600,20,0,0,0,0,0,0,0,0,0,0,0,0,0,0,0,3
104102,3,6,0,2|4,720,"91,49,21",0.3,3,1,沼泽研究基地,ETT_Title_000685,ETT_Name_000685,,沼泽野营地据点管理员,1,20600,20,0,0,0,0,0,0,0,0,0,0,0,0,0,0,0,3
104103,3,6,0,2|4,720,"91,70,44",0.3,3,1,戴穆里申监察驻扎地,ETT_Title_000686,ETT_Name_000686,,监察驻扎地据点管理员,1,20600,20,0,0,0,0,0,0,0,0,0,0,0,0,0,0,0,3
104104,3,6,0,2|4,720,"72,63,58",0.3,3,1,寒风村庄,ETT_Title_000687,ETT_Name_000687,,寒风村庄据点管理员,1,20600,30,0,0,0,0,0,0,0,0,0,0,0,0,0,0,0,3
104105,3,6,0,2|4,720,"183,158,74",0.3,3,1,冰谷之村,ETT_Title_000688,ETT_Name_000688,,冰谷之村据点管理员,1,20600,30,0,0,0,0,0,0,0,0,0,0,0,0,0,0,0,3
104106,3,6,0,2|4,720,"126,127,76",0.3,3,1,藤蔓丛,ETT_Title_000689,ETT_Name_000689,,藤蔓研究所据点管理员,1,20600,30,0,0,0,0,0,0,0,0,0,0,0,0,0,0,0,3
104107,3,6,0,2|4,720,"117,80,50",0.3,3,1,深渊的湖水,ETT_Title_000690,ETT_Name_000690,,天浪基地据点管理员,1,20600,30,0,0,0,0,0,0,0,0,0,0,0,0,0,0,0,3
104108,3,6,0,2|4,720,"91,49,21",0.3,3,1,结冰的河,ETT_Title_000691,ETT_Name_000691,,奥金尼村庄据点管理员,1,20600,30,0,0,0,0,0,0,0,0,0,0,0,0,0,0,0,3
104109,3,6,0,2|4,720,"91,70,44",0.3,3,1,寒霜之湖,ETT_Title_000692,ETT_Name_000692,,冷镜子村庄据点管理员,1,20600,30,0,0,0,0,0,0,0,0,0,0,0,0,0,0,0,3
104110,3,6,0,2|4,720,"72,63,58",0.3,3,1,星星细语田野,ETT_Title_000693,ETT_Name_000693,,水上村庄据点管理员,1,20600,30,0,0,0,0,0,0,0,0,0,0,0,0,0,0,0,3
104111,3,6,0,2|4,720,"183,158,74",0.3,3,1,灵魂的瀑布,ETT_Title_000694,ETT_Name_000694,,灵魂祭坛据点管理员,1,20600,30,0,0,0,0,0,0,0,0,0,0,0,0,0,0,0,3
104112,3,6,0,2|4,720,"126,127,76",0.3,3,1,休憩的山谷,ETT_Title_000695,ETT_Name_000695,,硫磺村庄据点管理员,1,20600,30,0,0,0,0,0,0,0,0,0,0,0,0,0,0,0,3
104113,3,6,0,2|4,720,"117,80,50",0.3,3,1,红头火山,ETT_Title_000696,ETT_Name_000696,,戴穆里申讨伐队据点管理员,1,20600,30,0,0,0,0,0,0,0,0,0,0,0,0,0,0,0,3
104114,3,6,0,2|4,720,"91,49,21",0.3,3,1,月光村庄,ETT_Title_000697,ETT_Name_000697,,月光村庄据点管理员,1,20600,30,0,0,0,0,0,0,0,0,0,0,0,0,0,0,0,3
104115,3,6,0,2|4,720,"91,70,44",0.3,3,1,派遣军临时营地,ETT_Title_000698,ETT_Name_000698,,派遣军据点管理员临时营地,1,20600,30,0,0,0,0,0,0,0,0,0,0,0,0,0,0,0,3
104116,3,6,0,2|4,720,"72,63,58",0.3,3,1,农场村庄,ETT_Title_000699,ETT_Name_000699,,农场村庄据点管理员,1,20600,30,0,0,0,0,0,0,0,0,0,0,0,0,0,0,0,3
104117,3,6,0,2|4,720,"183,158,74",0.3,3,1,派遣部队临时基地,ETT_Title_000700,ETT_Name_000700,,派遣部队的临时基地据点管理员,1,20600,30,0,0,0,0,0,0,0,0,0,0,0,0,0,0,0,3
104118,3,6,0,2|4,720,"72,63,58",0.3,3,1,派遣部队指挥本部,ETT_Title_000701,ETT_Name_000701,,派遣部队指挥本部据点管理员,1,20600,30,0,0,0,0,0,0,0,0,0,0,0,0,0,0,0,3
104119,3,6,0,2|4,720,"183,158,74",0.3,3,1,花园之路,ETT_Title_000702,ETT_Name_000702,,飓风野营地据点管理员,1,20600,30,0,0,0,0,0,0,0,0,0,0,0,0,0,0,0,3
104120,3,6,0,2|4,720,"72,63,58",0.3,3,1,树之路,ETT_Title_000703,ETT_Name_000703,,札屋野营地据点管理员,1,20600,30,0,0,0,0,0,0,0,0,0,0,0,0,0,0,0,3
104121,3,6,0,2|4,720,"183,158,74",0.3,3,1,石塔之路,ETT_Title_000704,ETT_Name_000704,,肯塔伍露森据点管理员,1,20600,30,0,0,0,0,0,0,0,0,0,0,0,0,0,0,0,3
104122,3,6,0,2|4,720,"72,63,58",0.3,3,1,分水之路,ETT_Title_000705,ETT_Name_000705,,绿色和平团据点管理员,1,20600,30,0,0,0,0,0,0,0,0,0,0,0,0,0,0,0,3
104123,3,6,0,2|4,720,"72,63,58",0.3,3,1,殿堂之路,ETT_Title_000706,ETT_Name_000706,,高利亚斯野营地据点管理员,1,20600,30,0,0,0,0,0,0,0,0,0,0,0,0,0,0,0,3
104124,3,6,0,2|4,720,"183,158,74",0.3,3,1,月光森林,ETT_Title_000707,ETT_Name_000707,,塔莱村庄据点管理员,1,20600,30,0,0,0,0,0,0,0,0,0,0,0,0,0,0,0,3
104125,3,6,0,2|4,720,"183,158,74",0.3,3,1, ,ETT_Title_000708,ETT_Name_000708,,戴穆里申野营地据点管理员,1,20600,50,0,0,0,0,0,0,0,0,0,0,0,0,0,0,0,3
104126,3,6,0,2|4,720,"183,158,74",0.3,3,1,银河村庄,,,,银河村庄据点管理员,1,20600,30,0,0,0,0,0,0,0,0,0,0,0,0,0,0,0,3
200001,3,8,0,0,12040,,1,1.5,1,环境用,ETT_Title_000709,ETT_Name_000709,,铁砧,0,0,1,0,0,0,0,0,0,0,0,0,0,0,0,-1,-1,0,0
200002,3,4,0,0,10003,,0.5,8.5,2,测试,ETT_Title_000710,ETT_Name_000710,召唤平原,艾林河瞬间移动器,7,20400,50,0,0,0,0,0,0,0,0,0,0,0,0,0,0,0,6
200003,3,4,0,0,10001,,0.5,7,2,` ,ETT_Title_000711,ETT_Name_000711,召唤平原,戴穆里申瞬间移动器,7,20400,50,0,0,0,0,0,0,0,0,0,0,0,0,0,0,0,6
200004,3,9,0,0,10006,,2.5,12,1,测试,ETT_Title_000712,ETT_Name_000712,召唤平原,警戒塔,7,20900,1,0,0,0,0,0,0,4,0,0,0,0,0,0,0,0,6
200005,3,8,0,0,10009,,1,1.5,1,环境用,ETT_Title_000713,ETT_Name_000713,,决斗旗,0,0,1,0,0,0,0,0,0,0,0,0,0,0,0,-1,-1,0,0
200006,3,5,0,0,10010,,1,1.5,2,环境用,ETT_Title_000714,ETT_Name_000714,小规模英雄战 ,外围石塔,0,0,1,0,0,0,0,0,0,0,0,0,0,0,0,-1,-1,0,0
200007,3,5,0,0,10010,,1,1.5,3,环境用,ETT_Title_000715,ETT_Name_000715,小规模英雄战,中央石塔,0,0,1,0,0,0,0,0,0,0,0,0,0,0,0,-1,-1,0,0
200008,3,8,0,0,10005,,2.5,12,1.4,环境用,ETT_Title_000716,ETT_Name_000716,魔法阵 用,,0,0,1,0,0,0,0,0,0,0,0,0,0,0,0,-1,-1,0,0
200009,3,5,0,0,10011,,1,1,1,环境用,ETT_Title_000717,ETT_Name_000717,,艾林河策略,0,0,1,0,0,0,0,0,0,0,0,0,0,0,0,-1,-1,0,0
200010,3,5,0,0,10012,,1,1,1,环境用,ETT_Title_000718,ETT_Name_000718,,戴穆里申策略,0,0,1,0,0,0,0,0,0,0,0,0,0,0,0,-1,-1,0,0
300001,3,11,0,0,14002,,1,3,1, ,ETT_Title_000719,ETT_Name_000719,,自动打开门,0,0,1,0,0,0,0,0,0,0,0,1|2,0,2,1,0,0,0,3
300002,3,11,0,0,14002,,1,3,1,暗杀战_点击 门,ETT_Title_000720,ETT_Name_000720,,,0,0,1,0,0,0,0,0,0,5,1,1|2,0,2,1,0,0,0,3
300003,3,11,0,0,14101,,1,3,1, ,ETT_Title_000721,ETT_Name_000721,,门之效应,0,0,1,0,0,0,0,0,0,3,1,1|2,0,2,1,0,0,0,3
300004,3,10,0,0,10007,,0.5,7,1,测试,ETT_Title_000722,ETT_Name_000722,,第一轮测试可用,7,21000,10,0,0,0,0,0,0,0,0,0,0,0,0,0,0,4001,3
300005,3,11,1,0,14004,,0.5,1.5,1,圣物破坏战 杠杆,ETT_Title_000723,ETT_Name_000723,,,0,0,1,0,0,0,0,0,0,5,1,0,0,2,1,0,0,0,3
300006,3,11,0,0,14001,,1,3,1,小铁窗门,ETT_Title_000724,ETT_Name_000724,,,0,0,1,0,0,0,0,0,0,3,0,1|2,0,2,1,0,0,0,3
300007,3,11,0,0,14002,,1,3,1,圣物破坏战_大铁窗门,ETT_Title_000725,ETT_Name_000725,,,0,0,1,0,0,0,0,0,0,3,0,1|2,0,2,1,0,0,0,3
300008,3,11,0,0,14005,,1,3,1,开关木门,ETT_Title_000726,ETT_Name_000726,,,0,0,1,0,0,0,0,0,0,3,0,1|2,0,2,1,0,0,0,3
300009,3,11,0,0,14101,,1,3,1,风土门,ETT_Title_000727,ETT_Name_000727,,,0,0,1,0,0,0,0,0,0,3,0,1|2,0,2,1,0,0,0,3
300010,3,11,0,0,14102,,1,3,1,雪风门,ETT_Title_000728,ETT_Name_000728,,,0,0,1,0,0,0,0,0,0,3,0,1|2,0,2,1,0,0,0,3
300011,3,11,0,0,14103,,1,3,1,火墙,ETT_Title_000729,ETT_Name_000729,,,0,0,1,0,0,0,0,0,0,3,0,1|2,0,2,1,0,0,0,3
300012,3,11,0,0,14104,,1,3,1,魔法门,ETT_Title_000730,ETT_Name_000730,,,0,0,1,0,0,0,0,0,0,3,0,1|2,0,2,1,0,0,0,3
300013,3,11,0,0,14001,,1,3,1.7,城市进攻用的小铁窗门,ETT_Title_000731,ETT_Name_000731,,,0,0,1,0,0,0,0,0,0,3,0,1|2,0,2,1,0,0,0,3
300014,3,11,0,0,14002,,1,3,1.5,圣物破坏战_大铁窗门,ETT_Title_000732,ETT_Name_000732,,,0,0,1,0,0,0,0,0,0,3,0,1|2,0,2,1,0,0,0,3
300015,3,11,0,0,14001,,1,3,2.4,城市进攻用的小铁窗门,ETT_Title_000733,ETT_Name_000733,,,0,0,1,0,0,0,0,0,0,3,0,1|2,0,2,1,0,0,0,3
300016,3,11,0,0,14002,,1,3,1.5,公用_大铁窗门,ETT_Title_000734,ETT_Name_000734,,,0,0,1,0,0,0,0,0,0,3,0,1|2,0,2,1,0,0,0,3
300017,3,11,0,0,14002,,1,3,1.2,暗杀战_大铁窗门,ETT_Title_000735,ETT_Name_000735,,,0,0,1,0,0,0,0,0,0,3,0,1|2,0,2,1,0,0,0,3
300018,3,11,0,0,14002,,1,3,0.5,公用_小铁窗门,ETT_Title_000736,ETT_Name_000736,,,0,0,1,0,0,0,0,0,0,3,0,1|2,0,2,1,0,0,0,3
300019,3,5,0,0,10007,,2,8.5,1,可用的_公用码头,ETT_Title_000737,ETT_Name_000737,,,7,11820,50,0,0,0,0,0,0,3,1,0,0,0,0,-1,-1,0,6
300020,3,11,0,0,14001,,1,3,1.25,可用的_暴风古城小铁窗门,ETT_Title_000738,ETT_Name_000738,,,0,0,1,0,0,0,0,0,0,3,0,1|2,0,2,1,0,0,0,3
300021,3,11,0,0,14002,,1,3,2.2,可用的_黑暗要塞大铁窗门,ETT_Title_000739,ETT_Name_000739,,,0,0,1,0,0,0,0,0,0,3,0,1|2,0,2,1,0,0,0,3
300022,3,12,0,0,12097,,0.3,4.5,1,旗帜（艾林）,ETT_Title_000740,ETT_Name_000740,,艾林河旗帜,7,21200,1,0,0,0,0,0,0,7,0,0,0,2,1,0,0,0,3
300023,3,12,1,0,12098,,0.3,4.5,1,旗帜（戴穆）,ETT_Title_000741,ETT_Name_000741,,戴穆里申旗帜,7,21201,1,0,0,0,0,0,0,7,0,0,0,2,1,0,0,0,3
300024,3,13,0,0,12097,,0.5,8.5,2,目标地点（艾林),ETT_Title_000742,ETT_Name_000742,,艾林河旗帜,7,21300,1,0,0,0,0,0,0,6,0,0,0,0,0,-1,-1,0,3
300025,3,13,1,0,12098,,0.5,8.5,2,目标地点（戴穆）,ETT_Title_000743,ETT_Name_000743,,戴穆里申旗帜,7,21301,1,0,0,0,0,0,0,6,0,0,0,0,0,-1,-1,0,3
