TID,Type,TypeCondition,MinLV,MaxLV,Race,EngContents,LocalContents,EngDesc,LocalDesc
"共五种要素构成, 第一种--1:瞄准高处 2:摧毁, 第二种--1:问候 2:技能题目 3:流言, 第三~五种:一系列号码",1000: 问候 1001:寻求 1002:想知道的点 1003:返回 1004:无可用物品 1005:信件清单/信件内容 1:商店 2:竞买 3:强化 4:仓库 5:精灵石 6:塑料（未使用） 7:修复 8:公会 9:投注(未使用) 10:分解 11:生产 12:魔力 19:战斗机20: 治疗 22: 组合,8-1:公会建立 8-2:公会标志 8-3: 公会仓库 8-4:公会捐赠 8-5:公会等级上升 8-6: 公会解散 5-1:精灵石安装 5-2:精灵石去除,,,,英文内容,韩文内容,英文说明,韩文说明
2,,,,因为50级以上基本代谢不会出来所以把99级都引入了.,,,,,
U16,U16,U16,U8,U8,U8,CBwString,CBwString:v,CBwString,CBwString:v
1,1005,0,0,0,0,NDT_Contents_000001,关闭,NDT_Desc_000001,
2,1004,0,0,0,0,NDT_Contents_000002,我想聊点别的话题.,NDT_Desc_000002,
10,1001,0,0,0,0,NDT_Contents_000003,寻求,NDT_Desc_000003,
101,1001,0,0,0,0,NDT_Contents_000004,寻求,NDT_Desc_000004,
102,1002,0,0,0,0,NDT_Contents_000005,想要知道的,NDT_Desc_000005,
103,1003,1,0,0,0,NDT_Contents_000006,关于制作方法,NDT_Desc_000006,"通过 W,A,S,D键来完成移动./n/n技能可以通过按快捷键K然后把图标拉到插槽内即可注册./n/n发现敌人可通过双击鼠标左键或单击右键来攻击目标."
104,1003,2,0,0,0,NDT_Contents_000007,关于找寻测试,NDT_Desc_000007,npc头上的感叹号是任务标识./n/n仔细阅读任务内容并进行任务后，找到头上有问号的npc领取奖赏.
105,1,0,0,0,0,NDT_Contents_000008,购买,NDT_Desc_000008,
106,2,0,0,0,0,NDT_Contents_000009,竞买,NDT_Desc_000009,
107,8,0,0,0,0,NDT_Contents_000010,银行(未使用),NDT_Desc_000010,
108,6,0,0,0,0,NDT_Contents_000011,塑料（未使用）,NDT_Desc_000011,
109,11,0,0,0,0,NDT_Contents_000012,物品制作,NDT_Desc_000012,
110,8,1,0,0,0,NDT_Contents_000013,公会创建,NDT_Desc_000013,
111,8,2,0,0,0,NDT_Contents_000014,公会标志(未使用),NDT_Desc_000014,
112,8,3,0,0,0,NDT_Contents_000015,公会 仓库,NDT_Desc_000015,
113,8,4,0,0,0,NDT_Contents_000016,公会 捐赠(未使用),NDT_Desc_000016,
114,8,5,0,0,0,NDT_Contents_000017,公会升级,NDT_Desc_000017,
115,8,6,0,0,0,NDT_Contents_000018,公会解散,NDT_Desc_000018,
116,19,0,0,0,0,NDT_Contents_000019,战斗机,NDT_Desc_000019,
117,4,0,0,0,0,NDT_Contents_000020,仓库,NDT_Desc_000020,
118,14,0,0,0,0,NDT_Contents_000021,技能培训师(未使用),NDT_Desc_000021,
119,7,0,0,0,0,NDT_Contents_000022,修复,NDT_Desc_000022,
120,16,0,0,0,0,NDT_Contents_000023,武器威力升级(未使用),NDT_Desc_000023,
121,10,0,0,0,0,NDT_Contents_000024,物品分解,NDT_Desc_000024,
122,3,0,0,0,0,NDT_Contents_000025,物品强化,NDT_Desc_000025,
123,5,0,0,0,0,NDT_Contents_000026,精灵石组装/拆除,NDT_Desc_000026,
124,5,1,0,0,0,NDT_Contents_000027,精灵石安装,NDT_Desc_000027,
125,5,2,0,0,0,NDT_Contents_000028,精灵石去除,NDT_Desc_000028,
126,20,0,0,0,0,NDT_Contents_000029,治疗,NDT_Desc_000029,
127,22,0,0,0,0,NDT_Contents_000030,组合,NDT_Desc_000030,
1001,1000,0,1,99,0,NDT_Contents_000031,以光的名义来祈祷祝福！真的好久未见了. $Getname()大人.,NDT_Desc_000031,
5001,1003,1,0,0,0,NDT_Contents_000032,物品分解,NDT_Desc_000032," <TC '0:0:255' Text'分解' />武器,防御,饰品都可以. 分解3个iterm最多可获得3个 <TC '160:10:0' Text'强化,奖金' />!被吓到了吗?/通过n /n<TC '0:0:255' Text'一般分解' />获得低换率 <TC '160:10:0' Text'强化' /> ,通过 <TC '0:0:255' Text'高级分解' />不仅可以获得与强化相关的iterm，还可以额外获得炼金术所需要的<TC '160:10:0' Text'人工斯皮托德之石' />. 使用<TC '0:0:255' Text'特殊分解' />可以实现与强化相关的 <TC '160:10:0' Text'极大化' /> ./n /n更大的惊喜，把31级以上的特殊等级特殊分解的话，能获得升级的<TC '160:10:0' Text'艾尔利克之书' />. 不过, 会消耗更多的币哦./n /n对了. 不要忘了要空出3格以上的存货哦~!"
5002,1003,1,0,0,0,NDT_Contents_000033,物品制作,NDT_Desc_000033,"可通过各种材料造出 <TC '0:0:255' Text'制作' />.制作可以出武器,防御, 饰品, 药品等. /n /n在模式商人那里购买 <TC '160:10:0' Text'模式' />. 学习了模式就可以制作iterm. 如果想要制作想要的iterm的话, 需要经验和材料 . /n /n经验可以通过按<TC '160:10:0' Text'c' />，点击 <TC '160:10:0' Text'特技' />来查看."
5003,1003,1,0,0,0,NDT_Contents_000034,公会,NDT_Desc_000034," <TC '0:0:255' Text'公会' />是有共同爱好的人的集体. /n /n支付一定的币可以 <TC '160:10:0' Text'公会创建' />. 新公会成员可通过 <TC '160:10:0' Text'o' />来确认./n /n召集成员，支付币可以提升 <TC '160:10:0' Text'公会成员等级' />. 如果成员数未达到一定数量, 高就无法升级公会等级. 一个人管理公会很困难的话, 可通过公会名单向成员们传达 <TC '160:10:0' Text'称呼,权利' />来管理. 作为创建者好好做到<TC '160:10:0' Text'公告事项, 权限管理' />公会才会更活泼./n /n创建者除此之外还可管理<TC '160:10:0' Text'公会首页' /> 和 <TC '160:10:0' Text'公会标志' />. 创建者还可以<TC '160:10:0' Text'我的信息' />向其他人展示自己信息，也可以做到<TC '160:10:0' Text'退出公会' />."
5004,1003,1,0,0,0,NDT_Contents_000035,竞买场,NDT_Desc_000035,<TC'0：0：255“文字拍卖”/>您可以购买和出售的商品到别这样，在营9分钟所有<TC'160：10：0“text”搜索项目“/>即可。日<TC'160：10：0“text”卖出“/>是可以包括累积的最大数量<TC'160：10：0”Text'5狗'/>和<TC'160：10： 0'text'在晚上12点后，你可以在5重新登记“/>。然而，<TC'160：10：0“text”卖小时工“/>请注意，费用有所不同由金妮的优势。销售登记项目<TC'160：10：0“text”单独的选项卡菜单中的“/>办理入住手续的。而那些不出售的物品和销售结算金额<TC'160：10：0“text”结算“/>您可以点击按钮接受。与拍卖行立即进入库存采购项目，请空了一个完整的清单。
5005,1003,1,0,0,0,NDT_Contents_000036,契约之环,NDT_Desc_000036,<TC'0：0：255“魔戒text协议160：10：0”/>是一种武器，铠甲，以辅助设备<textTC“：100160''来安装<TC元素石”/>““text”的能力，给予“/>，指出。每个设备<TC'160：10：0“text”的独特槽“/>可配备多达元素石，插槽的最大数量为五个。根据需要配备藏元素石的实时个性。您可以打猎。然而，付款必须配备独立的geldeu，如果你失败了，你失去的元素石。 <TC'160：10：0“text”先进的添加剂“/>如果你把它可能会增加你的机会，所以不要担心。相反，除去元素斯通的成功，没有失败的概率为100％。
5006,1003,1,0,0,0,NDT_Contents_000037,魔力,NDT_Desc_000037,游戏中获得的延性书和斯皮托德之石可以 <TC '0:0:255' Text'炼金术' />烧. 神奇的是，能够随机决定<TC'160：10：0“的text元素石”/>，<TC'160：10：0“text”升级石“/>。但是，请注意，当你的收费需要一个灵活的./n为了获得升级石元素石，通常有打猎，但<TC'0：0：255“text”炼金术“/>您可以打通。如果资金的保证金，眼看着挑战炼金术得到最好的结果？?
5007,1003,1,0,0,0,NDT_Contents_000038,强化,NDT_Desc_000038, iterm可通过<TC '0:0:255' Text'强化' />来提升./ n / n功能，对于每种类型的功能是不同的，基本上是提升攻击力的武器，防具。但是有加强-1下降，复位，当挑战的可能性，所以挑战时要谨慎./n/ n可怕的失败强化分钟的时候，<TC'160：10：0“text”的概率上升项“/>。如果成功的概率是奠定入住分钟的爬升收到的女神./n/ n运气的眷顾，这将是大陆的最好的iterm。
10000,1000,0,1,99,0,NDT_Contents_000039,请进.您要用莫亚欧新信誉分来交换物品吗?,NDT_Desc_000039,
10001,1000,0,1,99,0,NDT_Contents_000040,欢饮您. 英穆海的技师.,NDT_Desc_000040,
10003,1000,0,1,99,0,NDT_Contents_000041,补给慢慢变得困难了. 真是出大事了呢.,NDT_Desc_000041,
10005,1000,0,1,99,0,NDT_Contents_000042,"我是克里斯, 正在为第一派遣军收集情报.",NDT_Desc_000042,
10007,1000,0,1,99,0,NDT_Contents_000043,请进. 无论是谁，欢迎所有能帮助我们的人.,NDT_Desc_000043,
10009,1000,0,1,99,0,NDT_Contents_000044,"箭塔村的危机正根据哥布林的势力扩张在调节. /n /n在这样的情况下帮助了我们,太感谢您了.",NDT_Desc_000044,
10011,1000,0,1,99,0,NDT_Contents_000045,我们的村子现在都不能称作村子了. 但是即便是要做派遣军的要塞最重要的是活下来.,NDT_Desc_000045,
10013,1000,0,1,99,0,NDT_Contents_000046,因为哥布林势力的扩张和派遣军的进入，这个地方已经成了战场,NDT_Desc_000046,
10015,1000,0,1,99,0,NDT_Contents_000047,无论何时我都会遭遇噩梦. /n /n只要一闭上眼，就会想起杀死父母的哥布林和着火的村子. /n /n谁都好.请把我带离这噩梦吧.,NDT_Desc_000047,
10017,1000,0,1,99,0,NDT_Contents_000048,我是光之使者艾丽卡. 有什么任务给我吗?,NDT_Desc_000048,
10019,1000,0,1,99,0,NDT_Contents_000049,我们格洛丽亚上段绝不会因为客人您的攻击会摧毁冬半分心思/n /n只要有可以换钱的东西就来找我们吧.,NDT_Desc_000049,
10021,1000,0,1,99,0,NDT_Contents_000050,为了英穆海!,NDT_Desc_000050,
10023,1000,0,1,99,0,NDT_Contents_000051,为了英穆海!,NDT_Desc_000051,
10025,1000,0,1,99,0,NDT_Contents_000052,您需要修复的时候请来找我们. /n我们会修得跟新的一样.,NDT_Desc_000052,
10027,1000,0,1,99,0,NDT_Contents_000053,卖村子里生产的杂货. /n有什么需要的吗?,NDT_Desc_000053,
10029,1000,0,1,99,0,NDT_Contents_000054,注意听，有细碎的谈话声. /n /n可能会有小型的袭击.,NDT_Desc_000054,
10031,1000,0,1,99,0,NDT_Contents_000055,(死了没多久的尸体.),NDT_Desc_000055,
10033,1000,0,1,99,0,NDT_Contents_000056,因为哥布林的攻击，补给站倒了.但斯蒂尔布雷斯总部还是没给我们派援兵！,NDT_Desc_000056,
10035,1000,0,1,99,0,NDT_Contents_000057,斯蒂尔布雷斯总部到底在想什么? /n /n难道希望我们都死吗?,NDT_Desc_000057,
10037,1000,0,1,99,0,NDT_Contents_000058,要阻止强哥布林势力的扩张.,NDT_Desc_000058,
10039,1000,0,1,99,0,NDT_Contents_000059,期望光的庇佑. 我是光之寺院派来的弟子克罗艾. /n /n来帮助黛比大人阻止哥布林势力的扩张.,NDT_Desc_000059,
10041,1000,0,1,99,0,NDT_Contents_000060,(渐渐冰凉的迪诺的尸体),NDT_Desc_000060,
10043,1000,0,1,99,0,NDT_Contents_000061,"欢迎来到斯蒂尔布雷斯. /n /n我是杰特,首都防卫军的上校.",NDT_Desc_000061,
10045,1000,0,1,99,0,NDT_Contents_000062,斯蒂尔布雷斯的皇家护卫队队长布里默,NDT_Desc_000062,
10047,1000,0,1,99,0,NDT_Contents_000063,有任务? /n /n我很忙请快说.,NDT_Desc_000063,
10049,1000,0,1,99,0,NDT_Contents_000064,无论总部怎么想，我认为没把物资送到派遣军手里就是问题.,NDT_Desc_000064,
10051,1000,0,1,99,0,NDT_Contents_000065,"我是艾丽希尔,是斯蒂尔布雷斯的樞機卿.",NDT_Desc_000065,
10053,1000,0,1,99,0,NDT_Contents_000066,因为克里顿的攻击而成为废墟的村庄，什么时候才能回去呢...,NDT_Desc_000066,
10055,1000,0,1,99,0,NDT_Contents_000067,家人都被克里顿杀死了. /n /n我该怎么活下去?,NDT_Desc_000067,
10057,1000,0,1,99,0,NDT_Contents_000068,不把克里顿赶出去我们是不会停止战斗的,NDT_Desc_000068,
10059,1000,0,1,99,0,NDT_Contents_000069,一起来祈祷光的庇佑吧.,NDT_Desc_000069,
10061,1000,0,1,99,0,NDT_Contents_000070,一起来祈祷光的庇佑吧.,NDT_Desc_000070,
10063,1000,0,1,99,0,NDT_Contents_000071,为了难民村，我们要战到最后,NDT_Desc_000071,
10065,1000,0,1,99,0,NDT_Contents_000072,为了难民村，我们要战到最后,NDT_Desc_000072,
10067,1000,0,1,99,0,NDT_Contents_000073,修复商人德拉德. /n请把要修复的东西交给我.,NDT_Desc_000073,
10069,1000,0,1,99,0,NDT_Contents_000074,我们卖简单的杂货. /n有您想要的吗?,NDT_Desc_000074,
10071,1000,0,1,99,0,NDT_Contents_000075,$Getname()大人，克里顿太恐怖了我们逃不到难民村.请帮帮我吧.,NDT_Desc_000075,
10073,1000,0,1,99,0,NDT_Contents_000076,这是哪里? /n /n我在逃避可怕的克里顿途中迷路了.,NDT_Desc_000076,
10075,1000,0,1,99,0,NDT_Contents_000077,(一具村民的尸体.四五十遭到了克里顿的攻击.),NDT_Desc_000077,
10077,1000,0,1,99,0,NDT_Contents_000078,呃，是谁? /n /n好像不少.,NDT_Desc_000078,
10079,1000,0,1,99,0,NDT_Contents_000079,卡莱利吧一族的行动渐渐变得奇怪了呢.,NDT_Desc_000079,
10081,1000,0,1,99,0,NDT_Contents_000080,要尽快掌握卡莱利吧一族的情报.,NDT_Desc_000080,
10083,1000,0,1,99,0,NDT_Contents_000081,我们商团，只要是有能换钱的东西，无论是哪都会去的.,NDT_Desc_000081,
10085,1000,0,1,99,0,NDT_Contents_000082,你是 $Getname()吗? /n /n就像传闻的那样，能力很优秀呢.,NDT_Desc_000082,
10087,1000,0,1,99,0,NDT_Contents_000083,巴利斯队长那位聪明的参谋叫朱莉.,NDT_Desc_000083,
10089,1000,0,1,99,0,NDT_Contents_000084,技师. 拜托了. 帮帮我吧.,NDT_Desc_000084,
10091,1000,0,1,99,0,NDT_Contents_000085,为了英穆海的荣光!,NDT_Desc_000085,
10093,1000,0,1,99,0,NDT_Contents_000086,为了英穆海的荣耀!,NDT_Desc_000086,
10095,1000,0,1,99,0,NDT_Contents_000087,为了什么来访问瀑布村?,NDT_Desc_000087,
10097,1000,0,1,99,0,NDT_Contents_000088,呵呵. 我是有很多秘密有很有用的萨奈. 请多指教.,NDT_Desc_000088,
10099,1000,0,1,99,0,NDT_Contents_000089,$Getname()大人的事迹听说过很多.真的这一见面更高兴了.,NDT_Desc_000089,
10101,1000,0,1,99,0,NDT_Contents_000090,小心点.村子周围并不安全.,NDT_Desc_000090,
10103,1000,0,1,99,0,NDT_Contents_000091,小心点.村子周围并不安全.,NDT_Desc_000091,
10105,1000,0,1,99,0,NDT_Contents_000092,请进.我是负责修复的雷. /n /n为您修复任何物品.,NDT_Desc_000092,
10107,1000,0,1,99,0,NDT_Contents_000093,请进.杂货商人格莱米. /n /n与斯蒂尔布莱斯的补给断了，虽然不卖高级物品，但是又不基本物品.,NDT_Desc_000093,
10109,1000,0,1,99,0,NDT_Contents_000094,有贵重物品的话，请使用我们的保管所.,NDT_Desc_000094,
10111,1000,0,1,99,0,NDT_Contents_000095,别紧张，我只是想和你聊聊而已.,NDT_Desc_000095,
10113,1000,0,1,99,0,NDT_Contents_000096,从斯蒂尔布莱斯派来的技师，好久变了.,NDT_Desc_000096,
10115,1000,0,1,99,0,NDT_Contents_000097,(弥赛逐渐冰冷的尸体),NDT_Desc_000097,
10117,1000,0,1,99,0,NDT_Contents_000098,来了位绿光草原的英雄你呢.那么您有什么事吗? ,NDT_Desc_000098,
10119,1000,0,1,99,0,NDT_Contents_000099,祈祷光的庇佑.,NDT_Desc_000099,
10121,1000,0,1,99,0,NDT_Contents_000100,"何时何地只要您有要换钱的东西, 请和我们格洛丽亚商团联系.",NDT_Desc_000100,
10123,1000,0,1,99,0,NDT_Contents_000101,为了英穆海的荣耀!,NDT_Desc_000101,
10125,1000,0,1,99,0,NDT_Contents_000102,为了英穆海的荣耀!,NDT_Desc_000102,
10127,1000,0,1,99,0,NDT_Contents_000103,来了位非常有名的英雄呢.,NDT_Desc_000103,
10129,1000,0,1,99,0,NDT_Contents_000104,要用每个人的力量铸成村子的防御.,NDT_Desc_000104,
10131,1000,0,1,99,0,NDT_Contents_000105,祈祷光的庇佑.我是光的弟子莱亚.,NDT_Desc_000105,
10133,1000,0,1,99,0,NDT_Contents_000106,我们是村子最后的防卫墙. 我们有信心.,NDT_Desc_000106,
10135,1000,0,1,99,0,NDT_Contents_000107,我们是村子最后的防御墙。我们有信心,NDT_Desc_000107,
10137,1000,0,1,99,0,NDT_Contents_000108,这样呀. 有要修复的东西吗? /n /n请拿出来吧.会精心为您修复的.,NDT_Desc_000108,
10139,1000,0,1,99,0,NDT_Contents_000109,有一些简单的药剂和杂物. /n /n有什么需要吗?,NDT_Desc_000109,
10141,1000,0,1,99,0,NDT_Contents_000110,有斯蒂尔布莱斯的消息吗? /n /n总部到底在想什么? /n /n照这样下去不是要击破英穆海的联合吧?,NDT_Desc_000110,
10143,1000,0,1,99,0,NDT_Contents_000111,侦察越来越南了. /n /n斯蒂尔布莱斯到底派不派援兵?,NDT_Desc_000111,
10145,1000,0,1,99,0,NDT_Contents_000112,钱钱钱我们是钱的奴隶不对，我们是想要成为钱的主人的格洛丽亚商团的商人,NDT_Desc_000112,
10147,1000,0,1,99,0,NDT_Contents_000113,为了英穆海的荣耀!,NDT_Desc_000113,
10149,1000,0,1,99,0,NDT_Contents_000114,为了英穆海的荣耀!,NDT_Desc_000114,
10151,1000,0,1,99,0,NDT_Contents_000115,呵呵呵. 是人类吗? /n /n最近因为变凶暴的一族的原因，很多痛苦. ,NDT_Desc_000115,
10153,1000,0,1,99,0,NDT_Contents_000116,(逐渐冰冷的侦察兵的尸体),NDT_Desc_000116,
10155,1000,0,1,99,0,NDT_Contents_000117,要小心地接近. /n /n请警备周边.,NDT_Desc_000117,
10157,1000,0,1,99,0,NDT_Contents_000118,一起祈祷光的庇佑吧. /n /n到了危险的地方.,NDT_Desc_000118,
10159,1000,0,1,99,0,NDT_Contents_000119,"士兵们的怨言越来越大,但仍然没有斯蒂尔布莱斯的消息",NDT_Desc_000119,
10161,1000,0,1,99,0,NDT_Contents_000120,在士兵们有怨言前快想想办法吧,NDT_Desc_000120,
10163,1000,0,1,99,0,NDT_Contents_000121,祈祷光的庇佑.,NDT_Desc_000121,
10165,1000,0,1,99,0,NDT_Contents_000122,补给到底什么时候能到? /n /n我们能坚持到什么时候呢?,NDT_Desc_000122,
10167,1000,0,1,99,0,NDT_Contents_000123,真的是辛苦的快要死了. 救援还没来吗? ,NDT_Desc_000123,
10169,1000,0,1,99,0,NDT_Contents_000124,用我们的力量来守护我们生存的土地吧.,NDT_Desc_000124,
10171,1000,0,1,99,0,NDT_Contents_000125,$Getname()大人的事迹经常听呢. /n /n这里流传得更广.,NDT_Desc_000125,
10173,1000,0,1,99,0,NDT_Contents_000126,为了我们的徒弟和声明!,NDT_Desc_000126,
10175,1000,0,1,99,0,NDT_Contents_000127,为了我们的土地和生命!,NDT_Desc_000127,
10177,1000,0,1,99,0,NDT_Contents_000128,装备以准备好. 战场上信得过的只有装备而已.,NDT_Desc_000128,
10179,1000,0,1,99,0,NDT_Contents_000129,说是补给品，更一般商店的并无差异呢. 有需要的话我会说的.,NDT_Desc_000129,
10181,1000,0,1,99,0,NDT_Contents_000130,请把战场上要带的累人的东西交给我.会好好保存的.,NDT_Desc_000130,
10183,1000,0,1,99,0,NDT_Contents_000131,不要忘了我们在前线的事.,NDT_Desc_000131,
10185,1000,0,1,99,0,NDT_Contents_000132,期待$Getname()大人的行动,NDT_Desc_000132,
10187,1000,0,1,99,0,NDT_Contents_000133,"要赶紧, 混乱的存在可不等我们.",NDT_Desc_000133,
10189,1000,0,1,99,0,NDT_Contents_000134,我不能当侦察兵了. 真是太恶心了.,NDT_Desc_000134,
10191,1000,0,1,99,0,NDT_Contents_000135,啊哈哈. 是活着的人类吗?,NDT_Desc_000135,
10193,1000,0,1,99,0,NDT_Contents_000136,$Getname()大人的到来我们很感激,NDT_Desc_000136,
10194,1000,0,1,99,0,NDT_Contents_000137,英穆海的支援吗? /n /n比想的来的快呢. ,NDT_Desc_000137,
10195,1000,0,1,99,0,NDT_Contents_000138,"谁都可以, 让我从这无极的痛苦中解放吧.",NDT_Desc_000138,
10196,1000,0,1,99,0,NDT_Contents_000139,想我这样的孤儿要想活下去该怎么办呢?,NDT_Desc_000139,
10201,1000,0,1,99,0,NDT_Contents_000140,"我是收集兵,把投入战场的战士聚集的人.",NDT_Desc_000140,
10202,1000,0,1,99,0,NDT_Contents_000141,欢迎来到流血断骨的战场. /n /n在这里尽情地发挥你的能力吧.,NDT_Desc_000141,
10203,1000,0,1,99,0,NDT_Contents_000142,小心四周. /n /n周围的一切都很可疑.,NDT_Desc_000142,
10204,1000,0,1,99,0,NDT_Contents_000143,红岩兵团的参谋长雷纳尔德. /n /n见到好名声的 $Getname()大人是我的光荣.,NDT_Desc_000143,
10205,1000,0,1,99,0,NDT_Contents_000144,"要是斯蒂尔布莱斯那些愚蠢的东西不归还村子, 我们只能依靠补给了",NDT_Desc_000144,
10206,1000,0,1,99,0,NDT_Contents_000145,是巨大生物的痕迹. /n /n有不好的预感.,NDT_Desc_000145,
10207,1000,0,1,99,0,NDT_Contents_000146,(护卫兵逐渐冰冷的尸体),NDT_Desc_000146,
10208,1000,0,1,99,0,NDT_Contents_000147,来到这里辛苦了. /n /n我是负责这里的分队长克里斯.,NDT_Desc_000147,
10209,1000,0,1,99,0,NDT_Contents_000148,无论是哪个部队，醉唠叨的是补给官吗? /n /n来得好. 我是这最唠叨的人. 叫我安德森.,NDT_Desc_000148,
10210,1000,0,1,99,0,NDT_Contents_000149,要把敌人抢去的发掘地抢回来.无论用什么手段!,NDT_Desc_000149,
10211,1000,0,1,99,0,NDT_Contents_000150,找到了这里，真是了不起. /n /n我是红岩军团的负责人科林森.有话对我说吗?,NDT_Desc_000150,
10212,1000,0,1,99,0,NDT_Contents_000151,"快请进.我是雷纳德,红岩军团的参谋，科林森长官的袋里…",NDT_Desc_000151,
10213,1000,0,1,99,0,NDT_Contents_000152,真为我们村子的未来担心… 这么一来我们要相信红岩军团吗?,NDT_Desc_000152,
10214,1000,0,1,99,0,NDT_Contents_000153,安全到达了红岩军团的要塞.我是这里的负责人贝诺斯.,NDT_Desc_000153,
10215,1000,0,1,99,0,NDT_Contents_000154,我是要塞的参谋兰斯特. 也叫种种怪石兰斯特.,NDT_Desc_000154,
10216,1000,0,1,99,0,NDT_Contents_000155,正在修复损坏部分…,NDT_Desc_000155,
10217,1000,0,1,99,0,NDT_Contents_000156,来的正好.正好需要帮助.,NDT_Desc_000156,
10218,1000,0,1,99,0,NDT_Contents_000157,可能是因为你这样的英雄的出现事情才会顺利的呢... /n /n从外面一点点解决后，回到斯蒂尔布莱斯收尾. 但是因为你这样的行为我可没有回去的理由. /n /n啊… 或许不会很久,NDT_Desc_000157,
10219,1000,0,1,99,0,NDT_Contents_000158,正在等$Getname()大人的到来.来红岩军团，来得很好.,NDT_Desc_000158,
10220,1000,0,1,99,0,NDT_Contents_000159,"$Getname(大人的英雄团经常听说,现在要确认是否属实.",NDT_Desc_000159,
10221,1000,0,1,99,0,NDT_Contents_000160,我们为了要塞的安全献上了生命.所以带着我们的生命占领卡果已山丘吧.,NDT_Desc_000160,
10301,1000,0,1,99,0,NDT_Contents_000161,欢迎来到被遗忘之地.,NDT_Desc_000161,
10302,1000,0,1,99,0,NDT_Contents_000162,请带上弓和箭.又到了狩猎的季节.,NDT_Desc_000162,
10303,1000,0,1,99,0,NDT_Contents_000163,我是村子安全的负责人维吉兰特领袖. 请叫我布莱德.,NDT_Desc_000163,
10304,1000,0,1,99,0,NDT_Contents_000164,救援终于来了.,NDT_Desc_000164,
10305,1000,0,1,99,0,NDT_Contents_000165,为了和家人们一起活下去我什么都愿意做.,NDT_Desc_000165,
10306,1000,0,1,99,0,NDT_Contents_000166,我还是忘不了纳尔泰伦的夜晚.那个所有的一切都消失了的恐怖夜晚…,NDT_Desc_000166,
10307,1000,0,1,99,0,NDT_Contents_000167,黑色的雾气笼罩大地…,NDT_Desc_000167,
10308,1000,0,1,99,0,NDT_Contents_000168,"上面的亡灵,旁边的堕落精灵,下面是破坏的军力.真是让人愉快地情形呢.",NDT_Desc_000168,
10309,1000,0,1,99,0,NDT_Contents_000169,要在这里处理摧毁的计划. ,NDT_Desc_000169,
10310,1000,0,1,99,0,NDT_Contents_000170,周围能看见的东西很少.我们这群人有多少个能活下去呢…,NDT_Desc_000170,
10311,1000,0,1,99,0,NDT_Contents_000171,越是艰难的情况越要好好管理家畜因为家畜可能是我们最后的粮食.,NDT_Desc_000171,
10312,1000,0,1,99,0,NDT_Contents_000172,救救我们吧.救出一名也好.,NDT_Desc_000172,
10313,1000,0,1,99,0,NDT_Contents_000173,不管用什么手段都要把握现在的情报.,NDT_Desc_000173,
10314,1000,0,1,99,0,NDT_Contents_000174,"没有醒不来的梦,我的噩梦什么时候结束呢.",NDT_Desc_000174,
10315,1000,0,1,99,0,NDT_Contents_000175,不管用什么手段都要把握现在的情报.即使只有一个人也还是想要救更多的人.,NDT_Desc_000175,
10316,1000,0,1,99,0,NDT_Contents_000176,为了村子的安全要除掉周围的死灵技师.,NDT_Desc_000176,
10317,1000,0,1,99,0,NDT_Contents_000177,从堕落中逃出来的只有我们而已… 真是惨重.,NDT_Desc_000177,
10318,1000,0,1,99,0,NDT_Contents_000178,谢谢. 虽然只是一小会，托你的福我的意志摆脱了肉体的束缚,NDT_Desc_000178,
10319,1000,0,1,99,0,NDT_Contents_000179,呃….堕落的黑暗消失了吗? 你… 你把我们从堕落里就出来的?,NDT_Desc_000179,
10320,1000,0,1,99,0,NDT_Contents_000180,牟… (传来小牛犊害怕的叫声.),NDT_Desc_000180,
10321,1000,0,1,99,0,NDT_Contents_000181,欢迎.我是负责东门的奈森.,NDT_Desc_000181,
10322,1000,0,1,99,0,NDT_Contents_000182,我是来援助英穆海的.警备员杰特.,NDT_Desc_000182,
10323,1000,0,1,99,0,NDT_Contents_000183,呃… (好像受伤了.),NDT_Desc_000183,
10324,1000,0,1,99,0,NDT_Contents_000184,(冰凉的尸体，有战斗的痕迹.),NDT_Desc_000184,
10325,1000,0,1,99,0,NDT_Contents_000185,魔术师赛乐林.,NDT_Desc_000185,
10326,1000,0,1,99,0,NDT_Contents_000186,喜欢特别的食物吗?,NDT_Desc_000186,
10327,1000,0,1,99,0,NDT_Contents_000187,负责这里研究所的汉博特.,NDT_Desc_000187,
10328,1000,0,1,99,0,NDT_Contents_000188,(冰凉的尸体，有战斗的痕迹.),NDT_Desc_000188,
10329,1000,0,1,99,0,NDT_Contents_000189,欢迎来到风溪谷交易所,NDT_Desc_000189,
10330,1000,0,1,99,0,NDT_Contents_000190,祈祷光的庇佑.我是弟子朱丽娜.,NDT_Desc_000190,
10331,1000,0,1,99,0,NDT_Contents_000191,喜欢新的食物?,NDT_Desc_000191,
10332,1000,0,1,99,0,NDT_Contents_000192,管理风溪谷面粉风车的汉克.,NDT_Desc_000192,
10333,1000,0,1,99,0,NDT_Contents_000193,担任风溪谷制粉所警备的艾伦.,NDT_Desc_000193,
10334,1000,0,1,99,0,NDT_Contents_000194,啊...要找工具….,NDT_Desc_000194,
10335,1000,0,1,99,0,NDT_Contents_000195,最好的是烤的食物，喜欢吗?,NDT_Desc_000195,
10336,1000,0,1,99,0,NDT_Contents_000196,运输队遭到了袭击，真是出大事了.这里的负责人森特.,NDT_Desc_000196,
10337,1000,0,1,99,0,NDT_Contents_000197,祈祷光的庇佑.我是纳米艾.,NDT_Desc_000197,
10338,1000,0,1,99,0,NDT_Contents_000198,负责运输队保护的海德恩.,NDT_Desc_000198,
10339,1000,0,1,99,0,NDT_Contents_000199,(能感受到里头有生气.),NDT_Desc_000199,
10340,1000,0,1,99,0,NDT_Contents_000200,我是山脉商人指挥长德怀特.,NDT_Desc_000200,
10341,1000,0,1,99,0,NDT_Contents_000201,我是负责营地安全的普迪森.,NDT_Desc_000201,
10342,1000,0,1,99,0,NDT_Contents_000202,祈祷光的庇佑.我是叙利塔.,NDT_Desc_000202,
10343,1000,0,1,99,0,NDT_Contents_000203,看到我们父亲了吗,NDT_Desc_000203,
10344,1000,0,1,99,0,NDT_Contents_000204,(能感受到里头有生气.),NDT_Desc_000204,
10345,1000,0,1,99,0,NDT_Contents_000205,我是这里的负责人贝雷克.,NDT_Desc_000205,
10346,1000,0,1,99,0,NDT_Contents_000206,有很多受伤的人，能帮我们吗?,NDT_Desc_000206,
10347,1000,0,1,99,0,NDT_Contents_000207,呃…帮帮我吧…..,NDT_Desc_000207,
10348,1000,0,1,99,0,NDT_Contents_000208,大地最高研究所负责人库斯特纳.,NDT_Desc_000208,
10349,1000,0,1,99,0,NDT_Contents_000209,我负责这里的警备.,NDT_Desc_000209,
10350,1000,0,1,99,0,NDT_Contents_000210,祈祷光的庇佑.调查大地之塔的埃拉泽内.,NDT_Desc_000210,
10351,1000,0,1,99,0,NDT_Contents_000211,有趣的结局…,NDT_Desc_000211,
10352,1000,0,1,99,0,NDT_Contents_000212,要是我的假设是对的话….,NDT_Desc_000212,
10353,1000,0,1,99,0,NDT_Contents_000213,负责吉森特大人护卫的阿尔巴洛.,NDT_Desc_000213,
10354,1000,0,1,99,0,NDT_Contents_000214,喜欢树林?,NDT_Desc_000214,
10355,1000,0,1,99,0,NDT_Contents_000215,魔术师村的负责人依德恩.,NDT_Desc_000215,
10356,1000,0,1,99,0,NDT_Contents_000216,(看不清有巨大翅膀的哈比的攻击),NDT_Desc_000216,
10357,1000,0,1,99,0,NDT_Contents_000217,(看不清有巨大翅膀的哈比的攻击),NDT_Desc_000217,
10358,1000,0,1,99,0,NDT_Contents_000218,啊..为什么没有帮忙的人?,NDT_Desc_000218,
10359,1000,0,1,99,0,NDT_Contents_000219,这里的负责人巴伦.,NDT_Desc_000219,
10360,1000,0,1,99,0,NDT_Contents_000220,负责这里的警卫.,NDT_Desc_000220,
10361,1000,0,1,99,0,NDT_Contents_000221,别走!我是人!,NDT_Desc_000221,
10362,1000,0,1,99,0,NDT_Contents_000222,祈祷光的庇佑.弟子莱尼塔.,NDT_Desc_000222,
10363,1000,0,1,99,0,NDT_Contents_000223,祈祷光的庇佑.探查队的负责人贝尼亚.,NDT_Desc_000223,
10364,1000,0,1,99,0,NDT_Contents_000224,探查队魔术师负责人李希德.,NDT_Desc_000224,
10365,1000,0,1,99,0,NDT_Contents_000225,负责探查队兵力的本嘉顿.,NDT_Desc_000225,
10366,1000,0,1,99,0,NDT_Contents_000226,资源不足能帮忙么?,NDT_Desc_000226,
10367,1000,0,1,99,0,NDT_Contents_000227,不会让你抢走研究资料的!,NDT_Desc_000227,
10368,1000,0,1,99,0,NDT_Contents_000228,(用饥渴的眼神盯着你.),NDT_Desc_000228,
10369,1000,0,1,99,0,NDT_Contents_000229,(让人感到压迫的巨龙.),NDT_Desc_000229,
10370,1000,0,1,99,0,NDT_Contents_000230,(周围好像是龙的水葬.),NDT_Desc_000230,
10371,1000,0,1,99,0,NDT_Contents_000231,(好像对我没有敌对感.),NDT_Desc_000231,
10372,1000,0,1,99,0,NDT_Contents_000232,欢迎来到愤怒山脉的最前线.我是负责侦察队的克莱顿.,NDT_Desc_000232,
10373,1000,0,1,99,0,NDT_Contents_000233,侦察兵托特.,NDT_Desc_000233,
10374,1000,0,1,99,0,NDT_Contents_000234,（冰冷的尸体还留有战斗的痕迹）,NDT_Desc_000234,
10501,1000,0,1,99,0,NDT_Contents_000235,欢迎来到莱昂哈特要塞.我是这个要塞的主人爱普莱德D莱昂哈特.,NDT_Desc_000235,
10502,1000,0,1,99,0,NDT_Contents_000236,我是莱昂哈特白作家的家臣莱德.负责要塞的补给.,NDT_Desc_000236,
10503,1000,0,1,99,0,NDT_Contents_000237,终于等到期待已久的英雄登场了? /n /n哈哈哈我是莱昂哈特白作家的参谋.叫我愉快地多尼安.,NDT_Desc_000237,
10504,1000,0,1,99,0,NDT_Contents_000238,这里危险.小心周围.,NDT_Desc_000238,
10505,1000,0,1,99,0,NDT_Contents_000239,要处理疫病的扩散.请帮助我们.,NDT_Desc_000239,
10506,1000,0,1,99,0,NDT_Contents_000240,要想调查周围首先要确保夜营地的安全,NDT_Desc_000240,
10507,1000,0,1,99,0,NDT_Contents_000241,这状况真是伤脑筋.要赶紧了,NDT_Desc_000241,
10508,1000,0,1,99,0,NDT_Contents_000242,要以最快的速度让关口恢复正常.,NDT_Desc_000242,
10509,1000,0,1,99,0,NDT_Contents_000243,来的真是时候.我是关门的补给官卡丁.,NDT_Desc_000243,
10510,1000,0,1,99,0,NDT_Contents_000244,有着英雄美赞的 $Getname()大人，您的到来真是太好了.真的是不知如何是好了现在.,NDT_Desc_000244,
10511,1000,0,1,99,0,NDT_Contents_000245,四周都是敌人.真是有趣的状况呢，不是么?,NDT_Desc_000245,
10512,1000,0,1,99,0,NDT_Contents_000246,用时间补助.准备好了吗?,NDT_Desc_000246,
10513,1000,0,1,99,0,NDT_Contents_000247,好恶毒的瘟疫雾气呀.我们要赶在感染之前做好净化工作.,NDT_Desc_000247,
10514,1000,0,1,99,0,NDT_Contents_000248,能感受到死者是的亡灵... 真是悲伤.,NDT_Desc_000248,
10515,1000,0,1,99,0,NDT_Contents_000249,站着都能听到万灵的悲鸣.真是个恐怖的地方.,NDT_Desc_000249,
10516,1000,0,1,99,0,NDT_Contents_000250,农场废墟?那真是有调查价值呢.,NDT_Desc_000250,
10517,1000,0,1,99,0,NDT_Contents_000251,最大限度的压制黑暗.仔细调查周围情况. ,NDT_Desc_000251,
10518,1000,0,1,99,0,NDT_Contents_000252,假的村子…现在该公开这个秘密了.,NDT_Desc_000252,
10519,1000,0,1,99,0,NDT_Contents_000253,对于假的存在来说是永远的安息…,NDT_Desc_000253,
10520,1000,0,1,99,0,NDT_Contents_000254,太糟糕了.克拉里尔斯城已经是黑暗势力的了,NDT_Desc_000254,
10521,1000,0,1,99,0,NDT_Contents_000255,是决断的时间了.,NDT_Desc_000255,
10522,1000,0,1,99,0,NDT_Contents_000256,现在没有地方可去了.要集齐最后的力量驱逐黑暗. /n /n光的引导者$Getname()大人，站到我们的战线上吧,NDT_Desc_000256,
10523,1000,0,1,99,0,NDT_Contents_000257,伟大的光的领导者，英穆海的英雄$Getname()大人一起祈祷光的庇佑,NDT_Desc_000257,
10524,1000,0,1,99,0,NDT_Contents_000258,大家都在期待着$Getname()大人的行动.所以，伟大的英雄啊以后就拜托你了. ,NDT_Desc_000258,
10525,1000,0,1,99,0,NDT_Contents_000259,代表绿色羽毛骑士团，在等待 $Getname()大人. /n /n以后能帮助我们就好了.,NDT_Desc_000259,
10526,1000,0,1,99,0,NDT_Contents_000260,虽然是第一次见，但不愧是英穆海的英雄呀. /n /n我是格洛丽亚商团 12位管理者中的一个威尔. ,NDT_Desc_000260,
10527,1000,0,1,99,0,NDT_Contents_000261,能见到英穆海的守护神$Getname()大人是我的光荣.我是绿色羽毛的骑士佩雷斯.,NDT_Desc_000261,
10528,1000,0,1,99,0,NDT_Contents_000262,祈祷光的庇佑… /n /n等到英雄的到来.,NDT_Desc_000262,
10600,1000,0,1,99,0,NDT_Contents_000263,快来吧，英穆海的英雄啊.接受命运的启示在等待着.,NDT_Desc_000263,
10701,1000,0,1,99,0,NDT_Contents_000264,欢迎$Getname()大人到来.我是落叶村的负责人，指挥官普洛兰斯.,NDT_Desc_000264,
10702,1000,0,1,99,0,NDT_Contents_000265,呦. 您好.英穆海的英雄终于来了.,NDT_Desc_000265,
10703,1000,0,1,99,0,NDT_Contents_000266,地区欢乐，人变了，补给官的工作还是一样.,NDT_Desc_000266,
10704,1000,0,1,99,0,NDT_Contents_000267,为落叶村的以后担心.,NDT_Desc_000267,
10705,1000,0,1,99,0,NDT_Contents_000268,小心接近. /n /n要警戒四周.,NDT_Desc_000268,
10706,1000,0,1,99,0,NDT_Contents_000269,等待的人终于来了.我是蔚蓝藤蔓的思念.莉诺雅.,NDT_Desc_000269,
10707,1000,0,1,99,0,NDT_Contents_000270,慢了一点.,NDT_Desc_000270,
10708,1000,0,1,99,0,NDT_Contents_000271,负责野营地补给的拉那德.,NDT_Desc_000271,
10709,1000,0,1,99,0,NDT_Contents_000272,噩梦的力量在变大…要在迟之前阻挡.,NDT_Desc_000272,
10710,1000,0,1,99,0,NDT_Contents_000273,梦的运气在歪斜.要在迟之前释放已经构成的梦.,NDT_Desc_000273,
10711,1000,0,1,99,0,NDT_Contents_000274,要守住防御.请帮帮忙,NDT_Desc_000274,
10712,1000,0,1,99,0,NDT_Contents_000275,周围都是敌人. 稍有不慎我们都会全军覆灭.,NDT_Desc_000275,
10713,1000,0,1,99,0,NDT_Contents_000276,随着情况的恶化补给很重要.饿着肚子的士兵可打不了胜战.,NDT_Desc_000276,
10714,1000,0,1,99,0,NDT_Contents_000277,(发现巨大的蛋.),NDT_Desc_000277,
10715,1000,0,1,99,0,NDT_Contents_000278,标志这种状况下可行的方法.,NDT_Desc_000278,
10716,1000,0,1,99,0,NDT_Contents_000279,为$Getname()大人祈祷光的庇佑. /n /n需要的话，什么样的伤口都能恢复. /n /n要修复伤口吗?,NDT_Desc_000279,
10811,1000,0,1,99,0,NDT_Contents_000280,日族的新苗呀，欢迎你来到安息的村子. ,NDT_Desc_000280,
10812,1000,0,1,99,0,NDT_Contents_000281,我是团长克洛乌.安息村的负责人.,NDT_Desc_000281,
10813,1000,0,1,99,0,NDT_Contents_000282,补给不足.. 补给…该怎么办…,NDT_Desc_000282,
10814,1000,0,1,99,0,NDT_Contents_000283,我是分队长布莱特。什么任务吗？,NDT_Desc_000283,
10815,1000,0,1,99,0,NDT_Contents_000284,没有解决办法吗?,NDT_Desc_000284,
10816,1000,0,1,99,0,NDT_Contents_000285,欢迎来到安息的前院. 日族的新芽.,NDT_Desc_000285,
20001,1000,0,1,99,0,NDT_Contents_000286,植物都变得和从前不一样了.这是为什么?,NDT_Desc_000286,
20002,1000,0,1,99,0,NDT_Contents_000287,向您这样的英雄，什么时候都欢迎.,NDT_Desc_000287,
20003,1000,0,1,99,0,NDT_Contents_000288,谁? 好像在哪里见过……,NDT_Desc_000288,
20004,1000,0,1,99,0,NDT_Contents_000289,一定要对自己的事情负责并完成它.,NDT_Desc_000289,
20005,1000,0,1,99,0,NDT_Contents_000290,不知英穆海的小伙子什么时候来.要赶紧收拾混乱.,NDT_Desc_000290,
20006,1000,0,1,99,0,NDT_Contents_000291,清理了哥布林准备对付英穆海.,NDT_Desc_000291,
20007,1000,0,1,99,0,NDT_Contents_000292,(死了.),NDT_Desc_000292,
20008,1000,0,1,99,0,NDT_Contents_000293,都怪奇怪的花粉，没力气了,NDT_Desc_000293,
20009,1000,0,1,99,0,NDT_Contents_000294,想学魔术.对你来说是无尽的快乐.,NDT_Desc_000294,
20010,1000,0,1,99,0,NDT_Contents_000295,旅行中? 在我们手够不着的地方是很危险的请小心.,NDT_Desc_000295,
20011,1000,0,1,99,0,NDT_Contents_000296,等我的研究结束了能给英穆海狠狠一击,NDT_Desc_000296,
20012,1000,0,1,99,0,NDT_Contents_000297,呃…… 脚……,NDT_Desc_000297,
20013,1000,0,1,99,0,NDT_Contents_000298,从英穆海那受的伤很多?.收了这礼物请帮我治好吧.,NDT_Desc_000298,
20014,1000,0,1,99,0,NDT_Contents_000299,"要常常我做的虫子汁吗? 能让身体结实,心也结实.",NDT_Desc_000299,
20015,1000,0,1,99,0,NDT_Contents_000300,说是摧毁，不要怕它,NDT_Desc_000300,
20016,1000,0,1,99,0,NDT_Contents_000301,再不能解决问题的时候先放到一边休息一会比较好,NDT_Desc_000301,
20017,1000,0,1,99,0,NDT_Contents_000302,不能把背给英穆海那群家伙,NDT_Desc_000302,
20018,1000,0,1,99,0,NDT_Contents_000303,不知道英穆海那群家伙什么时候会攻过来，所以要一直警戒,NDT_Desc_000303,
20019,1000,0,1,99,0,NDT_Contents_000304,在做驯服蜘蛛的实验,NDT_Desc_000304,
20020,1000,0,1,99,0,NDT_Contents_000305,我的剑.我宝贵的 剑.,NDT_Desc_000305,
20021,1000,0,1,99,0,NDT_Contents_000306,突然出现强大的家伙，我们很危险，你要小心,NDT_Desc_000306,
20022,1000,0,1,99,0,NDT_Contents_000307,出现了新生物，是谁创造的呢？,NDT_Desc_000307,
20023,1000,0,1,99,0,NDT_Contents_000308,活着真好,NDT_Desc_000308,
20024,1000,0,1,99,0,NDT_Contents_000309,见到您这样的英雄真是开心. 看到了代莫尔利森的未来了.,NDT_Desc_000309,
20025,1000,0,1,99,0,NDT_Contents_000310,没有别的事情的话请走吧,NDT_Desc_000310,
20026,1000,0,1,99,0,NDT_Contents_000311,看到高丽雅思大人了吗? 我有话给他.,NDT_Desc_000311,
20027,1000,0,1,99,0,NDT_Contents_000312,有趣的事开始了. 会怎么和进展呢……,NDT_Desc_000312,
20028,1000,0,1,99,0,NDT_Contents_000313,是帮我还是不帮？,NDT_Desc_000313,
20029,1000,0,1,99,0,NDT_Contents_000314,高丽雅思大人的功绩广泛流传. 要赶上他你要努力了.,NDT_Desc_000314,
20030,1000,0,1,99,0,NDT_Contents_000315,毒是一种有魅力的物质,NDT_Desc_000315,
20031,1000,0,1,99,0,NDT_Contents_000316,孩子，你在哪里？,NDT_Desc_000316,
20032,1000,0,1,99,0,NDT_Contents_000317,文爱普的未来就在你的手上了,NDT_Desc_000317,
20033,1000,0,1,99,0,NDT_Contents_000318,丈夫在和英穆海的战争中负伤回来了,NDT_Desc_000318,
20034,1000,0,1,99,0,NDT_Contents_000319,向寒冷屈服的不是代莫尔利森的勇士！,NDT_Desc_000319,
20035,1000,0,1,99,0,NDT_Contents_000320,冷，真冷,NDT_Desc_000320,
20036,1000,0,1,99,0,NDT_Contents_000321,自从狼族和我们断了交流后，奇怪的事就开始发生,NDT_Desc_000321,
20037,1000,0,1,99,0,NDT_Contents_000322,在这种寒冷的天气，来一杯烈酒最适合不过了.,NDT_Desc_000322,
20038,1000,0,1,99,0,NDT_Contents_000323,要让山贼看看我们的本事,NDT_Desc_000323,
20039,1000,0,1,99,0,NDT_Contents_000324,现在不能和狼族会面吗？,NDT_Desc_000324,
20040,1000,0,1,99,0,NDT_Contents_000325,不能就这样把特鲁尔这群家伙扔这!,NDT_Desc_000325,
20041,1000,0,1,99,0,NDT_Contents_000326,因为有你在很安心,NDT_Desc_000326,
20042,1000,0,1,99,0,NDT_Contents_000327,(没死多久.),NDT_Desc_000327,
20043,1000,0,1,99,0,NDT_Contents_000328,不是朋友....,NDT_Desc_000328,
20044,1000,0,1,99,0,NDT_Contents_000329,乌美…...勒. 对不…….起.,NDT_Desc_000329,
20045,1000,0,1,99,0,NDT_Contents_000330,没有像松子一样好吃的东西.你难道不是我的松子游戏吗?,NDT_Desc_000330,
20046,1000,0,1,99,0,NDT_Contents_000331,想要和狼族同盟吗? 还是和他们不和呀.,NDT_Desc_000331,
20047,1000,0,1,99,0,NDT_Contents_000332,虽然现在是进退两难的境地，但只要你站出来我们可以战胜的.,NDT_Desc_000332,
20048,1000,0,1,99,0,NDT_Contents_000333,这个地方弥漫着奇怪的气息.从哪里来的呢?,NDT_Desc_000333,
20049,1000,0,1,99,0,NDT_Contents_000334,侦查需要精确地观察.您可能陷入危机完全错误.,NDT_Desc_000334,
20050,1000,0,1,99,0,NDT_Contents_000335,现在来了吗？,NDT_Desc_000335,
20051,1000,0,1,99,0,NDT_Contents_000336,风从湖的裂缝到来，是另一种力量.,NDT_Desc_000336,
20052,1000,0,1,99,0,NDT_Contents_000337,狼家族的新族长采取敌视态度.小心,NDT_Desc_000337,
20053,1000,0,1,99,0,NDT_Contents_000338,不管怎么说钱是最棒的,NDT_Desc_000338,
20054,1000,0,1,99,0,NDT_Contents_000339,(僵硬的尸体),NDT_Desc_000339,
20055,1000,0,1,99,0,NDT_Contents_000340,钱是万能。能够做任何事情.,NDT_Desc_000340,
20056,1000,0,1,99,0,NDT_Contents_000341,他们揭示了这头狼家族的性质。他们开始攻击我们。!,NDT_Desc_000341,
20057,1000,0,1,99,0,NDT_Contents_000342,大肌肉是美丽的。平滑弯曲的美国，这是自然的自我。,NDT_Desc_000342,
20058,1000,0,1,99,0,NDT_Contents_000343,现在的危机，但如果每个人都团结起来克服。,NDT_Desc_000343,
20059,1000,0,1,99,0,NDT_Contents_000344,生病的弟弟。我该怎么办？,NDT_Desc_000344,
20060,1000,0,1,99,0,NDT_Contents_000345,我有很多奇怪的事情在这里日元。神是否打算做研究。,NDT_Desc_000345,
20061,1000,0,1,99,0,NDT_Contents_000346,Eopdane这样做，因为暴风雪的工作做好。,NDT_Desc_000346,
20062,1000,0,1,99,0,NDT_Contents_000347,请帮助我们的主。,NDT_Desc_000347,
20063,1000,0,1,99,0,NDT_Contents_000348,哦，你的骨干，是很难浏览强悍的狼部落。郝很大。,NDT_Desc_000348,
20064,1000,0,1,99,0,NDT_Contents_000349,我们需要比较的，英穆海i。我们需要破坏功率ahkeurodeu的平衡。,NDT_Desc_000349,
20065,1000,0,1,99,0,NDT_Contents_000350,阿黛拉的不一样睡学习和友谊。,NDT_Desc_000350,
20066,1000,0,1,99,0,NDT_Contents_000351,再也没有向您一样有只是的人了,NDT_Desc_000351,
20067,1000,0,1,99,0,NDT_Contents_000352,……,NDT_Desc_000352,
20068,1000,0,1,99,0,NDT_Contents_000353,狼家族的新掌门是不喜欢我们来。,NDT_Desc_000353,
20069,1000,0,1,99,0,NDT_Contents_000354,这伟大的勇敢。令人印象深刻。,NDT_Desc_000354,
20070,1000,0,1,99,0,NDT_Contents_000355,……,NDT_Desc_000355,
20071,1000,0,1,99,0,NDT_Contents_000356,那个……不是的.,NDT_Desc_000356,
20072,1000,0,1,99,0,NDT_Contents_000357,没有什么有趣的事吗?,NDT_Desc_000357,
20073,1000,0,1,99,0,NDT_Contents_000358,……,NDT_Desc_000358,
20074,1000,0,1,99,0,NDT_Contents_000359,我可怜的弟弟……,NDT_Desc_000359,
20075,1000,0,1,99,0,NDT_Contents_000360,如果是代莫尔利森的一员，无论是谁我们都欢迎.,NDT_Desc_000360,
20076,1000,0,1,99,0,NDT_Contents_000361,……,NDT_Desc_000361,
20077,1000,0,1,99,0,NDT_Contents_000362,作为代莫尔利森的一员应该骄傲.,NDT_Desc_000362,
20078,1000,0,1,99,0,NDT_Contents_000363,……,NDT_Desc_000363,
20079,1000,0,1,99,0,NDT_Contents_000364,……,NDT_Desc_000364,
20080,1000,0,1,99,0,NDT_Contents_000365,忙。我很忙。,NDT_Desc_000365,
20081,1000,0,1,99,0,NDT_Contents_000366,这是怎么回事？,NDT_Desc_000366,
20082,1000,0,1,99,0,NDT_Contents_000367,登加喝？,NDT_Desc_000367,
20083,1000,0,1,99,0,NDT_Contents_000368,很难摆在那里，你感到骄傲的。,NDT_Desc_000368,
20084,1000,0,1,99,0,NDT_Contents_000369,要获得英穆海i宰人总得找我！,NDT_Desc_000369,
20085,1000,0,1,99,0,NDT_Contents_000370,在战场重要的事情要保持身体。教会应该生活得更加一个人，不是吗？,NDT_Desc_000370,
20086,1000,0,1,99,0,NDT_Contents_000371,我们锐利武器奠定了那里绝不逊色。,NDT_Desc_000371,
20087,1000,0,1,99,0,NDT_Contents_000372,谁你想离开你的生活？,NDT_Desc_000372,
20088,1000,0,1,99,0,NDT_Contents_000373,哈氏个你需要什么？凡是！,NDT_Desc_000373,
20089,1000,0,1,99,0,NDT_Contents_000374,你试图要承担合同？,NDT_Desc_000374,
20090,1000,0,1,99,0,NDT_Contents_000375,一旦武器和盔甲，破坏了我。,NDT_Desc_000375,
20091,1000,0,1,99,0,NDT_Contents_000376,我可以帮你无论是什么事情。,NDT_Desc_000376,
20092,1000,0,1,99,0,NDT_Contents_000377,你想拥有更明亮的外观？那么它来了。,NDT_Desc_000377,
20093,1000,0,1,99,0,NDT_Contents_000378,降低祝福你。,NDT_Desc_000378,
20094,1000,0,1,99,0,NDT_Contents_000379,看看什么细一点更多？现在，来了。,NDT_Desc_000379,
20095,1000,0,1,99,0,NDT_Contents_000380,如果没有狂欢的世界不会有乐趣。,NDT_Desc_000380,
20096,1000,0,1,99,0,NDT_Contents_000381,英穆海人摆脱萨萨里！,NDT_Desc_000381,
20097,1000,0,1,99,0,NDT_Contents_000382,你想卖这种东西？让我卖良好的价值。,NDT_Desc_000382,
20098,1000,0,1,99,0,NDT_Contents_000383,请留下你的东西给我。我会保证它的安全。,NDT_Desc_000383,
20099,1000,0,1,99,0,NDT_Contents_000384,拆迁负责我们。,NDT_Desc_000384,
20100,1000,0,1,99,0,NDT_Contents_000385,战斗机是是一台机器，消耗战币支付获得赔偿金作为随机所需评级的项目之一的战场。,NDT_Desc_000385,
20101,1000,0,1,99,0,NDT_Contents_000386,拆迁正在寻找勇敢地走上了字。,NDT_Desc_000386,
20102,1000,0,1,99,0,NDT_Contents_000387,凡将有助于？,NDT_Desc_000387,
20103,1000,0,1,99,0,NDT_Contents_000388,拆迁是我们必须反对和英穆海i斗争。为了我们的孩子，马的未来。,NDT_Desc_000388,
20104,1000,0,1,99,0,NDT_Contents_000389,那么，什么有趣的事？,NDT_Desc_000389,
20105,1000,0,1,99,0,NDT_Contents_000390,这两个光照亮我们四个人。继光希深渊 - 激情人工鱼礁光环?。四会导致这两个英雄。 英穆海i抽签折叠你的头的旗帜走向未来。,NDT_Desc_000390,
20106,1000,0,1,99,0,NDT_Contents_000391,继希腊的和高丽亚我们没有那个和尚。,NDT_Desc_000391,
20107,1000,0,1,99,0,NDT_Contents_000392,创建一个壮举不拆比人才。,NDT_Desc_000392,
20108,1000,0,1,99,0,NDT_Contents_000393,关闭更多制造这很简单。,NDT_Desc_000393,
20109,1000,0,1,99,0,NDT_Contents_000394,炼金术的确方式到无穷大。,NDT_Desc_000394,
20110,1000,0,1,99,0,NDT_Contents_000395,炼金术是不是贪婪的技术，使黄金。它改变的事情，并积极思考的力量。,NDT_Desc_000395,
20111,1000,0,1,99,0,NDT_Contents_000396,我没有间隙忙着说话。,NDT_Desc_000396,
20112,1000,0,1,99,0,NDT_Contents_000397,多少钱保持关闭。不是这个时候。,NDT_Desc_000397,
20113,1000,0,1,99,0,NDT_Contents_000398,花赢得了如此多的强大和困难，使你的东西？新手看起来很不错。,NDT_Desc_000398,
20114,1000,0,1,99,0,NDT_Contents_000399,公会？,NDT_Desc_000399,
20115,1000,0,1,99,0,NDT_Contents_000400,欢迎。随着拆迁的英雄。,NDT_Desc_000400,
20116,1000,0,1,99,0,NDT_Contents_000401,环顾四周，这么多质量的武器。,NDT_Desc_000401,
20117,1000,0,1,99,0,NDT_Contents_000402,他住在战场上的理由穿一件好事！,NDT_Desc_000402,
20118,1000,0,1,99,0,NDT_Contents_000403,我们家的东西当心一天良好的丹尼斯。,NDT_Desc_000403,
20119,1000,0,1,99,0,NDT_Contents_000404,有一个坚固的东西。,NDT_Desc_000404,
20120,1000,0,1,99,0,NDT_Contents_000405,只要告诉！你需要的东西。,NDT_Desc_000405,
20121,1000,0,1,99,0,NDT_Contents_000406,维修工作委托给了我。,NDT_Desc_000406,
20122,1000,0,1,99,0,NDT_Contents_000407,这两种情况可高兴修复它。,NDT_Desc_000407,
20123,1000,0,1,99,0,NDT_Contents_000408,我会尽我所能,NDT_Desc_000408,
20124,1000,0,1,99,0,NDT_Contents_000409,准备仪式。,NDT_Desc_000409,
20125,1000,0,1,99,0,NDT_Contents_000410,试着说你想要的。,NDT_Desc_000410,
20126,1000,0,1,99,0,NDT_Contents_000411,请说说您要的东西,NDT_Desc_000411,
20127,1000,0,1,99,0,NDT_Contents_000412,哼，滚！,NDT_Desc_000412,
20128,1000,0,1,99,0,NDT_Contents_000413,你要去哪里？,NDT_Desc_000413,
20129,1000,0,1,99,0,NDT_Contents_000414,离开它有信心！,NDT_Desc_000414,
20130,1000,0,1,99,0,NDT_Contents_000415,请放心交给我吧！,NDT_Desc_000415,
20131,1000,0,1,99,0,NDT_Contents_000416,禁止闲话。,NDT_Desc_000416,
20132,1000,0,1,99,0,NDT_Contents_000417,呵呵。有力气了吗？,NDT_Desc_000417,
20133,1000,0,1,99,0,NDT_Contents_000418,哈西娜想要什么？如果你只是想要钱。,NDT_Desc_000418,
20134,1000,0,1,99,0,NDT_Contents_000419,怪兽来了邪恶的英穆海继续收紧我们的脖子！所有人起床和打击他们！,NDT_Desc_000419,
20135,1000,0,1,99,0,NDT_Contents_000420,呵呵。是啊，是啊。,NDT_Desc_000420,
20136,1000,0,1,99,0,NDT_Contents_000421,海姆达尔落在像太阳日落，已经消失了四个月一年出等。超越地平线不久前的故事。,NDT_Desc_000421,
20137,1000,0,1,99,0,NDT_Contents_000422,这是悲伤的故事。,NDT_Desc_000422,
20138,1000,0,1,99,0,NDT_Contents_000423,......,NDT_Desc_000423,
20139,1000,0,1,99,0,NDT_Contents_000424,......,NDT_Desc_000424,
20140,1000,0,1,99,0,NDT_Contents_000425,凑合？,NDT_Desc_000425,
20141,1000,0,1,99,0,NDT_Contents_000426,帕拉只简单地,NDT_Desc_000426,
20142,1000,0,1,99,0,NDT_Contents_000427,并非所有谁遵循我的灵巧！,NDT_Desc_000427,
20143,1000,0,1,99,0,NDT_Contents_000428,给它所有的情况下，并在公会。,NDT_Desc_000428,
20144,1000,0,1,99,0,NDT_Contents_000429,...... / n / n发生了什么？,NDT_Desc_000429,
20145,1000,0,1,99,0,NDT_Contents_000430,查找队受欢迎的。认识你很高兴。,NDT_Desc_000430,
20146,1000,0,1,99,0,NDT_Contents_000431,哈哈哈，眼睛。,NDT_Desc_000431,
20147,1000,0,1,99,0,NDT_Contents_000432,这就是所谓的最好的！我来到了正确的地方。,NDT_Desc_000432,
20148,1000,0,1,99,0,NDT_Contents_000433,哈哈。最后yirogun客人。,NDT_Desc_000433,
20149,1000,0,1,99,0,NDT_Contents_000434,现在，你挑。,NDT_Desc_000434,
20150,1000,0,1,99,0,NDT_Contents_000435,没有任何地方。,NDT_Desc_000435,
20151,1000,0,1,99,0,NDT_Contents_000436,所以你看我......我太羞愧了。,NDT_Desc_000436,
20152,1000,0,1,99,0,NDT_Contents_000437,很多好的店铺。,NDT_Desc_000437,
20153,1000,0,1,99,0,NDT_Contents_000438,这是一个很多比其他地方更好。,NDT_Desc_000438,
20154,1000,0,1,99,0,NDT_Contents_000439,你病了？,NDT_Desc_000439,
20155,1000,0,1,99,0,NDT_Contents_000440,这是索巴的作业创建。固化的芽。,NDT_Desc_000440,
20156,1000,0,1,99,0,NDT_Contents_000441,就做一个可以了。,NDT_Desc_000441,
20157,1000,0,1,99,0,NDT_Contents_000442,我有它。,NDT_Desc_000442,
20158,1000,0,1,99,0,NDT_Contents_000443,是什么让你想看到什么？,NDT_Desc_000443,
20159,1000,0,1,99,0,NDT_Contents_000444,你会不会尝试做饭吗？,NDT_Desc_000444,
20160,1000,0,1,99,0,NDT_Contents_000445,有一天我会出去与制造的武器在战场上。,NDT_Desc_000445,
20161,1000,0,1,99,0,NDT_Contents_000446,这是很好的镇定一下自己。不要忽视。,NDT_Desc_000446,
20162,1000,0,1,99,0,NDT_Contents_000447,如果他做了战士应该会明白的。,NDT_Desc_000447,
20163,1000,0,1,99,0,NDT_Contents_000448,我可以帮你,NDT_Desc_000448,
20164,1000,0,1,99,0,NDT_Contents_000449,它看起来味道更好。,NDT_Desc_000449,
20165,1000,0,1,99,0,NDT_Contents_000450,只显示最好的产品。,NDT_Desc_000450,
20166,1000,0,1,99,0,NDT_Contents_000451,谁卖东西，你可以写任何好转。,NDT_Desc_000451,
20167,1000,0,1,99,0,NDT_Contents_000452,熟练只卖只处理。,NDT_Desc_000452,
20168,1000,0,1,99,0,NDT_Contents_000453,治疗只有前首席。,NDT_Desc_000453,
20169,1000,0,1,99,0,NDT_Contents_000454,卖暴发户东西也可以使用。,NDT_Desc_000454,
20170,1000,0,1,99,0,NDT_Contents_000455,请慎重选择，如果你想住在战场上。,NDT_Desc_000455,
20171,1000,0,1,99,0,NDT_Contents_000456,坚固的情况下，有。告诉充满信心。,NDT_Desc_000456,
20172,1000,0,1,99,0,NDT_Contents_000457,......,NDT_Desc_000457,
20173,1000,0,1,99,0,NDT_Contents_000458,英穆海人是我的朋友...... ..泰达一定要报仇！,NDT_Desc_000458,
20174,1000,0,1,99,0,NDT_Contents_000459,生音在这里和那里。,NDT_Desc_000459,
20175,1000,0,1,99,0,NDT_Contents_000460,哇。真棒。我怎么能较大，如你呢？,NDT_Desc_000460,
20176,1000,0,1,99,0,NDT_Contents_000461,英穆海i它带走了家庭，亲人的一切。,NDT_Desc_000461,
20177,1000,0,1,99,0,NDT_Contents_000462,继希腊的是不是太漂亮分钟？,NDT_Desc_000462,
20178,1000,0,1,99,0,NDT_Contents_000463,一些不具备从这个世界上消失。烂政客，说，这笔钱的经销商，和球员英穆海i,NDT_Desc_000463,
20179,1000,0,1,99,0,NDT_Contents_000464,如果您想更坚实的自我。,NDT_Desc_000464,
20180,1000,0,1,99,0,NDT_Contents_000465,继希腊是最好的！,NDT_Desc_000465,
20181,1000,0,1,99,0,NDT_Contents_000466,继希腊和尚高丽亚不是你，你都是伟大。,NDT_Desc_000466,
20182,1000,0,1,99,0,NDT_Contents_000467,希腊人跟着我们石田的是绝对的。,NDT_Desc_000467,
20183,1000,0,1,99,0,NDT_Contents_000468,你高丽亚活跃在你的战斗？问如果你只是没有看到。因为就像力的神。,NDT_Desc_000468,
20184,1000,0,1,99,0,NDT_Contents_000469,太糟糕了，你不进球我英穆海i家伙在战场上。,NDT_Desc_000469,
20185,1000,0,1,99,0,NDT_Contents_000470,在搜索？,NDT_Desc_000470,
20186,1000,0,1,99,0,NDT_Contents_000471,我可以帮你我希望你在找什么。,NDT_Desc_000471,
20187,1000,0,1,99,0,NDT_Contents_000472,您的贵重物品，我会妥善保管。,NDT_Desc_000472,
20188,1000,0,1,99,0,NDT_Contents_000473,你的东西，我会继续激烈。,NDT_Desc_000473,
20189,1000,0,1,99,0,NDT_Contents_000474,无聊。,NDT_Desc_000474,
20190,1000,0,1,99,0,NDT_Contents_000475,我一直奴役月神。,NDT_Desc_000475,
20191,1000,0,1,99,0,NDT_Contents_000476,要等待，看看有鬼好。,NDT_Desc_000476,
20192,1000,0,1,99,0,NDT_Contents_000477,总得不要错过任何小颗粒??。,NDT_Desc_000477,
20193,1000,0,1,99,0,NDT_Contents_000478,在那里我看到......,NDT_Desc_000478,
20194,1000,0,1,99,0,NDT_Contents_000479,当我来到展示我的技能，作为一个幽灵。,NDT_Desc_000479,
20195,1000,0,1,99,0,NDT_Contents_000480,可疑人物？,NDT_Desc_000480,
20196,1000,0,1,99,0,NDT_Contents_000481,要守护关口。,NDT_Desc_000481,
20197,1000,0,1,99,0,NDT_Contents_000482,打起精神。,NDT_Desc_000482,
20198,1000,0,1,99,0,NDT_Contents_000483,滋养还多。,NDT_Desc_000483,
20199,1000,0,1,99,0,NDT_Contents_000484,清除。,NDT_Desc_000484,
20200,1000,0,1,99,0,NDT_Contents_000485,萤火虫月神回到旧的宁静。,NDT_Desc_000485,
20201,1000,0,1,99,0,NDT_Contents_000486,可疑人物？,NDT_Desc_000486,
20202,1000,0,1,99,0,NDT_Contents_000487,什么怎么大不了的？,NDT_Desc_000487,
20203,1000,0,1,99,0,NDT_Contents_000488,好吧。它只有问。,NDT_Desc_000488,
20204,1000,0,1,99,0,NDT_Contents_000489,我的父亲甚至没有做这个工作。,NDT_Desc_000489,
20205,1000,0,1,99,0,NDT_Contents_000490,英穆海他们痛苦，因为我们这样做。,NDT_Desc_000490,
20206,1000,0,1,99,0,NDT_Contents_000491,英穆海'm不是一回事更多不正当的私生子。,NDT_Desc_000491,
20207,1000,0,1,99,0,NDT_Contents_000492,英穆海他们毁了一切。,NDT_Desc_000492,
20208,1000,0,1,99,0,NDT_Contents_000493,我曾经摆动双臂英穆海他五关deogun出来。哈哈哈。,NDT_Desc_000493,
20209,1000,0,1,99,0,NDT_Contents_000494,英穆海球员。没有人的拳头街。,NDT_Desc_000494,
20210,1000,0,1,99,0,NDT_Contents_000495,阴暗的房间，英穆海杀了他。,NDT_Desc_000495,
20211,1000,0,1,99,0,NDT_Contents_000496,相反，援助使得英穆海说你们挺身而出？谢谢。,NDT_Desc_000496,
20212,1000,0,1,99,0,NDT_Contents_000497,两天不到。,NDT_Desc_000497,
20213,1000,0,1,99,0,NDT_Contents_000498,请打败英穆海家伙来了。,NDT_Desc_000498,
20214,1000,0,1,99,0,NDT_Contents_000499,我真的是高丽亚和尚。,NDT_Desc_000499,
20215,1000,0,1,99,0,NDT_Contents_000500,你是谁？,NDT_Desc_000500,
20216,1000,0,1,99,0,NDT_Contents_000501,奴役月神是我的家。一定要守护。,NDT_Desc_000501,
20217,1000,0,1,99,0,NDT_Contents_000502,哈哈哈。,NDT_Desc_000502,
20218,1000,0,1,99,0,NDT_Contents_000503,你好。我是莫利亚。有些事情，你见过他吗？,NDT_Desc_000503,
20219,1000,0,1,99,0,NDT_Contents_000504,要坚守。,NDT_Desc_000504,
20220,1000,0,1,99,0,NDT_Contents_000505,我会保持你的珍贵的东西好。,NDT_Desc_000505,
20221,1000,0,1,99,0,NDT_Contents_000506,那一个......你住在哪里？,NDT_Desc_000506,
20222,1000,0,1,99,0,NDT_Contents_000507,当它甚至打破东西？,NDT_Desc_000507,
20223,1000,0,1,99,0,NDT_Contents_000508,来吧。关于给我买的。,NDT_Desc_000508,
20224,1000,0,1,99,0,NDT_Contents_000509,看，只买了一个。,NDT_Desc_000509,
20225,1000,0,1,99,0,NDT_Contents_000510,很多好东西。你看。,NDT_Desc_000510,
20226,1000,0,1,99,0,NDT_Contents_000511,有许多好东西，看看吧。,NDT_Desc_000511,
20227,1000,0,1,99,0,NDT_Contents_000512,我卖那个东西万事如意！,NDT_Desc_000512,
20228,1000,0,1,99,0,NDT_Contents_000513,如果肌腱可以修复破碎锤房间芽。,NDT_Desc_000513,
20229,1000,0,1,99,0,NDT_Contents_000514,坏了的东西敲打一会的话是能修好的。,NDT_Desc_000514,
20230,1000,0,1,99,0,NDT_Contents_000515,我有很多合适的店铺。,NDT_Desc_000515,
20231,1000,0,1,99,0,NDT_Contents_000516,重量轻，易于操作，即使接触到这个东西。也没问题。,NDT_Desc_000516,
20232,1000,0,1,99,0,NDT_Contents_000517,好东西走了进来。,NDT_Desc_000517,
20233,1000,0,1,99,0,NDT_Contents_000518,有锐利武器。,NDT_Desc_000518,
20234,1000,0,1,99,0,NDT_Contents_000519,它有很多好处。,NDT_Desc_000519,
20235,1000,0,1,99,0,NDT_Contents_000520,很多伟大的事情。你看。,NDT_Desc_000520,
20236,1000,0,1,99,0,NDT_Contents_000521,扎扎。你发现了什么？,NDT_Desc_000521,
20237,1000,0,1,99,0,NDT_Contents_000522,好在他们已经得到了铺设完成。请选择。,NDT_Desc_000522,
20238,1000,0,1,99,0,NDT_Contents_000523,你正在寻找的东西耐用？,NDT_Desc_000523,
20239,1000,0,1,99,0,NDT_Contents_000524,在找结实的东西？,NDT_Desc_000524,
20240,1000,0,1,99,0,NDT_Contents_000525,让我尽快解决。,NDT_Desc_000525,
20241,1000,0,1,99,0,NDT_Contents_000526,它如果这样做会怎样？,NDT_Desc_000526,
20242,1000,0,1,99,0,NDT_Contents_000527,罗贡我的手艺店必须的。,NDT_Desc_000527,
20243,1000,0,1,99,0,NDT_Contents_000528,留下你的东西吗？,NDT_Desc_000528,
20244,1000,0,1,99,0,NDT_Contents_000529,交给你可以吗？,NDT_Desc_000529,
20245,1000,0,1,99,0,NDT_Contents_000530,如果你有打破东西就来找我。,NDT_Desc_000530,
20246,1000,0,1,99,0,NDT_Contents_000531,欢迎光临。你需要什么？,NDT_Desc_000531,
20247,1000,0,1,99,0,NDT_Contents_000532,如果是你的话能处理很多事情。,NDT_Desc_000532,
20248,1000,0,1,99,0,NDT_Contents_000533,如果你喜欢的东西摆放。,NDT_Desc_000533,
20249,1000,0,1,99,0,NDT_Contents_000534,只有杜来密表现最好的。,NDT_Desc_000534,
20250,1000,0,1,99,0,NDT_Contents_000535,小屋。小屋。庵,NDT_Desc_000535,
20251,1000,0,1,99,0,NDT_Contents_000536,祝你好运，我会继续。,NDT_Desc_000536,
20252,1000,0,1,99,0,NDT_Contents_000537,好的。需要我的技能。,NDT_Desc_000537,
20253,1000,0,1,99,0,NDT_Contents_000538,写你看看就知道有什么好店的第一件事。,NDT_Desc_000538,
20254,1000,0,1,99,0,NDT_Contents_000539,如果坏了，我们会解决这个问题。,NDT_Desc_000539,
20255,1000,0,1,99,0,NDT_Contents_000540,让行使一次巧妙？,NDT_Desc_000540,
20256,1000,0,1,99,0,NDT_Contents_000541,武器是和性命一样在战场上。不要忘记。,NDT_Desc_000541,
20257,1000,0,1,99,0,NDT_Contents_000542,我有东西可以捍卫你的生活。,NDT_Desc_000542,
20258,1000,0,1,99,0,NDT_Contents_000543,很多很酷的东西。,NDT_Desc_000543,
20259,1000,0,1,99,0,NDT_Contents_000544,我会修复如新。,NDT_Desc_000544,
20260,1000,0,1,99,0,NDT_Contents_000545,如果安全。请相信它。,NDT_Desc_000545,
20261,1000,0,1,99,0,NDT_Contents_000546,我的天赋还是越深给的。,NDT_Desc_000546,
20262,1000,0,1,99,0,NDT_Contents_000547,啊，冷。,NDT_Desc_000547,
20263,1000,0,1,99,0,NDT_Contents_000548,未来......我不能。心理不紧张。,NDT_Desc_000548,
20264,1000,0,1,99,0,NDT_Contents_000549,较强的心态克服寒冷。,NDT_Desc_000549,
20265,1000,0,1,99,0,NDT_Contents_000550,你为什么火一次？,NDT_Desc_000550,
20266,1000,0,1,99,0,NDT_Contents_000551,这里可以抵御寒冷。,NDT_Desc_000551,
20267,1000,0,1,99,0,NDT_Contents_000552,最好的话，我们在等待最佳的主人。,NDT_Desc_000552,
20268,1000,0,1,99,0,NDT_Contents_000553,你听到我的声音？,NDT_Desc_000553,
20300,1000,0,1,99,0,NDT_Contents_000554,不管是什么，我会继续在月光村,NDT_Desc_000554,
20301,1000,0,1,99,0,NDT_Contents_000555,呵呵。我惹上麻烦。填不要担心。它是所有关心。,NDT_Desc_000555,
20302,1000,0,1,99,0,NDT_Contents_000556,你听说可以复活死亡的谣言？,NDT_Desc_000556,
20303,1000,0,1,99,0,NDT_Contents_000557,我处理的事情，只有钱。,NDT_Desc_000557,
20304,1000,0,1,99,0,NDT_Contents_000558,什么是奇怪，为什么冰雹袭击？,NDT_Desc_000558,
20305,1000,0,1,99,0,NDT_Contents_000559,这很难太饿了。,NDT_Desc_000559,
20306,1000,0,1,99,0,NDT_Contents_000560,皮里阳秋的心血来潮真的.......,NDT_Desc_000560,
20307,1000,0,1,99,0,NDT_Contents_000561,如果这辈子都在研究。当然，如果拆迁研究所。,NDT_Desc_000561,
20308,1000,0,1,99,0,NDT_Contents_000562,因为儿子的痛苦，每一天。,NDT_Desc_000562,
20309,1000,0,1,99,0,NDT_Contents_000563,我不害怕。什么都不怕。,NDT_Desc_000563,
20310,1000,0,1,99,0,NDT_Contents_000564,补给是部队的生命线。,NDT_Desc_000564,
20311,1000,0,1,99,0,NDT_Contents_000565,现在一切都白费。,NDT_Desc_000565,
20312,1000,0,1,99,0,NDT_Contents_000566,我学习的是教学冷门。,NDT_Desc_000566,
20313,1000,0,1,99,0,NDT_Contents_000567,贝尼尔的动作。,NDT_Desc_000567,
20314,1000,0,1,99,0,NDT_Contents_000568,我这样的人将生活在这个严酷的世界，嘿嘿,NDT_Desc_000568,
20315,1000,0,1,99,0,NDT_Contents_000569,月球平原转向到原来的样子。我这个人停下来。,NDT_Desc_000569,
20316,1000,0,1,99,0,NDT_Contents_000570,即使腐败的土地也是我们的家。,NDT_Desc_000570,
20317,1000,0,1,99,0,NDT_Contents_000571,你怎么能净化腐烂的地球？,NDT_Desc_000571,
20318,1000,0,1,99,0,NDT_Contents_000572,发生了什么事，以柳火地狱？,NDT_Desc_000572,
20319,1000,0,1,99,0,NDT_Contents_000573,什么是老的风险，保证了我在这里。 哈他哈！,NDT_Desc_000573,
20320,1000,0,1,99,0,NDT_Contents_000574,我放养和历史终生的学习。,NDT_Desc_000574,
20321,1000,0,1,99,0,NDT_Contents_000575,如果你知道钱的价值任何时刻都欢迎你。嘿嘿嘿。,NDT_Desc_000575,
20322,1000,0,1,99,0,NDT_Contents_000576,负责人看来，因为爆炸打破。,NDT_Desc_000576,
20323,1000,0,1,99,0,NDT_Contents_000577,它必须确保所有食品.......,NDT_Desc_000577,
20324,1000,0,1,99,0,NDT_Contents_000578,我敢打赌，一切都在我的工作。你怎么样？,NDT_Desc_000578,
20325,1000,0,1,99,0,NDT_Contents_000579,它看起来像一个哈比不会。村里让我。,NDT_Desc_000579,
20326,1000,0,1,99,0,NDT_Contents_000580,休想。有没有武器，想打你。,NDT_Desc_000580,
20327,1000,0,1,99,0,NDT_Contents_000581,我傻。为什么会如此愚蠢！,NDT_Desc_000581,
20328,1000,0,1,99,0,NDT_Contents_000582,如果你想给他解决这些困难的情况下。,NDT_Desc_000582,
20329,1000,0,1,99,0,NDT_Contents_000583,我调查爆炸震中，它击中了月球平原的原因。,NDT_Desc_000583,
20330,1000,0,1,99,0,NDT_Contents_000584,即使对于一个老乡的诗歌应该公布，就立即开始。,NDT_Desc_000584,
20331,1000,0,1,99,0,NDT_Contents_000585,我愿意等待机会服务于拆迁。,NDT_Desc_000585,
20332,1000,0,1,99,0,NDT_Contents_000586,我相信幸存者。,NDT_Desc_000586,
20333,1000,0,1,99,0,NDT_Contents_000587,她死了。现在有没有理由让我去住。,NDT_Desc_000587,
20334,1000,0,1,99,0,NDT_Contents_000588,我很年轻，但全面的牧羊人。,NDT_Desc_000588,
20335,1000,0,1,99,0,NDT_Contents_000589,请听我的声音。,NDT_Desc_000589,
20336,1000,0,1,99,0,NDT_Contents_000590,只有悲剧的世界。,NDT_Desc_000590,
20337,1000,0,1,99,0,NDT_Contents_000591,偷一大袋东西是可耻的罗贡家伙。,NDT_Desc_000591,
20338,1000,0,1,99,0,NDT_Contents_000592,在墓地的能源集团感到怀疑。,NDT_Desc_000592,
20339,1000,0,1,99,0,NDT_Contents_000593,他的身体在坟墓里举行。可怕的战场。,NDT_Desc_000593,
20340,1000,0,1,99,0,NDT_Contents_000594,我们开展与我所有的力量的职责。,NDT_Desc_000594,
20341,1000,0,1,99,0,NDT_Contents_000595,炸弹炸弹炸弹，乐趣,NDT_Desc_000595,
20342,1000,0,1,99,0,NDT_Contents_000596,寻找丢失的同事。,NDT_Desc_000596,
20343,1000,0,1,99,0,NDT_Contents_000597,太害怕。请帮我。,NDT_Desc_000597,
20344,1000,0,1,99,0,NDT_Contents_000598,我不知道在地狱城堡发生了什么？,NDT_Desc_000598,
20345,1000,0,1,99,0,NDT_Contents_000599,帕特里亚公会随后调度手段帮助部队。,NDT_Desc_000599,
20346,1000,0,1,99,0,NDT_Contents_000600,这位老人，是值得他生命中的每一分钱其余部分没有太多的招飞我。,NDT_Desc_000600,
20347,1000,0,1,99,0,NDT_Contents_000601,更危险的局面将趋于稳定很爽。,NDT_Desc_000601,
20348,1000,0,1,99,0,NDT_Contents_000602,也很难打击，研究也奠定了力量。,NDT_Desc_000602,
20349,1000,0,1,99,0,NDT_Contents_000603,为了满足所有的任务，你甚至不能跑那么远了。,NDT_Desc_000603,
20350,1000,0,1,99,0,NDT_Contents_000604,请重新夺回了城堡。打败敌人！,NDT_Desc_000604,
20351,1000,0,1,99,0,NDT_Contents_000605,我一直在收集有关城堡的信息。,NDT_Desc_000605,
20352,1000,0,1,99,0,NDT_Contents_000606,一切为了希腊人，你！,NDT_Desc_000606,
20353,1000,0,1,99,0,NDT_Contents_000607,......在哪里结束。,NDT_Desc_000607,
20354,1000,0,1,99,0,NDT_Contents_000608,我想知道实验的真相。,NDT_Desc_000608,
20355,1000,0,1,99,0,NDT_Contents_000609,我知道你努力工作和学习,NDT_Desc_000609,
20356,1000,0,1,99,0,NDT_Contents_000610,钱一定会喜欢他们的努力。,NDT_Desc_000610,
20357,1000,0,1,99,0,NDT_Contents_000611,我捅了没钻日志？,NDT_Desc_000611,
20358,1000,0,1,99,0,NDT_Contents_000612,那家伙的脑袋像一块石头。石！,NDT_Desc_000612,
20359,1000,0,1,99,0,NDT_Contents_000613,我可以帮你，你哪里病了？,NDT_Desc_000613,
20360,1000,0,1,99,0,NDT_Contents_000614,我背的战争燃烧余烬。,NDT_Desc_000614,
20400,1000,0,1,99,0,NDT_Contents_000615,我们将继续我们的枷锁月神。,NDT_Desc_000615,
20401,1000,0,1,99,0,NDT_Contents_000616,我已经变成了这个烂摊子竭诚溅入果园,NDT_Desc_000616,
20402,1000,0,1,99,0,NDT_Contents_000617,我学习狼蛛的机会。,NDT_Desc_000617,
20403,1000,0,1,99,0,NDT_Contents_000618,对父母谁都是忧心忡忡。,NDT_Desc_000618,
20404,1000,0,1,99,0,NDT_Contents_000619,吹波意识到岛吉姆坑，但被惹恼了。,NDT_Desc_000619,
20405,1000,0,1,99,0,NDT_Contents_000620,我认为，研究所的使命是创造一个高效的胜利。,NDT_Desc_000620,
20406,1000,0,1,99,0,NDT_Contents_000621,你不必费心去帮忙，看着城堡接受。,NDT_Desc_000621,
20407,1000,0,1,99,0,NDT_Contents_000622,不必一直帮助我们，接受心意就好。,NDT_Desc_000622,
20408,1000,0,1,99,0,NDT_Contents_000623,世界不是荒谬的。其中最荒唐的是我的学习。,NDT_Desc_000623,
20409,1000,0,1,99,0,NDT_Contents_000624,它嗅着。亲属的味道苍蝇。令人作呕气味的洋葱敌人。,NDT_Desc_000624,
20410,1000,0,1,99,0,NDT_Contents_000625,奖项小镇让我来守护！,NDT_Desc_000625,
20411,1000,0,1,99,0,NDT_Contents_000626,很累，但我可以邀请一个称职的工人。,NDT_Desc_000626,
20412,1000,0,1,99,0,NDT_Contents_000627,关闭插口基尔斗争。,NDT_Desc_000627,
20413,1000,0,1,99,0,NDT_Contents_000628,青蟹的诅咒？难道里加不能是这样的！,NDT_Desc_000628,
20414,1000,0,1,99,0,NDT_Contents_000629,这将是能够保持文物的战火？,NDT_Desc_000629,
20415,1000,0,1,99,0,NDT_Contents_000630,表达你的感谢拆迁帮助我们。,NDT_Desc_000630,
20416,1000,0,1,99,0,NDT_Contents_000631,他们放弃了叛徒联盟将为此付出代价。,NDT_Desc_000631,
20417,1000,0,1,99,0,NDT_Contents_000632,瀑布神秘的灵魂会给拆除下来的祝福我们。,NDT_Desc_000632,
20418,1000,0,1,99,0,NDT_Contents_000633,首先，把握地域，则需要接管有利的地位。,NDT_Desc_000633,
20419,1000,0,1,99,0,NDT_Contents_000634,进来。不符合的第一件事，公司火山观测？,NDT_Desc_000634,
20420,1000,0,1,99,0,NDT_Contents_000635,我不能错过这个机会。,NDT_Desc_000635,
20421,1000,0,1,99,0,NDT_Contents_000636,活动是令人眼花缭乱。,NDT_Desc_000636,
20422,1000,0,1,99,0,NDT_Contents_000637,大不了的。如果你是一个底边的材料，因为它是人才。,NDT_Desc_000637,
20423,1000,0,1,99,0,NDT_Contents_000638,这座火山是危险的。快逃离。,NDT_Desc_000638,
20424,1000,0,1,99,0,NDT_Contents_000639,你已经粉碎了布莱芜岛。,NDT_Desc_000639,
20425,1000,0,1,99,0,NDT_Contents_000640,咳咳！该死硫磺烟雾！,NDT_Desc_000640,
20426,1000,0,1,99,0,NDT_Contents_000641,这里太热想脱掉所有的衣服。,NDT_Desc_000641,
20427,1000,0,1,99,0,NDT_Contents_000642,我称这些家伙地震观察员方案庞蒂安装！,NDT_Desc_000642,
20428,1000,0,1,99,0,NDT_Contents_000643,请找我的父亲！,NDT_Desc_000643,
20429,1000,0,1,99,0,NDT_Contents_000644,我想先救我老婆格格毯。,NDT_Desc_000644,
20430,1000,0,1,99,0,NDT_Contents_000645,这个地方的一切权力转身背。现在别无选择，只能打。,NDT_Desc_000645,
20431,1000,0,1,99,0,NDT_Contents_000646,不要强迫自己，这仅仅是室尔赛的不满。,NDT_Desc_000646,
20432,1000,0,1,99,0,NDT_Contents_000647,您必须输入红发的火山。,NDT_Desc_000647,
20433,1000,0,1,99,0,NDT_Contents_000648,我负责传播。,NDT_Desc_000648,
20434,1000,0,1,99,0,NDT_Contents_000649,研究有我的自由，我的生活中，我也是要负责！,NDT_Desc_000649,
20435,1000,0,1,99,0,NDT_Contents_000650,我必须说巨头炉毁了我们所有人。,NDT_Desc_000650,
20436,1000,0,1,99,0,NDT_Contents_000651,谁救救我！请帮帮忙！,NDT_Desc_000651,
20437,1000,0,1,99,0,NDT_Contents_000652,事实上，所有的罪都是我的错。,NDT_Desc_000652,
20438,1000,0,1,99,0,NDT_Contents_000653,请突破高原蒸汽！,NDT_Desc_000653,
20439,1000,0,1,99,0,NDT_Contents_000654,突破水蒸气高原吧。,NDT_Desc_000654,
20440,1000,0,1,99,0,NDT_Contents_000655,如果你当然得拆迁的成员合作！,NDT_Desc_000655,
20441,1000,0,1,99,0,NDT_Contents_000656,是戴尔李森的一员就要和我们合作！,NDT_Desc_000656,
20442,1000,0,1,99,0,NDT_Contents_000657,难道地球再次动摇？,NDT_Desc_000657,
20443,1000,0,1,99,0,NDT_Contents_000658,赦免我们的罪。,NDT_Desc_000658,
20444,1000,0,1,99,0,NDT_Contents_000659,我的使命已经托付给老马上冷静火山红头发。,NDT_Desc_000659,
20445,1000,0,1,99,0,NDT_Contents_000660,这一切都充满艰辛。,NDT_Desc_000660,
20446,1000,0,1,99,0,NDT_Contents_000661,这个奖项的召唤师运动。,NDT_Desc_000661,
20447,1000,0,1,99,0,NDT_Contents_000662,如果为了赢得胜利，你愿意以不朽的风险。,NDT_Desc_000662,
20448,1000,0,1,99,0,NDT_Contents_000663,那么来了。,NDT_Desc_000663,
20449,1000,0,1,99,0,NDT_Contents_000664,胡胡伊。研究的街道？,NDT_Desc_000664,
20450,1000,0,1,99,0,NDT_Contents_000665,尼斯卡亚?,NDT_Desc_000665,
20451,1000,0,1,99,0,NDT_Contents_000666,莫斯房硒懒得跳下。,NDT_Desc_000666,
20452,1000,0,1,99,0,NDT_Contents_000667,摩斯伦很危险.,NDT_Desc_000667,
20453,1000,0,1,99,0,NDT_Contents_000668,感谢你来到绿光和平团.,NDT_Desc_000668,
20454,1000,0,1,99,0,NDT_Contents_000669,迟了,NDT_Desc_000669,
20455,1000,0,1,99,0,NDT_Contents_000670,没有颜面见高丽雅思大人,NDT_Desc_000670,
20456,1000,0,1,99,0,NDT_Contents_000671,来了个供使唤的小伙呢.,NDT_Desc_000671,
20457,1000,0,1,99,0,NDT_Contents_000672,他闭上了眼睛,NDT_Desc_000672,
20458,1000,0,1,99,0,NDT_Contents_000673,呵呵呵，是个新鲜的小伙,NDT_Desc_000673,
20459,1000,0,1,99,0,NDT_Contents_000674,在找贤者的钱.,NDT_Desc_000674,
20460,1000,0,1,99,0,NDT_Contents_000675,成型了.,NDT_Desc_000675,
20461,1000,0,1,99,0,NDT_Contents_000676,哈哈，你来了我就放心了,NDT_Desc_000676,
20462,1000,0,1,99,0,NDT_Contents_000677,妨碍研究了，一边去,NDT_Desc_000677,
20463,1000,0,1,99,0,NDT_Contents_000678,这有很多有趣的事,NDT_Desc_000678,
20464,1000,0,1,99,0,NDT_Contents_000679,再次见面，很高兴,NDT_Desc_000679,
20465,1000,0,1,99,0,NDT_Contents_000680,柔光院子有异常,NDT_Desc_000680,
20466,1000,0,1,99,0,NDT_Contents_000681,想作出最好吃的料理,NDT_Desc_000681,
20467,1000,0,1,99,0,NDT_Contents_000682,哼,NDT_Desc_000682,
20468,1000,0,1,99,0,NDT_Contents_000683,欢迎你，异邦人,NDT_Desc_000683,
20469,1000,0,1,99,0,NDT_Contents_000684,哼，异邦人吗？,NDT_Desc_000684,
20470,1000,0,1,99,0,NDT_Contents_000685,像你这样的异邦人还是第一次见呢,NDT_Desc_000685,
20471,1000,0,1,99,0,NDT_Contents_000686,我是按照命令来到这里的,NDT_Desc_000686,
20472,1000,0,1,99,0,NDT_Contents_000687,我们监察队是最好的,NDT_Desc_000687,
20473,1000,0,1,99,0,NDT_Contents_000688,我是说我们监察队有事可干,NDT_Desc_000688,
20474,1000,0,1,99,0,NDT_Contents_000689,奇怪.在害怕我们监察队吗?,NDT_Desc_000689,
20475,1000,0,1,99,0,NDT_Contents_000690,欢迎来到绿光和平团,NDT_Desc_000690,
20476,1000,0,1,99,0,NDT_Contents_000691,我们绿光和平团正在调查这里,NDT_Desc_000691,
20477,1000,0,1,99,0,NDT_Contents_000692,欢迎英雄,NDT_Desc_000692,
20478,1000,0,1,99,0,NDT_Contents_000693,哥哥在哪里,NDT_Desc_000693,
20479,1000,0,1,99,0,NDT_Contents_000694,英雄，很高兴见到您,NDT_Desc_000694,
20480,1000,0,1,99,0,NDT_Contents_000695,看起来很好用,NDT_Desc_000695,
20481,1000,0,1,99,0,NDT_Contents_000696,想研究研究您,NDT_Desc_000696,
20482,1000,0,1,99,0,NDT_Contents_000697,再次见到你很高兴,NDT_Desc_000697,
20483,1000,0,1,99,0,NDT_Contents_000698,果然是能使唤的朋友,NDT_Desc_000698,
20484,1000,0,1,99,0,NDT_Contents_000699,是英雄？,NDT_Desc_000699,
20485,1000,0,1,99,0,NDT_Contents_000700,夜之泪就跟我的孩子一样,NDT_Desc_000700,
20486,1000,0,1,99,0,NDT_Contents_000701,欢迎来到沓莱村,NDT_Desc_000701,
20487,1000,0,1,99,0,NDT_Contents_000702,欢迎来到沓莱村！,NDT_Desc_000702,
20488,1000,0,1,99,0,NDT_Contents_000703,什么? 找我有事吗？,NDT_Desc_000703,
20489,1000,0,1,99,0,NDT_Contents_000704,绝对会保护好夜之泪,NDT_Desc_000704,
20490,1000,0,1,99,0,NDT_Contents_000705,不能把星辰大地交给英穆海!,NDT_Desc_000705,
20491,1000,0,1,99,0,NDT_Contents_000706,英穆海开始进军了,NDT_Desc_000706,
20492,1000,0,1,99,0,NDT_Contents_000707,负伤的兵在增加,NDT_Desc_000707,
20493,1000,0,1,99,0,NDT_Contents_000708,英穆海那群家伙比怪物更可怕,NDT_Desc_000708,
20494,1000,0,1,99,0,NDT_Contents_000709,不管用什么办法都要扭转你的心意,NDT_Desc_000709,
20495,1000,0,1,99,0,NDT_Contents_000710,要从我这听到答案是要有代价的.,NDT_Desc_000710,
20496,1000,0,1,99,0,,摩斯伦正使我们痛苦.,,
20497,1000,0,1,99,0,,想研究摩斯伦.,,
20498,1000,0,1,99,0,,只有打败了布李德米尔才能拯救我们的夜之泪.,,
20499,1000,0,1,99,0,,哥布林和布李德米尔正在上海我们的夜之泪.真是伤心.,,
20500,1000,0,1,99,0,,要斩断他们折磨夜之泪的念头.,,
20501,1000,0,1,99,0,,话语是我们的脚.,,
20502,1000,0,1,99,0,,来找我的吗? 欢迎.哈哈哈.,,
20503,1000,0,1,99,0,,献上这具身躯也要守护我们的夜之泪!,,
20504,1000,0,1,99,0,,夜之泪既是朋友又是同事.,,
20505,1000,0,1,99,0,,英穆海正在大风峡谷屠杀我们的同僚. 硬性要站出来.,,
20506,1000,0,1,99,0,,通过情况板能确认暗杀作战的进展.,,
50000,1000,0,1,99,0,NDT_Contents_000711,被大雪覆盖的都市很美丽.,NDT_Desc_000711,
50001,1000,0,1,99,0,NDT_Contents_000712,雪活动正在进行中.,NDT_Desc_000712,
50002,1000,0,1,99,0,NDT_Contents_000713,雪活动正在进行中.,NDT_Desc_000713,
