TID,Comment,Type,Movie,Image,Camera,TargetTID,EngDesc,LocalDesc,,,,,,,
任务场景,管理者,"类型 : 0 - 游戏画面, 1 - 2D画面, 2 - 视频",视频,照片,探秘照相机,相机焦点(0 - 播放),英文 台词,韩文台词,,,,,,,
2,,,,,,,,,,,,,,,
U32,CBwString,U8,CBwString,CBwString,CBwString,U32,CBwString,CBwString,,,,,,,
1,,0,,,quest_cam_alone_chest_buff,1009,QST_Desc_000001,最近 这一地区的恶魔发生过度增殖,,,,,,,
2,,0,,,quest_cam_alone_chest_buff,1009,QST_Desc_000002,由于是自然发生的常有事件，派遣军们正在向敌人的讨伐以稳定局势 ,,,,,,,
3,,0,,,quest_cam_alone_chest_buff,1009,QST_Desc_000003,果真敌人的们会因为一次的讨伐而就此罢休吗？,,,,,,,
4,,0,,,quest_cam_alone_chest_buff,1009,QST_Desc_000004,看起来这次的异常不像是自然现象,,,,,,,
5,,0,,,quest_cam_alone_medium_buff,0,QST_Desc_000005,按理说我应该亲自去到怪兽的营地调查，但是我的士兵在实战中还很薄弱,,,,,,,
6,,0,,,quest_cam_alone_medium_buff,0,QST_Desc_000006,所以 用户$GetName()代替我 惩治怪兽并调查他们的尸体,,,,,,,
8,,0,,,quest_cam_alone_medium_buff,1009,QST_Desc_000007,带回来的那些诡异的石头子虽然模糊但是能感觉到一股黑暗的力量 ,,,,,,,
9,,0,,,quest_cam_alone_medium_buff,1009,QST_Desc_000008,虽然还不确定是否与异常有关，但是仍有调查的价值,,,,,,,
11,,0,,,quest_cam_alone_chest_buff,0,QST_Desc_000009,经调查，得出了$GetName()拿回来的诡异的石子与这次异常有关的结论,,,,,,,
12,,0,,,quest_cam_alone_chest_buff,0,QST_Desc_000010,继续将实验做下去研究异常是怎样进入到石子的 ,,,,,,,
13,,0,,,quest_cam_alone_chest_buff,1009,QST_Desc_000011,将为了做实验而带回来的石子分解成碎末， 把他们利用在西边的瀑布前,,,,,,,
15,,0,,,quest_cam_alone_chest_buff,1009,QST_Desc_000012,咦？正常的怪兽被传唤回来，真奇怪/n /n难道是魔法公式错了吗,,,,,,,
16,,0,,,quest_cam_alone_medium_buff,1009,QST_Desc_000013,我的能力有限，把握不了现在的状况,,,,,,,
21,,0,,,quest_cam_alone_medium_buff,0,QST_Desc_000014,既然我能力有限那就去在这附近的雷诺师傅那里继续研究吧,,,,,,,
22,,0,,,quest_cam_alone_medium_buff,1009,QST_Desc_000015,在试验中损耗了许多神圣力,,,,,,,
23,,0,,,quest_cam_alone_medium_buff,1009,QST_Desc_000016,为了补充神圣力在回去的路上捡些遗骸吧,,,,,,,
26,,0,,,quest_cam_alone_chest_buff,0,QST_Desc_000017,嗯 确实有尝试的价值.,,,,,,,
27,,0,,,quest_cam_alone_chest_buff,0,QST_Desc_000018,既然有遗骸的痕迹在此当中萃取出样本不难,,,,,,,
31,,0,,,quest_cam_alone_chest_buff,1011,QST_Desc_000019,利用遗骸里的碎片将诡异的石子粉碎做成了魔法粉 ,,,,,,,
32,,0,,,quest_cam_alone_chest_buff,1011,QST_Desc_000020,将魔法粉用在宿营地的右侧吧，如果我的推断没错经不住的小兽应该会出现,,,,,,,
35,,0,,,quest_cam_alone_medium_buff,0,QST_Desc_000021,虽然不完整，空虚的邪念被召回了,,,,,,,
36,,0,,,quest_cam_alone_medium_buff,0,QST_Desc_000022,空洞邪念的石块是人为产生的证据。自修改好的生成了那么好存敌人就没有出现。,,,,,,,
37,,0,,,quest_cam_alone_medium_buff,1011,QST_Desc_000023,黑色暗的敌人他们会强烈改变生命，生命体快速繁殖的功能。,,,,,,,
38,,0,,,quest_cam_alone_medium_buff,1011,QST_Desc_000024,问题是要调查出怪兽们是怎么得到拥有暗黑力量的石子，那事情再进行调查才能知道。 ,,,,,,,
39,,0,,,quest_cam_alone_medium_buff,1011,QST_Desc_000025,这次的事情辛苦了！但这个问题完全解决之前还需要继续得到$（）GetName的帮助。,,,,,,,
41,,0,,,quest_cam_alone_chest_buff,0,QST_Desc_000026,是因为自然而然产生的空洞的邪念使得怪兽们增殖了吗？,,,,,,,
42,,0,,,quest_cam_alone_chest_buff,0,QST_Desc_000027,我很确定这次事件的始作俑者就在这周围,,,,,,,
43,,0,,,quest_cam_alone_chest_buff,1011,QST_Desc_000028,所以搜索了周围，果然能感觉到强大的暗黑气息,,,,,,,
44,,0,,,quest_cam_alone_chest_buff,1011,QST_Desc_000029,现在只要找到是怪兽增殖的证据就ok啦,,,,,,,
45,,0,,,quest_cam_alone_medium_buff,1011,QST_Desc_000030,请处理山坡怪兽营中暗黑势力，调查一下尸体.,,,,,,,
48,,0,,,quest_cam_alone_medium_buff,1011,QST_Desc_000031,附近的暗气消失了。$ GetName（黑色）处置了暗黑势力并且回收的缘故吧,,,,,,,
49,,0,,,quest_cam_alone_medium_buff,1011,QST_Desc_000032,可是神奇的是回收回来的是写着奇怪文字的纸条,,,,,,,
50,,0,,,quest_cam_alone_chest_buff,0,QST_Desc_000033,哦。。这是和最近遥远带回的待破译符号相同的符号,,,,,,,
51,,0,,,quest_cam_alone_chest_buff,0,QST_Desc_000034,对于字符的调查，我会继续。简单的补偿，以表感谢。,,,,,,,
61,,0,,,quest_cam_alone_chest_buff,1024,QST_Desc_000035,黑魔法史好骚乱越来越大了。军方认为这是毁灭者所为。但是。。。,,,,,,,
62,,0,,,quest_cam_alone_medium_buff,1024,QST_Desc_000036,不管如何，现在最主要的是找出原因,,,,,,,
63,,0,,,quest_cam_alone_medium_buff,1024,QST_Desc_000037,周围的长大的黑色安息暗气剧毒叶片的最佳派。所以剧毒翅膀处，导致置拜托了。,,,,,,,
65,,0,,,quest_cam_alone_medium_buff,1024,QST_Desc_000038,一个好用剧毒消灭周围异常的天气在黑色安息暗散布。,,,,,,,
66,,0,,,quest_cam_alone_medium_buff,1024,QST_Desc_000039,根本的问题解决的燃眉之急，但可以关掉了。,,,,,,,
72,,0,,,quest_cam_alone_chest_buff,1032,QST_Desc_000040,特别是最后为止有好的怪兽密码门上怪兽自宝物的物品进行说明的内容。,,,,,,,
73,,0,,,quest_cam_alone_chest_buff,1032,QST_Desc_000041,密码门好内容贫乏做正确的事项为止掌握不好，但怪兽宝物黑色水性暗好的确定。,,,,,,,
74,,0,,,quest_cam_alone_chest_buff,1032,QST_Desc_000042,还有怪兽的水性黑色暗好势败儿，肯定有好怪兽和战斗中我作为不利的作用。,,,,,,,
76,,0,,,quest_cam_alone_chest_buff,1032,QST_Desc_000043,所以发生大规模战斗之前，必须暗黑色好水回收，印开封性或破坏。,,,,,,,
78,,0,,,quest_cam_alone_medium_buff,1032,QST_Desc_000044,这怪兽好的宝物。强大的黑色暗好势败的。,,,,,,,
79,,0,,,quest_cam_alone_medium_buff,1032,QST_Desc_000045,怪兽魔法师使用黑色暗源泉这好的。印开封工作开始了。,,,,,,,
91,,0,,,quest_cam_alone_chest_buff,1375,QST_Desc_000046,春光好师生们黑色暗好势败在这怪兽的路径进行调查。但是要想发现好的黑魔法历史痕迹。,,,,,,,
92,,0,,,quest_cam_alone_chest_buff,1375,QST_Desc_000047,我会好这异常增殖现象的存介入敌人的黑魔法师就不是了。,,,,,,,
94,,0,,,quest_cam_alone_chest_buff,0,QST_Desc_000048,练师就到黑色暗势力处理好，好，好敌脖子了。,,,,,,,
97,,0,,,quest_cam_alone_medium_buff,1375,QST_Desc_000049,练邪念就到师好读好暗黑色势力如何怪兽转达给了确认。,,,,,,,
101,,0,,,quest_cam_alone_medium_buff,1375,QST_Desc_000050,好练邪念就到师通过对怪兽黑色暗势力好的存敌人能够掌握。但是存敌人上联合中地位相当高的问题。,,,,,,,
103,,0,,,quest_cam_alone_medium_buff,1375,QST_Desc_000051,首先，先把能解决的事情就办了。,,,,,,,
104,,0,,,quest_cam_alone_medium_buff,1375,QST_Desc_000052,怪兽的黑色暗好势力不稳定状态。,,,,,,,
105,,0,,,quest_cam_alone_chest_buff,1375,QST_Desc_000053,就到练师根据判断好邪念，怪兽的黑色暗好来源怪兽好宝物和火焰的石头雕刻。,,,,,,,
106,,0,,,quest_cam_alone_chest_buff,1375,QST_Desc_000054,怪兽好宝物已经回收了，不祥的石头雕刻好怪兽族长<电击’163：21 :“Text”驼鹿塔”的/ >，将<电击”处，导致置163：21 :“Text”的石头雕刻“/ >处置之后回收给我。,,,,,,,
108,,0,,,quest_cam_alone_chest_buff,1032,QST_Desc_000055,至此，这个地区的异常现象消失。但是未来很担心。,,,,,,,
109,,0,,,quest_cam_alone_chest_buff,1032,QST_Desc_000056,黑色暗势败的好地方，这里就不是了。,,,,,,,
121,,0,,,quest_cam_alone_medium_buff,1054,QST_Desc_000057,这一地区最先冤磨床操纵的黑魔法师功成报价员给抓住了。,,,,,,,
122,,0,,,quest_cam_alone_medium_buff,1054,QST_Desc_000058,功成报价员报告好埃师生急忙黑魔法师追赶，但黑魔法史很好的实力。,,,,,,,
123,,0,,,quest_cam_alone_chest_buff,1054,QST_Desc_000059,因为接着埃丽娜牧师发出了请求增援的信号,,,,,,,
124,,0,,,quest_cam_alone_chest_buff,1054,QST_Desc_000060,我们要追击埃丽娜牧师和黑魔法师的踪迹，但是这种事情$GetName（）比我们更在行吧,,,,,,,
125,,0,,,quest_cam_alone_chest_buff,1054,QST_Desc_000061,一旦发现牧师的花就用光之球告知我们吧，我们会第一时间赶到捉住黑魔师  ,,,,,,,
127,,0,,,quest_cam_alone_chest_buff,1066,QST_Desc_000062,多亏了及时赶到将黑魔法师抓住了 ,,,,,,,
128,,0,,,quest_cam_alone_chest_buff,1066,QST_Desc_000063,废了这么大力气将黑魔法师抓住了但愿他身上有我们想要的信息,,,,,,,
129,,0,,,quest_cam_alone_medium_buff,0,QST_Desc_000064,明光将永伴$GetName() ,,,,,,,
141,,0,,,quest_cam_alone_medium_buff,1065,QST_Desc_000065,仅是光的牧师已经苦不堪言再加上支援就算逃跑也是失败,,,,,,,
142,,0,,,quest_cam_alone_medium_buff,1065,QST_Desc_000066,切，那没有办法了，如果是想从我这里得到信息还是放弃的好,,,,,,,
143,,0,,,quest_cam_alone_medium_buff,1065,QST_Desc_000067,你想知道的我都不会告诉你 哈哈哈哈哈,,,,,,,
145,,0,,,quest_cam_alone_chest_buff,1054,QST_Desc_000068,黑魔法师抓住，算是最近发生的使当中最大的事件了,,,,,,,
146,,0,,,quest_cam_alone_chest_buff,1054,QST_Desc_000069,再审问黑魔法师的话得出有力情报,,,,,,,
151,,0,,,quest_cam_alone_chest_buff,1074,QST_Desc_000070,我们的光牧师们小时候通过特殊的训练可以感受黑暗气息。,,,,,,,
152,,0,,,quest_cam_alone_chest_buff,1074,QST_Desc_000071,最近我们在这一带发现了使用这种功能的魔法师，但是一经发现他就逃走了,,,,,,,
153,,0,,,quest_cam_alone_chest_buff,1074,QST_Desc_000072,应该知道的事情了。GetName就是$（）帮助捉拿的黑魔法师就是卡萨而。,,,,,,,
154,,0,,,quest_cam_alone_medium_buff,1074,QST_Desc_000073,依危旧房院命令不GetName $（）也有重要的事情告诉你。,,,,,,,
155,,0,,,quest_cam_alone_medium_buff,1074,QST_Desc_000074,黑魔法师磨床管理好，黑色暗势败了，败势消失，该区域好磨床无能为力了，可以为止告知。,,,,,,,
156,,0,,,quest_cam_alone_medium_buff,1074,QST_Desc_000075,当然，这里为止的程度估计的事情了。,,,,,,,
157,,0,,,quest_cam_alone_chest_buff,1074,QST_Desc_000076,问题是卡萨尔消失后仍觉得黑色安息暗气的。,,,,,,,
158,,0,,,quest_cam_alone_chest_buff,1074,QST_Desc_000077,也许暗黑色势力好的长期暴露自修改好地暗黑色污染的存敌人出现吧。,,,,,,,
159,,0,,,quest_cam_alone_chest_buff,1074,QST_Desc_000078,黑色暗污染的存敌人的时间越长，而又强烈的变化。所以在那之前，敌好处，导致置。,,,,,,,
161,,0,,,quest_cam_alone_chest_buff,1074,QST_Desc_000079,您辛苦了。托GetName $（）的福暗黑势力消失了。,,,,,,,
162,,0,,,quest_cam_alone_chest_buff,1074,QST_Desc_000080,现在我作为春光好师生们地区净化，以后也暗黑色势力好，不长。,,,,,,,
171,,0,,,quest_cam_alone_medium_buff,1084,QST_Desc_000081,派遣军队宿营地移动的过程中不好的盗贼团袭击僚机们死在这里被绑架。,,,,,,,
172,,0,,,quest_cam_alone_medium_buff,1084,QST_Desc_000082,但重要的是我的命比我等师徒们传达的消息。,,,,,,,
173,,0,,,quest_cam_alone_chest_buff,1084,QST_Desc_000083,依危旧房的春光好师生以外，谁也不能告诉你。我自己附近的春光好师生上。,,,,,,,
174,,0,,,quest_cam_alone_chest_buff,1084,QST_Desc_000084,这种况功成，司机您帮帮我吧。我为止带到安全的地方。,,,,,,,
177,,0,,,quest_cam_alone_chest_buff,0,QST_Desc_000085,司祭要来了。我到达的时间来了，也不担心的。,,,,,,,
181,,0,,,quest_cam_alone_chest_buff,1085,QST_Desc_000086,GetName $（）方法和我在每次计划被阻止的黑魔法师们这会有好事情的方法而进行的。,,,,,,,
182,,0,,,quest_cam_alone_chest_buff,1085,QST_Desc_000087,灰色皮肤族里有着毫无掩饰的黑暗势力,,,,,,,
183,,0,,,quest_cam_alone_medium_buff,1085,QST_Desc_000088,我好监视方法摆脱势败为隐藏状态下无法处理的事情要发生。,,,,,,,
184,,0,,,quest_cam_alone_medium_buff,1085,QST_Desc_000089,当然，这样的结果不会改变。好，我也会这作为攻击他们，他们会妨碍好计划。,,,,,,,
185,,0,,,quest_cam_alone_medium_buff,1085,QST_Desc_000090,黑魔法师处，导致置和他们的黑色暗水回收性好。,,,,,,,
187,,0,,,quest_cam_alone_chest_buff,1085,QST_Desc_000091,新的纸条。,,,,,,,
188,,0,,,quest_cam_alone_chest_buff,1085,QST_Desc_000092,看来你的黑色暗势力好的水性，同时上位困惑好吧好存敌人追随者有指示的命令。,,,,,,,
189,,0,,,quest_cam_alone_chest_buff,0,QST_Desc_000093,依危旧房纸条上写的内容不能完全解释，但单某事情越能解释的了。,,,,,,,
190,,0,,,quest_cam_alone_chest_buff,0,QST_Desc_000094,所以这样的纸条。就黑魔法师们有什么阴谋的领导才能。,,,,,,,
201,,0,,,quest_cam_alone_chest_buff,1093,QST_Desc_000095,知道的越性好和战斗中获胜的几率也高。,,,,,,,
202,,0,,,quest_cam_alone_chest_buff,1093,QST_Desc_000096,所以我作为春光好员工的种族战争以来，为求敌人止黑色暗好势研究败。,,,,,,,
203,,0,,,quest_cam_alone_medium_buff,0,QST_Desc_000097,但是正确的研究而直接暗黑色好势败经验吧。,,,,,,,
208,,0,,,quest_cam_alone_chest_buff,1093,QST_Desc_000098,暗黑色的存敌人的酸在制好的珠春光好，我召唤使用方法。我召唤作为直接的信息卡可以调查。,,,,,,,
210,,0,,,quest_cam_alone_medium_buff,1093,QST_Desc_000099,黑色暗好势败，不知道身体强化，但强化了我的能力作为好幅度超过预期。,,,,,,,
211,,0,,,quest_cam_alone_medium_buff,1093,QST_Desc_000100,$（）GetName好帮助确认新的事实。,,,,,,,
221,,0,,,quest_cam_alone_medium_buff,1122,QST_Desc_000101,师生们通过特殊的训练暗气黑色安息的感受。但是我也因此作为人类感知的黑色安息暗气是有限度的。,,,,,,,
222,,0,,,quest_cam_alone_medium_buff,1122,QST_Desc_000102,作为我的弱点，为生命体周围无故发狂，他们的考试。,,,,,,,
223,,0,,,quest_cam_alone_chest_buff,1122,QST_Desc_000103,做事情的生命体中，身体的存敌人暗就染上了黑色的意思。,,,,,,,
224,,0,,,quest_cam_alone_chest_buff,1122,QST_Desc_000104,最近周围森林蜘霸气蛛好了。所以蛛黑色森林蜘暗染上了一下。,,,,,,,
227,,0,,,quest_cam_alone_chest_buff,0,QST_Desc_000105,$（）GetName确认您正确，森林蜘蛛发狂的有黑色暗力不好势介入。欣慰的事情。,,,,,,,
231,,0,,,quest_cam_alone_chest_buff,1101,QST_Desc_000106,呵呵！会有这好春光好师生们也黑向导找不到好的痕迹。但是，真的好磨床王国设立黑魔法师们没有好的干预。,,,,,,,
232,,0,,,quest_cam_alone_chest_buff,1101,QST_Desc_000107,我和他们交易中获取过多的不知道，所以这好机会启发我值提高。,,,,,,,
233,,0,,,quest_cam_alone_medium_buff,0,QST_Desc_000108,该线更着重抓好王。很多东西是可回收的。,,,,,,,
235,,0,,,quest_cam_alone_medium_buff,0,QST_Desc_000109,你是说得到了克拉伦卡的捷报？,,,,,,,
236,,0,,,quest_cam_alone_medium_buff,1122,QST_Desc_000110,弄来的血石心脏和完全脱离两好事情积压了。这样的话，我也暗作为远处的黑色安息天气毫无感觉。,,,,,,,
237,,0,,,quest_cam_alone_medium_buff,1122,QST_Desc_000111,还是浅黑的看不见了。以后我也能更好地方法。,,,,,,,
241,,0,,,quest_cam_alone_chest_buff,1133,QST_Desc_000112,强大的黑色安息暗这天气。也许暗黑色好晚上好掀发起方黑魔法史。,,,,,,,
242,,0,,,quest_cam_alone_chest_buff,1133,QST_Desc_000113,但是。。。黑魔法史难以把握好正确的位置。山魔法的使用。,,,,,,,
243,,0,,,quest_cam_alone_chest_buff,0,QST_Desc_000114,这样一来，直接移动，只好找了。,,,,,,,
245,,0,,,quest_cam_alone_chest_buff,1133,QST_Desc_000115,我的真实好修改好的场所使用，黑色安息暗气去掉黑魔法师可以找到。,,,,,,,
251,,0,,,quest_cam_alone_medium_buff,0,QST_Desc_000116,好吧暗坑内部黑色缠树被发现。,,,,,,,
252,,0,,,quest_cam_alone_medium_buff,0,QST_Desc_000117,谁有计划地种了，不好暗黑色区域很强，自修改好的出现，不知道,,,,,,,
253,,0,,,quest_cam_alone_chest_buff,1162,QST_Desc_000118,黑色暗好树后心脏消失或失踪的士兵们的事实。,,,,,,,
254,,0,,,quest_cam_alone_chest_buff,1162,QST_Desc_000119,你巨大的黑色暗缠绕存敌人作为我对事情不好。,,,,,,,
255,,0,,,quest_cam_alone_chest_buff,0,QST_Desc_000120,为求敌人也给好暗黑色吸收生长，再生长之前赶紧破坏。,,,,,,,
257,,0,,,quest_cam_alone_chest_buff,0,QST_Desc_000121,好树处，导致置困惑，但雾小而已。,,,,,,,
258,,0,,,quest_cam_alone_chest_buff,1162,QST_Desc_000122,我估计错了？,,,,,,,
259,,0,,,quest_cam_alone_chest_buff,1162,QST_Desc_000123,果然好师生们的帮助，这样的事情无法解决。,,,,,,,
261,,0,,,quest_cam_alone_medium_buff,1163,QST_Desc_000124,如此强大的黑色安息暗气这一般士兵们的感觉。,,,,,,,
262,,0,,,quest_cam_alone_medium_buff,1163,QST_Desc_000125,黑色暗好树出现这个事情也都是否定的存敌人这里江林。,,,,,,,
263,,0,,,quest_cam_alone_medium_buff,0,QST_Desc_000126,最先被冤的侦察兵尸体心脏不好的话忆广。,,,,,,,
264,,0,,,quest_cam_alone_medium_buff,1163,QST_Desc_000127,黑色暗势力好，而且好的生命体的心脏存敌人的一个而已。,,,,,,,
265,,0,,,quest_cam_alone_chest_buff,1163,QST_Desc_000128,好吧这坑里会好好事情元凶的健康狗找处，导致置吧。,,,,,,,
266,,0,,,quest_cam_alone_chest_buff,1163,QST_Desc_000129,他置处，导致不好的话，这个空间就不会消失。,,,,,,,
268,,0,,,quest_cam_alone_chest_buff,1163,QST_Desc_000130,这个地区有异常的黑色安息暗气也逐渐消失了。,,,,,,,
269,,0,,,quest_cam_alone_chest_buff,1163,QST_Desc_000131,现在我作为净化也开始在这个地区异常。黑色安息暗气散了会这好事情都解决了。,,,,,,,
272,,0,,,quest_cam_alone_medium_buff,0,QST_Desc_000132,女王蜘蛛不用解释也知道是什么样的存在吧,,,,,,,
273,,0,,,quest_cam_alone_chest_buff,1171,QST_Desc_000133,巨大蜘蛛不好而牺牲，什么样的女人，也蜘蛛处，导致置。,,,,,,,
277,,0,,,quest_cam_alone_chest_buff,1171,QST_Desc_000134,$（）GetName好表现，而女人蜘蛛置处，导致了巨大蜘蛛再也不能勉强维持。,,,,,,,
281,,0,,,quest_cam_alone_chest_buff,0,QST_Desc_000135,凯尔特人的蜘好蛛异常增殖自修改好的现象呢？但是我们还是没法好阴谋不能。,,,,,,,
282,,0,,,quest_cam_alone_chest_buff,1173,QST_Desc_000136,反正我也作为首脑部决定前为好。止的上好这士兵们真相不能说的况功成。但是暗黑色势力好大的报告有兴趣。,,,,,,,
283,,0,,,quest_cam_alone_chest_buff,1173,QST_Desc_000137,女人，蜘蛛好周围的黑色安息暗气的。他们置处，导致了暗气不黑色安息吧。,,,,,,,
285,,0,,,quest_cam_alone_medium_buff,0,QST_Desc_000138,黑色安息暗气很散，我也祈祷净化方法。,,,,,,,
286,,0,,,quest_cam_alone_medium_buff,0,QST_Desc_000139,女人，蜘蛛再次出生的自修改好的事情，故无法阻止，但再次出生的男女，蜘蛛求敌人一样强大的样子不见了。,,,,,,,
291,,0,,,quest_cam_alone_medium_buff,1182,QST_Desc_000140,不好。我作为基地化侦察兵侦察。,,,,,,,
292,,0,,,quest_cam_alone_medium_buff,1182,QST_Desc_000141,一般侦察兵之类的问题，但他们的黑色暗缠绕堕落的存敌人可能更大的问题。,,,,,,,
293,,0,,,quest_cam_alone_chest_buff,0,QST_Desc_000142,我在这里，作为军队的事实告诉他们。,,,,,,,
294,,0,,,quest_cam_alone_chest_buff,0,QST_Desc_000143,要使用好的水晶基地侦察的堕落的存敌人人处，导致置吧。,,,,,,,
297,,0,,,quest_cam_alone_chest_buff,1182,QST_Desc_000144,您辛苦了。这一段安静了。,,,,,,,
301,,0,,,quest_cam_alone_chest_buff,1182,QST_Desc_000145,功成况不利的判断是堕落的。我们士化好兵们这个营地周围健康召唤猎。,,,,,,,
302,,0,,,quest_cam_alone_medium_buff,1182,QST_Desc_000146,但是我作为预先说了：召唤狗完全不一样的。健康的召唤完全干了，时间不够了。,,,,,,,
303,,0,,,quest_cam_alone_medium_buff,0,QST_Desc_000147,求敌人的微弱的黑色安息暗判断天气，周围的健康做好了准备和中间在哪里也未能在本研究势力不好用。,,,,,,,
304,,0,,,quest_cam_alone_medium_buff,0,QST_Desc_000148,这个方法对我的启发机。所以下机不健康的选择进行详细调查。,,,,,,,
305,,0,,,quest_cam_alone_medium_buff,1182,QST_Desc_000149,直升机在狗中完全召唤了好势败本研究使用之前，都敌好处，导致置研究用肉和回收。,,,,,,,
307,,0,,,quest_cam_alone_chest_buff,0,QST_Desc_000150,果然不出所料，我作为召唤完成的状态。,,,,,,,
308,,0,,,quest_cam_alone_chest_buff,0,QST_Desc_000151,在肉体中完全固定的情况下得到的肉，功成报价也容易获得。,,,,,,,
311,,0,,,quest_cam_alone_chest_buff,1192,QST_Desc_000152,解决好春光军团也基本方针，看到敌人好去除。,,,,,,,
312,,0,,,quest_cam_alone_chest_buff,1192,QST_Desc_000153,当然，这也是一个好方法。该方法是目前况功成，防止复发。,,,,,,,
313,,0,,,quest_cam_alone_medium_buff,0,QST_Desc_000154,不得不采取其他行动大队和草的春光。,,,,,,,
314,,0,,,quest_cam_alone_medium_buff,0,QST_Desc_000155,圣水使用净化污染的墓地。,,,,,,,
315,,0,,,quest_cam_alone_medium_buff,1192,QST_Desc_000156,我的星宿污染的墓地中。,,,,,,,
316,,0,,,quest_cam_alone_medium_buff,1192,QST_Desc_000157,马上解决问题的求和，但是敌人功成况复发是可以阻止的。,,,,,,,
318,,0,,,quest_cam_alone_chest_buff,1192,QST_Desc_000158,性能好势败而墓地缠绕黑色安息暗天气减弱而已。,,,,,,,
319,,0,,,quest_cam_alone_chest_buff,1192,QST_Desc_000159,我再好也作为净化了的灵魂们解放开始吧。,,,,,,,
321,,0,,,quest_cam_alone_chest_buff,1192,QST_Desc_000160,侦察兵搜索这个地区的强大的黑色暗好存敌人。,,,,,,,
322,,0,,,quest_cam_alone_chest_buff,1192,QST_Desc_000161,士兵们好帮助暗黑色好存敌人健康狗是我的所为止知道，一般士兵们兰斯置处，导致他不能。,,,,,,,
323,,0,,,quest_cam_alone_medium_buff,0,QST_Desc_000162,所以这好士兵也会替GetName $（）的表现应该告诉我。,,,,,,,
324,,0,,,quest_cam_alone_medium_buff,0,QST_Desc_000163,他是我的同事，地处，导致置吧。,,,,,,,
325,,0,,,quest_cam_alone_medium_buff,0,QST_Desc_000164,这一地区的黑色暗消失就好存敌人的灵魂解放也快好了。,,,,,,,
327,,0,,,quest_cam_alone_chest_buff,1192,QST_Desc_000165,$（）。GetName多亏了迅速的灵魂安息。,,,,,,,
328,,0,,,quest_cam_alone_chest_buff,1192,QST_Desc_000166,他们绝对$ GetName（不好）的帮助。,,,,,,,
331,,0,,,quest_cam_alone_chest_buff,1192,QST_Desc_000167,草的春光军团堕落的地方不化的关系作为我的堕落者计划好和这里的净化。,,,,,,,
332,,0,,,quest_cam_alone_chest_buff,1192,QST_Desc_000168,好，好生代考古门按合同水文生意。马尼。但是考古代好门要买马尼先堕落了的问题。,,,,,,,
333,,0,,,quest_cam_alone_chest_buff,1192,QST_Desc_000169,所以这里先净化为堕落的水文生意处，导致置马尼。,,,,,,,
334,,0,,,quest_cam_alone_medium_buff,1192,QST_Desc_000170,好马尼公司本身存鱼肥。我在那处，导致敌人作为置为界召唤是必要的。,,,,,,,
335,,0,,,quest_cam_alone_medium_buff,1192,QST_Desc_000171,现实生活中在马尼召唤用的简单方法，堕落的护卫骑士们的考古代利用好文章。,,,,,,,
336,,0,,,quest_cam_alone_medium_buff,1192,QST_Desc_000172,文章堕落的司机买马尼和通信所使用的物品，但功能放大，通信不仅买了好召伊丽莎白在肉体中唤可能。,,,,,,,
337,,0,,,quest_cam_alone_medium_buff,1192,QST_Desc_000173,七日这张放大门好准备，堕落的护卫骑士处，导致置和考古代好文章。,,,,,,,
339,,0,,,quest_cam_alone_chest_buff,0,QST_Desc_000174,好文章考古代他助长势败。,,,,,,,
340,,0,,,quest_cam_alone_chest_buff,0,QST_Desc_000175,无法计算进行了可怕的鬼在中间在埃我买了召唤能够。,,,,,,,
351,,0,,,quest_cam_alone_chest_buff,1337,QST_Desc_000176,代原代考古考古好文章，称为好的强大的魔法，好事情。所以，如果有好的句子代考古考古代完美修复好。但是。。。,,,,,,,
352,,0,,,quest_cam_alone_chest_buff,1337,QST_Desc_000177,我模仿能力是相似的。但是，请不要担心。,,,,,,,
353,,0,,,quest_cam_alone_medium_buff,1337,QST_Desc_000178,好，好代考古一样的威力，但马尼，水文买卖中间界召唤有足够的。,,,,,,,
354,,0,,,quest_cam_alone_medium_buff,1337,QST_Desc_000179,在门口买了考古代好埃召唤后他处，导致置吧。,,,,,,,
357,,0,,,quest_cam_alone_medium_buff,1192,QST_Desc_000180,还是我的能力不够。不要把生活本身，而是身体好的人出现。,,,,,,,
358,,0,,,quest_cam_alone_medium_buff,1192,QST_Desc_000181,但是买了好势伊丽莎白力下降的事实，考古代好门可以印开封。,,,,,,,
361,,0,,,quest_cam_alone_chest_buff,1337,QST_Desc_000182,考古代好门原来神的前世界和中间连接通道系好了。,,,,,,,
362,,0,,,quest_cam_alone_chest_buff,1337,QST_Desc_000183,因此，神们睡前世界和连接好，好道也代考古作用消失。但是作用消失了。考古代门上有好的势败为止消失。,,,,,,,
363,,0,,,quest_cam_alone_chest_buff,1337,QST_Desc_000184,代上好礼品的势败的存敌人再次伸出魔爪的时候不知道，如果不是特定存敌人考古代门不好使用印开封最好。,,,,,,,
364,,0,,,quest_cam_alone_chest_buff,1192,QST_Desc_000185,考古代好门印开封的开封印订单有大量好圣水和噩梦好花。/ / n n在讲台上，我作为负责，噩梦好花$ GetName（我）。,,,,,,,
369,,0,,,quest_cam_alone_medium_buff,1192,QST_Desc_000186,噩梦好花。辛苦了。我终于印开封滚动功能制作好了。,,,,,,,
371,,0,,,quest_cam_alone_chest_buff,1337,QST_Desc_000187,开封印订单完成。但在短期内创造了正常发挥的效果为好印开封式。,,,,,,,
372,,0,,,quest_cam_alone_chest_buff,1337,QST_Desc_000188,好势开封印力很弱，所以印开封好式中代考古门上好的黑色安息暗气这印开封为实体化的功能性。所以印开封完成使实体化的好处，导致置黑色暗存敌人。,,,,,,,
375,,0,,,quest_cam_alone_chest_buff,1192,QST_Desc_000189,好印开封式完成，但结果期待以下。,,,,,,,
376,,0,,,quest_cam_alone_chest_buff,1192,QST_Desc_000190,还是买了伊丽莎白主机处，导致置好不好印开封考古代门完全不一样的。,,,,,,,
381,,0,,,quest_cam_alone_medium_buff,0,QST_Desc_000191,好印开封式进行了堕落的存敌人也消失了。,,,,,,,
382,,0,,,quest_cam_alone_medium_buff,0,QST_Desc_000192,所以现在况功成电梯时向主教报告接受新的任务。,,,,,,,
383,,0,,,quest_cam_alone_chest_buff,1192,QST_Desc_000193,这里的事情的问题上很好的其他领域也发生了。,,,,,,,
384,,0,,,quest_cam_alone_chest_buff,1192,QST_Desc_000194,这里也一样GetName $（）方法帮助我堕落的存敌人人处，导致置就好了。,,,,,,,
387,,0,,,quest_cam_alone_chest_buff,0,QST_Desc_000195,辛苦了。一个大的事情就结束了。但我说的一样，这里就好好混乱的问题。,,,,,,,
391,,0,,,quest_cam_alone_chest_buff,1045,QST_Desc_000196,军队管理的地方。西安失踪了好的影响，地方军支持和管理问题。,,,,,,,
392,,0,,,quest_cam_alone_chest_buff,1045,QST_Desc_000197,但熙提正式首脑部为这个问题不认真。,,,,,,,
393,,0,,,quest_cam_alone_chest_buff,1045,QST_Desc_000198,不知道什么原因。,,,,,,,
394,,0,,,quest_cam_alone_medium_buff,1045,QST_Desc_000199,我亲自熙提好问题作为正式介入可以为此名。,,,,,,,
395,,0,,,quest_cam_alone_medium_buff,1045,QST_Desc_000200,所以我代总参谋长的爱德华说。,,,,,,,
396,,0,,,quest_cam_alone_medium_buff,1045,QST_Desc_000201,如果搜索人员不够春光好帮助我作为职员说可以。,,,,,,,
397,,0,,,quest_cam_alone_chest_buff,0,QST_Desc_000202,当然拒绝。求敌人那就足够了。我需要的是作为正式介入内部熙提问题的理由。,,,,,,,
401,,0,,,quest_cam_alone_chest_buff,1043,QST_Desc_000203,你说什么？好春光院帮忙。,,,,,,,
402,,0,,,quest_cam_alone_chest_buff,1043,QST_Desc_000204,宗教参与政治吗？,,,,,,,
403,,0,,,quest_cam_alone_medium_buff,0,QST_Desc_000205,好的，他们需要帮助，不管。,,,,,,,
411,,0,,,quest_cam_alone_medium_buff,1043,QST_Desc_000206,公司确实好春光。,,,,,,,
412,,0,,,quest_cam_alone_medium_buff,1043,QST_Desc_000207,我部继续熙提正式介入好事情，我也要采取措施了。,,,,,,,
416,,0,,,quest_cam_alone_chest_buff,1045,QST_Desc_000208,果然是这样。你用的好好的反应。,,,,,,,
417,,0,,,quest_cam_alone_chest_buff,1045,QST_Desc_000209,那么，现在我也照样作为我作为行动的开始。,,,,,,,
421,,0,,,quest_cam_alone_chest_buff,1045,QST_Desc_000210,敌人作为求我要处理的问题是大。,,,,,,,
422,,0,,,quest_cam_alone_chest_buff,1045,QST_Desc_000211,其中，第一部正式的熙提我的好方法了解我的情况。,,,,,,,
423,,0,,,quest_cam_alone_chest_buff,1045,QST_Desc_000212,GetName $（）的第二次。西安的好去向和第三的红色岩石荒地具媛请求好吧。,,,,,,,
424,,0,,,quest_cam_alone_chest_buff,1045,QST_Desc_000213,正当红的岩石荒地中发现了西安市功成报价元好了。,,,,,,,
425,,0,,,quest_cam_alone_chest_buff,1045,QST_Desc_000214,看那红石头军帮助也可以找西安好去处。,,,,,,,
426,,0,,,quest_cam_alone_chest_buff,1045,QST_Desc_000215,时间不够，我的水晶珠，用求敌人立即红岩石荒地移动。,,,,,,,
428,,0,,,quest_cam_alone_chest_buff,2011,QST_Desc_000216,我也哭了，作为人才出发的故事了。,,,,,,,
429,,0,,,quest_cam_alone_chest_buff,2011,QST_Desc_000217,解决好春光初元英雄直接来找我。有点不知所措。哈哈哈。,,,,,,,
431,,0,,,quest_cam_alone_chest_buff,0,QST_Desc_000218,无言的感觉的地方。,,,,,,,
432,,0,,,quest_cam_alone_chest_buff,0,QST_Desc_000219,还是附近的春光好师生说一下好了。,,,,,,,
435,,0,,,quest_cam_alone_chest_buff,2012,QST_Desc_000220,故事是说不能透露。,,,,,,,
436,,0,,,quest_cam_alone_chest_buff,2012,QST_Desc_000221,但是GetName $（）以上的感觉了。你的调查。,,,,,,,
441,,0,,,quest_cam_alone_medium_buff,2012,QST_Desc_000222,红岩石荒地一样不好气息的地区不好决定使用的大地和广忆唱好。,,,,,,,
442,,0,,,quest_cam_alone_medium_buff,2012,QST_Desc_000223,$（）GetName阴暗的感觉在我的地点中的使用不好的决定。,,,,,,,
445,,0,,,quest_cam_alone_chest_buff,2012,QST_Desc_000224,三角好健康举起了恶魔。,,,,,,,
446,,0,,,quest_cam_alone_chest_buff,2012,QST_Desc_000225,奇怪。健康是依危旧房印开封的。,,,,,,,
447,,0,,,quest_cam_alone_chest_buff,0,QST_Desc_000226,如果我偷偷抢式方法开封印中释放。春光好职员在红衣主教派大使级好我成为大问题。,,,,,,,
448,,0,,,quest_cam_alone_chest_buff,0,QST_Desc_000227,GetName $（）不相信不是问题的问题，因此，作为我方重新调查。,,,,,,,
451,,0,,,quest_cam_alone_chest_buff,2032,QST_Desc_000228,他对西安市作为我也没有。但是，知道的人的人。,,,,,,,
452,,0,,,quest_cam_alone_chest_buff,2032,QST_Desc_000229,我的团长。西安发掘好的朋友。所以你的信息问他好。,,,,,,,
457,,0,,,quest_cam_alone_medium_buff,0,QST_Desc_000230,获取此为求敌人止研究我用光了。获取偷走了我的一切。,,,,,,,
461,,0,,,quest_cam_alone_chest_buff,2034,QST_Desc_000231,获取处，导致置！,,,,,,,
462,,0,,,quest_cam_alone_chest_buff,2034,QST_Desc_000232,目的寻找什么我不知道，我的故事就快获取处，导致置出来！,,,,,,,
463,,0,,,quest_cam_alone_medium_buff,2034,QST_Desc_000233,我一生的时间得到发掘。发掘的。用什么方法。,,,,,,,
465,,0,,,quest_cam_alone_chest_buff,2034,QST_Desc_000234,获取置处，导致了。,,,,,,,
466,,0,,,quest_cam_alone_chest_buff,2034,QST_Desc_000235,所以，发掘不小的了。,,,,,,,
467,,0,,,quest_cam_alone_chest_buff,2034,QST_Desc_000236,事实表示感谢。,,,,,,,
471,,0,,,quest_cam_alone_medium_buff,2034,QST_Desc_000237,如果。他不想知道点好去处。,,,,,,,
472,,0,,,quest_cam_alone_medium_buff,2034,QST_Desc_000238,近水楼台先得清楚地标这边来的，但。。。。。,,,,,,,
473,,0,,,quest_cam_alone_medium_buff,2034,QST_Desc_000239,广忆不起来了。,,,,,,,
474,,0,,,quest_cam_alone_chest_buff,2034,QST_Desc_000240,不过别担心太冤最先接受信上的我。,,,,,,,
475,,0,,,quest_cam_alone_chest_buff,2034,QST_Desc_000241,发掘问题的信箱上。,,,,,,,
476,,0,,,quest_cam_alone_chest_buff,2034,QST_Desc_000242,当然，你的存敌人来获取这一点兴趣都没有了。,,,,,,,
477,,0,,,quest_cam_alone_chest_buff,2034,QST_Desc_000243,不管怎么样，他这样况功成不好去处。想知道信的文件箱里发掘出来。,,,,,,,
479,,0,,,quest_cam_alone_chest_buff,2034,QST_Desc_000244,五胡。文件箱了。那么，请稍等。他说他不好信好的目的地了。,,,,,,,
481,,0,,,quest_cam_alone_medium_buff,0,QST_Desc_000245,。你的文件箱里确实是他最先氰冤的信了。,,,,,,,
482,,0,,,quest_cam_alone_medium_buff,0,QST_Desc_000246,问题是评价所断定的字体不好。,,,,,,,
483,,0,,,quest_cam_alone_medium_buff,0,QST_Desc_000247,收到信的时候，我也没有精神的发掘况功成。大概看了失去的感觉。,,,,,,,
484,,0,,,quest_cam_alone_chest_buff,2034,QST_Desc_000248,你是追求敌人一样急上急况功成写的信了。,,,,,,,
485,,0,,,quest_cam_alone_chest_buff,2034,QST_Desc_000249,信的内容判断，那家伙立即开始调查西安什么的。,,,,,,,
486,,0,,,quest_cam_alone_chest_buff,2034,QST_Desc_000250,急促的信的内容标准，但这里过去是最先冤。还有，之后经过地方形成电弧柱。,,,,,,,
487,,0,,,quest_cam_alone_chest_buff,2034,QST_Desc_000251,在那里有什么调查而写的。,,,,,,,
490,,0,,,quest_cam_alone_medium_buff,0,QST_Desc_000252,邪恶的气息的地区。他调查了西安的地方这事情的感觉。,,,,,,,
501,,0,,,quest_cam_alone_chest_buff,0,QST_Desc_000253,这个地区需要好的调查。周围的春光好师生于清河。,,,,,,,
505,,0,,,quest_cam_alone_chest_buff,2031,QST_Desc_000254,那好吧西安行踪调查是第二好的采石场中发现类似的地区发现的。,,,,,,,
506,,0,,,quest_cam_alone_chest_buff,2031,QST_Desc_000255,采石场中发现了第二好的地方式健康好了的痕迹。所以这好也会健康式发现好的痕迹。,,,,,,,
507,,0,,,quest_cam_alone_chest_buff,0,QST_Desc_000256,那好你的健康去西安下落式发现好的痕迹。,,,,,,,
508,,0,,,quest_cam_alone_chest_buff,0,QST_Desc_000257,那事实判断，那氰日光式追着看是合理的。,,,,,,,
511,,0,,,quest_cam_alone_chest_buff,2031,QST_Desc_000258,我有不好的决定。已使用过一次，使用方法。,,,,,,,
512,,0,,,quest_cam_alone_chest_buff,2031,QST_Desc_000259,用电弧搭好好的场所使用不好的决定。那里发生什么事情了确认。,,,,,,,
515,,0,,,quest_cam_alone_medium_buff,0,QST_Desc_000260,还是那氰直升机激光追击了。,,,,,,,
516,,0,,,quest_cam_alone_medium_buff,0,QST_Desc_000261,再好忆和广为止确认就好了，不好忆广也不是万能的。会有这么好这满意。,,,,,,,
521,,0,,,quest_cam_alone_medium_buff,2031,QST_Desc_000262,GetName $（）和方法。另外我也搜索了西安好去处。,,,,,,,
522,,0,,,quest_cam_alone_chest_buff,0,QST_Desc_000263,努力没有白费，红蝎子贼好的一处好的地方可以找到。,,,,,,,
523,,0,,,quest_cam_alone_chest_buff,0,QST_Desc_000264,这好不好也会在那里决定使用什么事情在确认。,,,,,,,
525,,0,,,quest_cam_alone_chest_buff,2031,QST_Desc_000265,阴。日光式获取和结成同盟。还是只是单纯的利用可能的事情了。,,,,,,,
531,,0,,,quest_cam_alone_chest_buff,2032,QST_Desc_000266,盗贼团好码头和脖子处，导致置喘口气。这会有不好的地方是获取和处理好合作的故事来。,,,,,,,
532,,0,,,quest_cam_alone_chest_buff,2032,QST_Desc_000267,头疼的问题继续出现，但其余的我先处理方法。,,,,,,,
533,,0,,,quest_cam_alone_medium_buff,0,QST_Desc_000268,GetName（$）地上一样移动。我军团指挥红岩石作为好的奶油森将矿山大地坐在你的消息了。,,,,,,,
536,,0,,,quest_cam_alone_chest_buff,2051,QST_Desc_000269,来。你的名字的GetName（$）。,,,,,,,
537,,0,,,quest_cam_alone_chest_buff,2051,QST_Desc_000270,你和我是西安寻找的故事。但是真的到这里来为止。,,,,,,,
541,,0,,,quest_cam_alone_chest_buff,2051,QST_Desc_000271,你在这里求敌人红岩石荒地和熙提瑞斯中哪个地方更危险。,,,,,,,
542,,0,,,quest_cam_alone_chest_buff,2051,QST_Desc_000272,当然这里大部分更危险了吧。但真的会吗？,,,,,,,
543,,0,,,quest_cam_alone_chest_buff,2051,QST_Desc_000273,求你用敌人立即滚动熙提地为移动后，功成存敌人日报军官附近的一处，导致士兵们置。,,,,,,,
545,,0,,,quest_cam_alone_chest_buff,2051,QST_Desc_000274,上好的士兵们都消失了，用真实的故事。所以直接熙提好正式。隐藏的真相。,,,,,,,
547,,0,,,quest_cam_alone_chest_buff,2051,QST_Desc_000275,真实的知道我和他是不好的行为也自修改好地理解。,,,,,,,
550,,0,,,quest_cam_alone_medium_buff,2001,QST_Desc_000276,主位观察者不好真了。,,,,,,,
551,,0,,,quest_cam_alone_medium_buff,2001,QST_Desc_000277,你怎么知道不知道，谢谢你的帮助。,,,,,,,
561,,0,,,quest_cam_alone_chest_buff,2001,QST_Desc_000278,我监视的叛徒们处，导致置感谢感谢，但我掌握的功成报价不能随便说。,,,,,,,
562,,0,,,quest_cam_alone_chest_buff,2001,QST_Desc_000279,好春光正好在神殿的主教在这里。,,,,,,,
563,,0,,,quest_cam_alone_chest_buff,2001,QST_Desc_000280,所以我知道了红衣主教伊丽莎白市功成报价请求。请帮忙。,,,,,,,
566,,0,,,quest_cam_alone_medium_buff,1045,QST_Desc_000281,熙提终于正式内部的人出面了。,,,,,,,
567,,0,,,quest_cam_alone_medium_buff,1045,QST_Desc_000282,GetName $（）的怪兽异常增殖的结果好了的时候，我方法等。,,,,,,,
571,,0,,,quest_cam_alone_medium_buff,1045,QST_Desc_000283,熙提地从居住的贷款分好高级指挥官已经贴在监视器。所以我相信作为先能监视放好。,,,,,,,
572,,0,,,quest_cam_alone_medium_buff,1045,QST_Desc_000284,我的真实好珠，张序闸门的自由都在使用。,,,,,,,
573,,0,,,quest_cam_alone_medium_buff,1045,QST_Desc_000285,他不知道我们在监视的人出现，他们处，导致置和自由不作为对我的意思。,,,,,,,
577,,0,,,quest_cam_alone_chest_buff,1042,QST_Desc_000286,可以。我周围那些人臣了。,,,,,,,
581,,0,,,quest_cam_alone_chest_buff,1042,QST_Desc_000287,熙提正式内部况功成不好的了，但这样的事情为止进行着。。。,,,,,,,
582,,0,,,quest_cam_alone_chest_buff,1042,QST_Desc_000288,这段时间的好结果。,,,,,,,
583,,0,,,quest_cam_alone_chest_buff,1042,QST_Desc_000289,我的卫士准备好了。爱德华在我的召唤卫士长使用召唤后势败。爱德华制服。,,,,,,,
586,,0,,,quest_cam_alone_medium_buff,0,QST_Desc_000290,终于自由不断了。,,,,,,,
587,,0,,,quest_cam_alone_medium_buff,0,QST_Desc_000291,春光好职员帮助第一主导的明熙提地在黑色的暗能够。,,,,,,,
591,,0,,,quest_cam_alone_chest_buff,2001,QST_Desc_000292,为求敌人止我知道事实的资料整理龙藏好点的距离。,,,,,,,
592,,0,,,quest_cam_alone_chest_buff,2001,QST_Desc_000293,我仍然受到监视，$（）GetName替我找不到文件传给我们。,,,,,,,
597,,0,,,quest_cam_alone_chest_buff,1042,QST_Desc_000294,还是用一次。这样的证据，强烈推事情了。,,,,,,,
601,,0,,,quest_cam_alone_chest_buff,0,QST_Desc_000295,当个好事情会好这健将总参谋长的爱德华指向。,,,,,,,
602,,0,,,quest_cam_alone_chest_buff,0,QST_Desc_000296,我个人发现过度事情你很好的余地的。,,,,,,,
603,,0,,,quest_cam_alone_chest_buff,1042,QST_Desc_000297,那好，我考虑的地位得到启发们机只有一次。一次，他倒不反我们危险。,,,,,,,
604,,0,,,quest_cam_alone_chest_buff,1042,QST_Desc_000298,我的卫士准备好了。爱德华在我的召唤卫士长使用召唤后势败。爱德华制服。,,,,,,,
605,,0,,,quest_cam_alone_chest_buff,1042,QST_Desc_000299,那你们最好结果出来后再见面吧。,,,,,,,
607,,0,,,quest_cam_alone_chest_buff,1043,QST_Desc_000300,。。。。。这是哪里？,,,,,,,
608,,0,,,quest_cam_alone_chest_buff,1043,QST_Desc_000301,等一下。请稍等。有什么奇怪的。,,,,,,,
611,,0,,,quest_cam_alone_chest_buff,0,QST_Desc_000302,这是怎么回事？,,,,,,,
612,,0,,,quest_cam_alone_chest_buff,0,QST_Desc_000303,模糊。但我忆广了。但绝对不是我。,,,,,,,
613,,0,,,quest_cam_alone_chest_buff,0,QST_Desc_000304,我不是！,,,,,,,
614,,0,,,quest_cam_alone_chest_buff,1043,QST_Desc_000305,那。。。。。。,,,,,,,
615,,0,,,quest_cam_alone_chest_buff,1043,QST_Desc_000306,在我知道是无辜的。,,,,,,,
616,,0,,,quest_cam_alone_chest_buff,1043,QST_Desc_000307,在故事里给他。快！,,,,,,,
618,,0,,,quest_cam_alone_chest_buff,132,QST_Desc_000308,身边有暗黑色水也没有把握的无能的关系了。,,,,,,,
619,,0,,,quest_cam_alone_chest_buff,132,QST_Desc_000309,是这样的，不幸中的万幸。,,,,,,,
620,,0,,,quest_cam_alone_medium_buff,0,QST_Desc_000310,爱德华说的好。这也是爱德华好。听。,,,,,,,
621,,0,,,quest_cam_alone_medium_buff,0,QST_Desc_000311,他用什么方法都对自己不该道歉。上的所有人都好。,,,,,,,
631,,0,,,quest_cam_alone_chest_buff,132,QST_Desc_000312,熙提正式的我的第一点和伊丽莎白接受帮助整理好。,,,,,,,
632,,0,,,quest_cam_alone_chest_buff,132,QST_Desc_000313,$（）GetName外部整理一下。特别是他行踪西安好担心的了。,,,,,,,
633,,0,,,quest_cam_alone_medium_buff,132,QST_Desc_000314,第一，我读了移动的订单给我了。,,,,,,,
634,,0,,,quest_cam_alone_medium_buff,132,QST_Desc_000315,移动订单使用红岩石群团好绯红地密件。,,,,,,,
637,,0,,,quest_cam_alone_medium_buff,2051,QST_Desc_000316,在处理这样的事情，也是你的答案。,,,,,,,
638,,0,,,quest_cam_alone_medium_buff,2051,QST_Desc_000317,但是爱德华好故事。,,,,,,,
639,,0,,,quest_cam_alone_chest_buff,2051,QST_Desc_000318,我知道爱德华的贪婪，除了总参谋长的职务上的聪明人。,,,,,,,
640,,0,,,quest_cam_alone_chest_buff,2051,QST_Desc_000319,熙提好地从外部势力的事情被揭穿了，自己的事情，而不是瞎赖人的意思。,,,,,,,
641,,0,,,quest_cam_alone_chest_buff,0,QST_Desc_000320,嗯。,,,,,,,
642,,0,,,quest_cam_alone_chest_buff,0,QST_Desc_000321,反正我苦恼的问题是好事情，这为止。,,,,,,,
643,,0,,,quest_cam_alone_medium_buff,2051,QST_Desc_000322,在小麦上好的好了。,,,,,,,
644,,0,,,quest_cam_alone_medium_buff,2051,QST_Desc_000323,好，你也会这功长大。辛苦了。,,,,,,,
651,,0,,,quest_cam_alone_medium_buff,2063,QST_Desc_000324,健康好新花园的痕迹被发现。所以大地广好忆消失前赶得功成报价。,,,,,,,
652,,0,,,quest_cam_alone_medium_buff,2063,QST_Desc_000325,大地广忆好也不是永久的。随着岁月的流逝，分散或消失。所以不好决定使用多快功成报价越完整地确认。,,,,,,,
657,,0,,,quest_cam_alone_chest_buff,0,QST_Desc_000326,还是一样的方法。通过不断的。但是别担心。我也可以作为其他方法。,,,,,,,
661,,0,,,quest_cam_alone_chest_buff,2063,QST_Desc_000327,大地广忆好不好，健康式调查和监视停止。,,,,,,,
662,,0,,,quest_cam_alone_chest_buff,2063,QST_Desc_000328,日光式也不是傻瓜，会好这大地广忆一样好作为调查要打扰我。所以我也换个方法作为继续调查和监视。,,,,,,,
663,,0,,,quest_cam_alone_chest_buff,2063,QST_Desc_000329,好，我会在这方法利用获取的，快速眼动好核。,,,,,,,
664,,0,,,quest_cam_alone_chest_buff,2063,QST_Desc_000330,获取这日光层对获得知识，快速眼动控制法只是事情。好，好，雷姆雷姆核动力，同时，快速眼动报告所有的记录都记录为体。止没把握。,,,,,,,
665,,0,,,quest_cam_alone_medium_buff,2063,QST_Desc_000331,日光式好我作为新的调查方法了解为止手写的时间。所以在那之前获得足够的功成报价。,,,,,,,
667,,0,,,quest_cam_alone_medium_buff,2063,QST_Desc_000332,功成而获取报价分析最近在战斗，雷姆核获得好吧。,,,,,,,
668,,0,,,quest_cam_alone_chest_buff,2063,QST_Desc_000333,完整的战斗，雷姆好核。完整的战斗，雷姆核背好了，下次我该方法。,,,,,,,
669,,0,,,quest_cam_alone_chest_buff,0,QST_Desc_000334,好，快速眼动核解释功成报价的努力得到的。,,,,,,,
671,,0,,,quest_cam_alone_chest_buff,2063,QST_Desc_000335,让您开心地在获取攻击。我也是计划搭乘者好吧？,,,,,,,
672,,0,,,quest_cam_alone_chest_buff,2063,QST_Desc_000336,我得到的报价作为功成话匪帮头目附近是获取知识的暗转交给敌人存对襟好吧。,,,,,,,
673,,0,,,quest_cam_alone_medium_buff,0,QST_Desc_000337,当获取新知识，流为黑色的好处，导致置暗注视者。,,,,,,,
677,,0,,,quest_cam_alone_medium_buff,0,QST_Desc_000338,由此式直升机再次派遣手下前为止可以安心了。您辛苦了。,,,,,,,
681,,0,,,quest_cam_alone_medium_buff,2063,QST_Desc_000339,我知道事实作为卵器也告诉你了。,,,,,,,
682,,0,,,quest_cam_alone_chest_buff,2063,QST_Desc_000340,当然，我知道作为该项目的所有内容告诉你的。然后。。。,,,,,,,
683,,0,,,quest_cam_alone_chest_buff,2063,QST_Desc_000341,实话跟你说依危旧房中联合和春光好讲台有些粗糙的状态。所以我替我GetName（$）的文件传送。,,,,,,,
685,,0,,,quest_cam_alone_chest_buff,0,QST_Desc_000342,它是斯师生好文档。,,,,,,,
686,,0,,,quest_cam_alone_chest_buff,2062,QST_Desc_000343,我确实不知道功成报价的方法有很多。问题是我作为不通知功成日报也多。。。。。,,,,,,,
687,,0,,,quest_cam_alone_chest_buff,2062,QST_Desc_000344,好的。我会的。敌人至少要求。,,,,,,,
691,,0,,,quest_cam_alone_medium_buff,2083,QST_Desc_000345,西安找好他下落的消息。,,,,,,,
692,,0,,,quest_cam_alone_medium_buff,2083,QST_Desc_000346,他在这里过案的事实，这好那好，谁也不知道西安目的地。n n /但我作为一存敌人就知道好。,,,,,,,
693,,0,,,quest_cam_alone_chest_buff,2083,QST_Desc_000347,在快速眼动自己看到的都忆广。所以，好硫黄雷姆核调查西安移动的方向，那是可以的。,,,,,,,
694,,0,,,quest_cam_alone_chest_buff,2083,QST_Desc_000348,为求敌人作为止我帮了不少忙，这好我会有帮助。,,,,,,,
695,,0,,,quest_cam_alone_chest_buff,2083,QST_Desc_000349,硫磺，雷姆好快好核，核功成日报解释好去向他打听出来。,,,,,,,
697,,0,,,quest_cam_alone_chest_buff,2083,QST_Desc_000350,果然，雷姆好眼睛里可以没有存敌人。,,,,,,,
698,,0,,,quest_cam_alone_chest_buff,2083,QST_Desc_000351,本目的的采光比观察更特别的东西都不是很好。,,,,,,,
701,,0,,,quest_cam_alone_chest_buff,2083,QST_Desc_000352,好，快速眼动核分析的结果是西安的男性向南移动了报价确认功成。,,,,,,,
702,,0,,,quest_cam_alone_chest_buff,2083,QST_Desc_000353,这附近有没有道理，司祭，他问，功成能得到准确的报价。,,,,,,,
707,,0,,,quest_cam_alone_medium_buff,0,QST_Desc_000354,他在找西安好去处。能力也不错。请好好地找来了。,,,,,,,
711,,0,,,quest_cam_alone_chest_buff,2101,QST_Desc_000355,他在氰熙提地逃脱了。n n /但我知他这样子西安熙提地隐藏在自信而不是安全就好了。,,,,,,,
712,,0,,,quest_cam_alone_chest_buff,2101,QST_Desc_000356,他在这里找西安什么了。/ / n n是什么不知道，但很重要的东西。,,,,,,,
713,,0,,,quest_cam_alone_chest_buff,2101,QST_Desc_000357,这是关于直接听到这张好点吧。/ / n n。西安这里东边的红军团要塞在岩石上。,,,,,,,
714,,0,,,quest_cam_alone_chest_buff,2101,QST_Desc_000358,但是我不求敌人的困难。/ / n n也需要帮助的况功成。,,,,,,,
715,,0,,,quest_cam_alone_chest_buff,2101,QST_Desc_000359,目前红岩石荒地上三角好恶魔的事情大部分$ GetName（好），解决了吧。/ / n n所以你这里占领的恶魔都处理不好的话。,,,,,,,
718,,0,,,quest_cam_alone_medium_buff,0,QST_Desc_000360,整理结束了。,,,,,,,
719,,0,,,quest_cam_alone_medium_buff,0,QST_Desc_000361,真GetName $（）有没有别的计划了。恶魔们这么容易就可以了。,,,,,,,
721,,0,,,quest_cam_alone_medium_buff,2101,QST_Desc_000362,废墟中抢导的强大的恶魔存敌人。,,,,,,,
722,,0,,,quest_cam_alone_medium_buff,2101,QST_Desc_000363,调查准确，争是恶魔健康好三角式直接权限被恶魔之一。/ / n n当然是这一地区的恶魔事情能性大。,,,,,,,
723,,0,,,quest_cam_alone_chest_buff,2101,QST_Desc_000364,也没时间$（）GetName实力足够好，回去的理由。,,,,,,,
724,,0,,,quest_cam_alone_chest_buff,2101,QST_Desc_000365,健康导处，导致置和敌邪念体回收好，好吧。,,,,,,,
725,,0,,,quest_cam_alone_chest_buff,2101,QST_Desc_000366,邪念体通过日光式好掌握正确的计划。,,,,,,,
727,,0,,,quest_cam_alone_chest_buff,2101,QST_Desc_000367,GetName好还是$（）的能力就不需要什么特别的计划。,,,,,,,
728,,0,,,quest_cam_alone_chest_buff,2101,QST_Desc_000368,地处，导致置和抢劫和谁也不说了。,,,,,,,
729,,0,,,quest_cam_alone_medium_buff,0,QST_Desc_000369,我可怜的日光式。,,,,,,,
731,,0,,,quest_cam_alone_medium_buff,2101,QST_Desc_000370,好健康导邪念分析式直升机能够正确掌握好计划。,,,,,,,
732,,0,,,quest_cam_alone_medium_buff,2101,QST_Desc_000371,健康是州民好利用势冤魂不败。魔法的周民好势冤魂吸收力的培养。,,,,,,,
733,,0,,,quest_cam_alone_chest_buff,0,QST_Desc_000372,已经进行的惨案还原式好，健康计划以后进行阻止。,,,,,,,
734,,0,,,quest_cam_alone_chest_buff,0,QST_Desc_000373,所以GetName（$）。好的废墟中血魔法破坏我的好。,,,,,,,
735,,0,,,quest_cam_alone_chest_buff,2101,QST_Desc_000374,选穴好魔法珍岛魔法的形式。的好的晶状体核破坏的魔法就可以停止。,,,,,,,
737,,0,,,quest_cam_alone_chest_buff,2101,QST_Desc_000375,这个花园好健康计划部门根本就开始了。,,,,,,,
738,,0,,,quest_cam_alone_chest_buff,2101,QST_Desc_000376,但是健康式完全阻止好计划，为今后红岩石荒地上存敌人的两个魔法粉碎好的多。,,,,,,,
739,,0,,,quest_cam_alone_medium_buff,0,QST_Desc_000377,你迟早会有油烟机下，没必要着急。,,,,,,,
741,,0,,,quest_cam_alone_medium_buff,2101,QST_Desc_000378,现在这里我一个人也可以。所以$ GetName（岩石）红军团要塞中氰见面吧。,,,,,,,
742,,0,,,quest_cam_alone_medium_buff,2101,QST_Desc_000379,他也GetName西安$（）表现好了，求像敌人拒绝不了的。,,,,,,,
743,,0,,,quest_cam_alone_medium_buff,2101,QST_Desc_000380,当然，红岩石荒地地区又没处去祈祷会。,,,,,,,
745,,0,,,quest_cam_alone_chest_buff,2111,QST_Desc_000381,真的很精彩。求你为止敌人的英雄传说上好表现好也不甘落后。,,,,,,,
746,,0,,,quest_cam_alone_chest_buff,2111,QST_Desc_000382,说实话，我真得非常活跃。,,,,,,,
747,,0,,,quest_cam_alone_chest_buff,2111,QST_Desc_000383,你这么辛苦地为止熙提了，我这个样子地在这里为止来的情况也大致估计。,,,,,,,
748,,0,,,quest_cam_alone_chest_buff,2111,QST_Desc_000384,好健康式阴谋。红岩石荒地守护。还有就是，最近开始保护。,,,,,,,
749,,0,,,quest_cam_alone_chest_buff,2111,QST_Desc_000385,要塞司令官对亮。你听到的消息，救世主也一样苦苦找你。,,,,,,,
751,,0,,,quest_cam_alone_medium_buff,2122,QST_Desc_000386,士兵们管好战斗。但是，事情在这里的原因。我也不能。,,,,,,,
752,,0,,,quest_cam_alone_medium_buff,2122,QST_Desc_000387,一个好的废墟上的善好的血魔法也安装在这里。而魔法的事情。这里的存敌人。,,,,,,,
753,,0,,,quest_cam_alone_medium_buff,2122,QST_Desc_000388,GetName（$）。事情山坡攻击的故事。所以，事情好魔法攻击，选穴珍岛一起粉碎。然后。。。,,,,,,,
754,,0,,,quest_cam_alone_chest_buff,0,QST_Desc_000389,最先GetName冤$（）方法很好我的故事了。,,,,,,,
755,,0,,,quest_cam_alone_chest_buff,0,QST_Desc_000390,很好的理解是况功成而失望的情绪的办法。,,,,,,,
757,,0,,,quest_cam_alone_chest_buff,2122,QST_Desc_000391,由此式健康的血魔法珍岛安装好了。,,,,,,,
758,,0,,,quest_cam_alone_chest_buff,2122,QST_Desc_000392,所有魔法的破坏，日光式是什么表情呢？就觉得很开心。,,,,,,,
761,,0,,,quest_cam_alone_medium_buff,2114,QST_Desc_000393,警卫，雷姆推新防御帮助。好了，我会这好方法帮助你的事情吧。,,,,,,,
762,,0,,,quest_cam_alone_medium_buff,2114,QST_Desc_000394,我作为哨兵的花园就好了。/ / n和n代好石板考古发现。/ / n，n为哨兵，石板给好了来不了了。,,,,,,,
763,,0,,,quest_cam_alone_medium_buff,2114,QST_Desc_000395,在快速眼动研好冷，好究考古代石板。,,,,,,,
765,,0,,,quest_cam_alone_medium_buff,2114,QST_Desc_000396,哨兵的好礼品好石板院子里代回收。,,,,,,,
767,,0,,,quest_cam_alone_chest_buff,2114,QST_Desc_000397,考古代好守护者的哨兵也GetName $（）完全没有威胁。,,,,,,,
768,,0,,,quest_cam_alone_chest_buff,2114,QST_Desc_000398,粗略的，但还是亲自看得令人吃惊。,,,,,,,
769,,0,,,quest_cam_alone_chest_buff,2114,QST_Desc_000399,预言的新好GetName狮子$（）我想这么说。。。。,,,,,,,
770,,0,,,quest_cam_alone_chest_buff,2114,QST_Desc_000400,抱歉！ 现在就当没听到吧,,,,,,,
771,,0,,,quest_cam_alone_chest_buff,2114,QST_Desc_000401,看来我太兴奋了,,,,,,,
775,,0,,,quest_cam_alone_medium_buff,2114,QST_Desc_000402,古代的石板上写的内容大部分都是 我方已经掌握的信息。 /n /n 但也不是全无收获 ,,,,,,,
776,,0,,,quest_cam_alone_medium_buff,2114,QST_Desc_000403,"现在可以确认，古代的遗迹, 现在的???的庭院地带有存在古愣的记载",,,,,,,
777,,0,,,quest_cam_alone_medium_buff,2114,QST_Desc_000404,古愣指挥应该在状态，但有待考究,,,,,,,
781,,0,,,quest_cam_alone_chest_buff,2131,QST_Desc_000405,谁 ?... 把握不了…内容 ?...,,,,,,,
791,,0,,,quest_cam_alone_chest_buff,2131,QST_Desc_000406,由于古愣术师的控制….  技能被限制…,,,,,,,
792,,0,,,quest_cam_alone_chest_buff,2131,QST_Desc_000407,古愣术师…处置 欲望…,,,,,,,
797,,0,,,quest_cam_alone_chest_buff,0,QST_Desc_000408,确认限制技能的存在消失了还找我有什么事吗？,,,,,,,
801,,0,,,quest_cam_alone_medium_buff,2131,QST_Desc_000409,为了 控制 周围的 古愣 需要中介装置 ,,,,,,,
802,,0,,,quest_cam_alone_medium_buff,2131,QST_Desc_000410,如果需要控制古愣请确认中介装置,,,,,,,
807,,0,,,quest_cam_alone_medium_buff,2131,QST_Desc_000411,确认中介装置 进行古愣控制 ,,,,,,,
811,,0,,,quest_cam_alone_chest_buff,2131,QST_Desc_000412,控制被拒绝,,,,,,,
812,,0,,,quest_cam_alone_chest_buff,2131,QST_Desc_000413,把握理由,,,,,,,
813,,0,,,quest_cam_alone_chest_buff,2131,QST_Desc_000414,理由，感觉到了周围强大的魔力场,,,,,,,
814,,0,,,quest_cam_alone_chest_buff,2131,QST_Desc_000415,结论就是，为了控制古愣，消灭魔力场吧,,,,,,,
817,,0,,,quest_cam_alone_chest_buff,2131,QST_Desc_000416,确认消灭魔力场,,,,,,,
818,,0,,,quest_cam_alone_chest_buff,2131,QST_Desc_000417,开始控制古愣,,,,,,,
819,,0,,,quest_cam_alone_medium_buff,0,QST_Desc_000418,控制古愣完成,,,,,,,
820,,0,,,quest_cam_alone_medium_buff,0,QST_Desc_000419,接到命令的时候为止进入待机状态,,,,,,,
831,,0,,,quest_cam_alone_chest_buff,2131,QST_Desc_000420,感觉到了周围光的气息,,,,,,,
832,,0,,,quest_cam_alone_chest_buff,2131,QST_Desc_000421,为了设置技能，需要光的气息. 请和光的 使臣对话吧,,,,,,,
837,,0,,,quest_cam_alone_chest_buff,2114,QST_Desc_000422,古愣指挥的级别比想象中要高，还好古愣术师们难以操纵他 ,,,,,,,
838,,0,,,quest_cam_alone_chest_buff,2114,QST_Desc_000423,"无论怎样，既然将帮助恢复了技能的 $GetName() 指定为新主人, 现在$GetName() 不再威胁我方，就不需要担心古愣了.",,,,,,,
400001,,0,,,quest_cam_alone_chest_buff,0,QST_Desc_000424,(样本)你好,,,,,,,
400002,,0,,,quest_cam_alone_medium_buff,0,QST_Desc_000425,(样本)请进来吧,,,,,,,
400003,,1,,,quest_cam_alone_medium_buff,0,QST_Desc_000426,（样本）这是什么,,,,,,,
400004,,1,,UI\Texture\SB_BtnAimHighSelected.png,quest_cam_alone_medium_buff,0,QST_Desc_000427,(样本)是画,,,,,,,
400005,,2,Movie\Intro.avi,,quest_cam_alone_medium_buff,0,QST_Desc_000428,(样本)视频,,,,,,,
400006,,0,,,quest_cam_alone_chest_buff,132,QST_Desc_000429,（样本）你好,,,,,,,
400007,,0,,,quest_cam_alone_chest_buff,1006,QST_Desc_000430,(样本)给柯麟看看,,,,,,,
400008,,0,,,quest_cam_alone_chest_buff,1010,QST_Desc_000431,(样本)来我这就行,,,,,,,
500001,,0,,,quest_cam_alone_chest_buff,51001,QST_Desc_000432,好的是考古代有明显的长时间这一地区东南边事情部领域。他在自己的窝里谁入侵不采取行动。,,,,,,,
501001,,0,,,quest_cam_alone_chest_buff,51001,QST_Desc_000433,第一次调查时地区勘探队没那么好的领域，他们有他们自己的整个生命都赶走后麾下的春光中草草原战役进攻了。,,,,,,,
502001,,0,,,quest_cam_alone_medium_buff,51001,QST_Desc_000434,后来，他不好的领域，再回到原状态。可是有明显的管理树种子区域为止离开这个地方了。这样的事情。,,,,,,,
503001,,0,,,quest_cam_alone_medium_buff,51001,QST_Desc_000435,也许我们来说是种好茶的愤怒的阴谋中是好事情。市树种子叶分析什么好就可以了。来吧。,,,,,,,
500002,,0,,,quest_cam_alone_chest_buff,0,QST_Desc_000436,你的树种子好叶分析你的魔法或是自由的。肯定是吸引他们的原因。,,,,,,,
501002,,0,,,quest_cam_alone_chest_buff,0,QST_Desc_000437,周围的班草不同植物的孢子释放，因为事情。你分析一下。来吧。,,,,,,,
500003,,0,,,quest_cam_alone_medium_buff,51001,QST_Desc_000438,树种子出没的班草。。。。。。。。,,,,,,,
501003,,0,,,quest_cam_alone_medium_buff,51001,QST_Desc_000439,渐渐知道势败了。树种子与怪兽处移动，也为我们止折磨它，你可以不知道。,,,,,,,
502003,,0,,,quest_cam_alone_chest_buff,0,QST_Desc_000440,最好的地方是不是好学生学者的工作是最让怪兽知道，什么也不知道。她拜托给我。,,,,,,,
500004,,0,,,quest_cam_alone_chest_buff,51077,QST_Desc_000441,我对怪兽研究。他们无缘无故就特别不离巢。这里太突然出现了。,,,,,,,
501004,,0,,,quest_cam_alone_chest_buff,51077,QST_Desc_000442,怪兽大张好动态观察了魔似的东西。他知道什么都不知道。为线索来。,,,,,,,
500005,,0,,,quest_cam_alone_chest_buff,51077,QST_Desc_000443,怪兽脑子里的根来的好。他利用动物控制。特殊情况以外，不使用的好方法。,,,,,,,
501005,,0,,,quest_cam_alone_chest_buff,51077,QST_Desc_000444,最近他刺激的事情。为何如此的事情发生了。知道什么命令，就要准备好。深渊需要花点。那个救了。,,,,,,,
500006,,0,,,quest_cam_alone_medium_buff,0,QST_Desc_000445,根的想法读，有明显的黄、苹果找你。多重要的东西，因此找不到的。,,,,,,,
501006,,0,,,quest_cam_alone_medium_buff,0,QST_Desc_000446,但是我们公司长久多知道神来保持就知道。但奇怪的信。他问我。,,,,,,,
500007,,0,,,quest_cam_alone_medium_buff,51003,QST_Desc_000447,黄金。苹果。,,,,,,,
501007,,0,,,quest_cam_alone_chest_buff,51003,QST_Desc_000448,黄、苹果！我想我也不是一样的。好的。那个。这就忆广，抓不住。,,,,,,,
502007,,0,,,quest_cam_alone_chest_buff,0,QST_Desc_000449,脆的三大好腿就想被抓住。大三大腿好长炮过来吧。不喜欢就不要。,,,,,,,
500008,,0,,,quest_cam_alone_chest_buff,51003,QST_Desc_000450,。好的。闪电划破了。,,,,,,,
501008,,0,,,quest_cam_alone_chest_buff,51003,QST_Desc_000451,好，好，敌喂大的最高。,,,,,,,
502008,,0,,,quest_cam_alone_medium_buff,51003,QST_Desc_000452,黄、苹果很遥远的过去，神们自己管理好花园为是遗物中的一个。植物生长也来了。,,,,,,,
503008,,0,,,quest_cam_alone_medium_buff,51003,QST_Desc_000453,音。其余三个好文物的忆不广。,,,,,,,
504008,,0,,,quest_cam_alone_medium_buff,51003,QST_Desc_000454,不知道！累了。这是我的了。我的学生的，就解决了。知道了吧。好的。,,,,,,,
500009,,0,,,quest_cam_alone_medium_buff,51014,QST_Desc_000455,这样的事情了。,,,,,,,
501009,,0,,,quest_cam_alone_chest_buff,51014,QST_Desc_000456,黄、苹果少，因为我们无法理解。我们与之无关。。,,,,,,,
502009,,0,,,quest_cam_alone_chest_buff,0,QST_Desc_000457,看电视的动作是我们撒气。不见了。,,,,,,,
503009,,0,,,quest_cam_alone_chest_buff,51014,QST_Desc_000458,更详细的了解。有明显的好的话就让你有更多的报价的话，功成。,,,,,,,
504009,,0,,,quest_cam_alone_chest_buff,51014,QST_Desc_000459,但是当孩子们的小麦，研究正常。检查点的密处，导致置领先。,,,,,,,
500010,,0,,,quest_cam_alone_medium_buff,51014,QST_Desc_000460,是的，我在会议上得到什么，那是好的灵魂，功成修改其报价。但麻烦的事情是需要准备的册封。,,,,,,,
501010,,0,,,quest_cam_alone_medium_buff,0,QST_Desc_000461,首先，瘟疫骷髅虫好眼睛。灵魂水晶的功成读日报。那就什么也不行。,,,,,,,
500011,,0,,,quest_cam_alone_medium_buff,0,QST_Desc_000462,好这刀刃会有根树，根皮好。他灵魂中功成修改报价能操纵和唱。知道了吧。,,,,,,,
500012,,0,,,quest_cam_alone_medium_buff,0,QST_Desc_000463,最后一场重要的愤怒的老松树是艺术的灵魂需要修改好。那里面的功成为了读日报。,,,,,,,
501012,,0,,,quest_cam_alone_chest_buff,0,QST_Desc_000464,也许粗暴地对待。好，让我来吧。,,,,,,,
500013,,0,,,quest_cam_alone_chest_buff,0,QST_Desc_000465,可爱的植物出现在我们的进攻性的原因吧。我们黄、苹果偷走的东西。,,,,,,,
501013,,0,,,quest_cam_alone_chest_buff,0,QST_Desc_000466,可们是我从来没有。是偷偷的。实验上，有趣的事情发生了。可惜啊。,,,,,,,
502013,,0,,,quest_cam_alone_chest_buff,0,QST_Desc_000467,反正我知道的只有这个。细节我就有明显的和直接的对话。该方法有光泽的知道，给她看。,,,,,,,
500014,,0,,,quest_cam_alone_medium_buff,0,QST_Desc_000468,有明显的对话的精神状态中的功能。这样的话让我精神高阳。那是个很难的事情。,,,,,,,
501014,,0,,,quest_cam_alone_medium_buff,0,QST_Desc_000469,杯。以做精。先恶煞的杯，在那里。,,,,,,,
500015,,0,,,quest_cam_alone_medium_buff,51022,QST_Desc_000470,日元的灵魂和接触性好，引导标志。有好茶的精神进入纯木长好。,,,,,,,
501015,,0,,,quest_cam_alone_medium_buff,51022,QST_Desc_000471,是的。好的我自己的灵魂。好的封面上的混乱。湖附近的树中有明显的手够好的了。,,,,,,,
500016,,0,,,quest_cam_alone_chest_buff,0,QST_Desc_000472,你的灵魂材料用拐杖。这个世界上你心灵的指引。但是训练的人使用，可以永恒，小心。,,,,,,,
501016,,0,,,quest_cam_alone_chest_buff,0,QST_Desc_000473,我准备好了。,,,,,,,
500017,,0,,,quest_cam_alone_chest_buff,51022,QST_Desc_000474,有明显的自我保护的黄、苹果们。我不知道这偷走。他过去的影像表现，隐约看到兽人好了。他误会的。,,,,,,,
501017,,0,,,quest_cam_alone_chest_buff,51022,QST_Desc_000475,那好愤怒太大，无法说服了。我们黄苹果、我的说服功能。你要知道这是求敌人环的动态膜性好。他说。,,,,,,,
500018,,0,,,quest_cam_alone_medium_buff,51022,QST_Desc_000476,有好表现的准确位置。你们知道好队长。但是不容易过。那好，灵魂只能得到修正。但是在功成报价就要先知道其他材料。,,,,,,,
501018,,0,,,quest_cam_alone_medium_buff,51022,QST_Desc_000477,好，你的红干杯。心脏和皮特的春光好吧好吧。来杯。,,,,,,,
500019,,0,,,quest_cam_alone_medium_buff,0,QST_Desc_000478,结束阶段。求敌人列号副队长是明显的。好的直属部队和特的膜，功成况是不好的。快是明显的好处，导致置才能知道那个位置。你是我的。事情就好漂亮，好就好。敌灵魂修改列号输给副队长。,,,,,,,
501019,,0,,,quest_cam_alone_medium_buff,0,QST_Desc_000479,和我约会的时间都没有。你能帮忙就可以了。好漂亮的事情就好敌砍人，灵魂来修改就可以了。,,,,,,,
500020,,0,,,quest_cam_alone_medium_buff,51026,QST_Desc_000480,你的灵魂是明显的好从哪知道了。上好这挑战的行动一直在求敌人。那好吧，坐在地上的愤怒的原因是没有时间看。他除才能上好政治和战争。,,,,,,,
501020,,0,,,quest_cam_alone_chest_buff,51026,QST_Desc_000481,但是这样就巢门口守着兰处，导致置是必须的。这好也会帮忙就不行了。只有你。,,,,,,,
500173,,0,,,quest_cam_alone_chest_buff,0,QST_Desc_000482,研究交给别人了。比我更专业。平衡是特藏严实秘归想出来了。,,,,,,,
501173,,0,,,quest_cam_alone_chest_buff,0,QST_Desc_000483,怎么办。无论如何，阿德利吧。,,,,,,,
510001,,0,,,quest_cam_alone_chest_buff,0,QST_Desc_000484,主人会突然回来之后新族长的蔗糖的们下摆折磨我。他受不了了。他和中砂轮抓到他广忆好了。狼爪可能利用它的计划。,,,,,,,
511001,,0,,,quest_cam_alone_chest_buff,0,QST_Desc_000485,下摆好广忆找到您。先被广忆找好位置。如果能利用好觉解。只要你相信。那我来吧,,,,,,,
510002,,0,,,quest_cam_alone_chest_buff,52029,QST_Desc_000486,当然也有好的地方，广忆隐约看到。模糊的，正确的位置不好，砂轮的英箱子里装的东西。当容易修改的形式了。,,,,,,,
511002,,0,,,quest_cam_alone_medium_buff,52029,QST_Desc_000487,好，这敌下摆好珍贵的忆广而不知道做什么。这是你的事情。快点，来吧。,,,,,,,
510003,,0,,,quest_cam_alone_medium_buff,52029,QST_Desc_000488,广忆下摆要还给了一般的方法有困难。他好忆广广忆提取出的拐杖。那就再无法挽回。,,,,,,,
511003,,0,,,quest_cam_alone_medium_buff,52029,QST_Desc_000489,虎牙山大王隆隆。好吧，只有你。来吧。,,,,,,,
510004,,0,,,quest_cam_alone_medium_buff,52029,QST_Desc_000490,广忆提取拐杖就广忆原来主人无法挽回。芝麻林秀晶有功能。,,,,,,,
511004,,0,,,quest_cam_alone_chest_buff,0,QST_Desc_000491,下摆必须找忆广。这也会好借好的手。,,,,,,,
510005,,0,,,quest_cam_alone_chest_buff,0,QST_Desc_000492,现在广忆哭了手机联会回来了。他求敌人寒风在平原上休息。,,,,,,,
511005,,0,,,quest_cam_alone_chest_buff,52029,QST_Desc_000493,广忆回来求敌人史酸水刷方法。他在继承先人的匕首。而好看水隐藏的线索。传说中的宝物好他强有力的势败了。那就统治世界的程度好的位置上。/ / n n系列手机的短剑进行调查。,,,,,,,
510006,,0,,,quest_cam_alone_chest_buff,52030,QST_Desc_000494,你对好德广忆恢复点，很感谢你。父亲去世前的时期。秘短剑是归了。。。。。。。,,,,,,,
511006,,0,,,quest_cam_alone_medium_buff,52030,QST_Desc_000495,我们家族世代继承了我。可惜的是我長城之后说的时期了。父亲怒气冲冲的卡尔叔叔很好。你要秘归了。,,,,,,,
512006,,0,,,quest_cam_alone_medium_buff,52030,QST_Desc_000496,你相信好匕首交。秘归一定放了吧。是我可逃走了。你知道好的错误。叔父困扰，但受了。第三哭狼族为了谋取事情要建议说。我听错了吧。,,,,,,,
513006,,0,,,quest_cam_alone_medium_buff,0,QST_Desc_000497,反正我是帮你的地方形成。我说。,,,,,,,
510007,,0,,,quest_cam_alone_medium_buff,52031,QST_Desc_000498,短剑，查看隐藏的文字。文字解释了单剑好主人或认可的短剑在光所隐藏的真相才都能写。主人和认可的手机和你的哭吧。,,,,,,,
511007,,0,,,quest_cam_alone_chest_buff,52031,QST_Desc_000499,想要破译的话就拿唔落依特石头来吧,,,,,,,
510008,,0,,,quest_cam_alone_chest_buff,0,QST_Desc_000500,真大呀！短剑散发出来的任何位置显示在地图和春光。没有霜湖和相似但不同的部分。这地方好冻前指导的。,,,,,,,
511008,,0,,,quest_cam_alone_chest_buff,0,QST_Desc_000501,目前，地图和相比其他部分的地图。拖网的杀软边，也都很好。巨魔们这个木桶保管。来吧。,,,,,,,
510009,,0,,,quest_cam_alone_chest_buff,52031,QST_Desc_000502,单剑好地图里的冰湖附近的地方。地图上的考古代好句子，我无法解释。,,,,,,,
511009,,0,,,quest_cam_alone_medium_buff,0,QST_Desc_000503,倍的论长老应该可以。请他翻译一下吧。,,,,,,,
510010,,0,,,quest_cam_alone_medium_buff,0,QST_Desc_000504,这一考古代好句子特定位置的方法。雷击岩石变成特别的秘诀。,,,,,,,
511010,,0,,,quest_cam_alone_medium_buff,52032,QST_Desc_000505,湖里救霜雷击岩石。那就找方法。,,,,,,,
510011,,0,,,quest_cam_alone_medium_buff,52032,QST_Desc_000506,闪电位置拐杖短剑敷位置告诉。一次使用拐杖。,,,,,,,
510012,,0,,,quest_cam_alone_chest_buff,0,QST_Desc_000507,光亮指着湖水的指定地点。在那之前接受我的一个嘱托吧。污染的钢铁战士这里周围转，干扰我的集中力。让他们安静吧。,,,,,,,
510013,,0,,,quest_cam_alone_chest_buff,52032,QST_Desc_000508,湖的南部部署了奇怪的树木附近冰尾巴匕首使用归秘出现。,,,,,,,
511013,,0,,,quest_cam_alone_chest_buff,52032,QST_Desc_000509,去那里看看吧,,,,,,,
510014,,0,,,quest_cam_alone_chest_buff,52032,QST_Desc_000510,在过去的好文物管理好自己的庭院为超越性的东西。好的自遗物都修改好了的可怕。势败。其中的水冻冰块和势败就好。本来是和平的目的而使用的，但错误使用大的灾难性的事情了。快拦住。,,,,,,,
511014,,0,,,quest_cam_alone_medium_buff,52032,QST_Desc_000511,赫斯联赛方法去找冰川峡谷，出发了。,,,,,,,
510015,,0,,,quest_cam_alone_medium_buff,0,QST_Desc_000512,等你。/ / n n不久前袭击了这里的嵌合体。抵挡不住了，没想到正迁移前族长的儿子哭狼手机出现了危机，帮助我们摆脱了。,,,,,,,
511015,,0,,,quest_cam_alone_medium_buff,52034,QST_Desc_000513,他说是嵌合体的贤狼族长的莎卡吧。/ / n n有所整理，手机族赶狼哭了我们哨所附近好了。然后你就给自己找的话。,,,,,,,
512015,,0,,,quest_cam_alone_medium_buff,52034,QST_Desc_000514,不过事情部的嵌合体，我们继续折磨着。嵌合体性处，导致置吧。,,,,,,,
510016,,0,,,quest_cam_alone_chest_buff,52034,QST_Desc_000515,如果一个好的区城的寒气冒出来。随便接近的。他最近在调整冷气设备。但是，该装置也狼族外好吧，你想的多了。,,,,,,,
511016,,0,,,quest_cam_alone_chest_buff,52034,QST_Desc_000516,方法是没有。我的皮肤和眼睛。利用草药就可以避免。血压，但没有解决。看楼车。,,,,,,,
510017,,0,,,quest_cam_alone_chest_buff,52034,QST_Desc_000517,我的皮肤和眼睛一起构成了解你了。目前有冷气也可以忍受。效果的事情时的事情，你要小心点。,,,,,,,
511017,,0,,,quest_cam_alone_chest_buff,52034,QST_Desc_000518,在最近的冷气设备破坏。,,,,,,,
510018,,0,,,quest_cam_alone_medium_buff,0,QST_Desc_000519,现在有好的性能。叔父报仇而不是两类。我是不是好的就没有。,,,,,,,
511018,,0,,,quest_cam_alone_medium_buff,0,QST_Desc_000520,你还和他处，导致置才能为狼族。但夏车不多的绊脚石。,,,,,,,
512018,,0,,,quest_cam_alone_medium_buff,52035,QST_Desc_000521,暴雪好耶提代表。他们的物理不小类难以接近。置处，导致他们的才能。,,,,,,,
510019,,0,,,quest_cam_alone_chest_buff,52035,QST_Desc_000522,暴雪是我好的事情。莎卡很好的剧迷好滑雪工会誓言更可怕的存敌人。他们长大的绊脚石。,,,,,,,
511019,,0,,,quest_cam_alone_chest_buff,52035,QST_Desc_000523,莎卡好的样子就好极光滑雪工会处，导致置才能。,,,,,,,
510020,,0,,,quest_cam_alone_chest_buff,52035,QST_Desc_000524,现在只剩下两大类。,,,,,,,
511020,,0,,,quest_cam_alone_chest_buff,52035,QST_Desc_000525,爸爸了，万恶的冰，我们尾巴狼族陷入了泥潭。他打倒和平找回来。那么为了先守城门的双卡打倒。和你关系的请求。,,,,,,,
530001,,0,,,quest_cam_alone_chest_buff,53001,QST_Desc_000526,一个好的春光平源调查，我班上来的英雄。英雄听到我的声音，这是单纯的偶然，而是必然。,,,,,,,
531001,,0,,,quest_cam_alone_chest_buff,53001,QST_Desc_000527,英雄。公开身份，而我是个好春光平原居民想帮助移动。这地方好居民求敌人危险的婴儿玩的很好。而生命受到威胁。,,,,,,,
532001,,0,,,quest_cam_alone_medium_buff,0,QST_Desc_000528,大英雄的名声是弱者的痛苦回避不好写下。饥饿的婴儿玩的很置处，导致了居民。,,,,,,,
530002,,0,,,quest_cam_alone_medium_buff,53034,QST_Desc_000529,英雄一样好春光平源性。对吗？天马战争的伟大和当时的我们月好春光平元英雄而贫瘠的荒地上未干的水原和枯萎的树。/ / n的n就是生命好瀑布和池塘，还有风正好年好树。,,,,,,,
531002,,0,,,quest_cam_alone_chest_buff,53034,QST_Desc_000530,可是一天，一个男人的春光平原上。该村所有者的悲剧埋起来了。大地和江河腐烂了，死了你的！但我看人的话，什么都做不了了。,,,,,,,
532002,,0,,,quest_cam_alone_chest_buff,53034,QST_Desc_000531,我的所有事情的原因，掌握好甜好春光平原，再以挽回。首先，腐败的土地净化。/ / n n研究元妃一样，也许她是腐败的土地净化的方法知道的。和田妃好吧。,,,,,,,
530003,,0,,,quest_cam_alone_chest_buff,53081,QST_Desc_000532,这是当时大陵园天马战争前的月平源的春光好英雄埋在里面。但是那样的伟大英雄也不意外。功成日报称，只要服务好盔甲和武器。这些尸体，派遣部队去袭击着无差别。,,,,,,,
531003,,0,,,quest_cam_alone_chest_buff,53081,QST_Desc_000533,派遣部队的尸体陵园外出的。。。不好的地方化的精锐部队压倒实力是谁都好！以主义撕裂。,,,,,,,
532003,,0,,,quest_cam_alone_medium_buff,0,QST_Desc_000534,命好的主人自豪的英雄安息高重新找到帮助。请求。,,,,,,,
530004,,0,,,quest_cam_alone_chest_buff,53111,QST_Desc_000535,听到了。我是个好春光平源管理跟材质好妻子已经个月了。幽灵了。,,,,,,,
531004,,0,,,quest_cam_alone_chest_buff,53111,QST_Desc_000536,我丈夫因病去世后，我为了救他，我好去怂恿他奉命上好的傀儡了。敌人也奉命求好的重复实验和创造的怪物。,,,,,,,
532004,,0,,,quest_cam_alone_medium_buff,53111,QST_Desc_000537,村前好鲜红颜色，吸引珠，珠。死好山好忧虑和痛苦来吸收的珠子，好叫你去的那个怪物制造好动力试验和使用。,,,,,,,
533004,,0,,,quest_cam_alone_medium_buff,53111,QST_Desc_000538,珠也要破坏敌人都好。吸引着佛珠，破坏。,,,,,,,
530005,,0,,,quest_cam_alone_medium_buff,53111,QST_Desc_000539,现在我们看到的地方化性好的高卢好处，导致置手下全部。但是他们就好势力功能的问题。就是我的丈夫。,,,,,,,
531005,,0,,,quest_cam_alone_chest_buff,53111,QST_Desc_000540,。。。。。。。/ / n n丈夫死的诅咒可以重复的过程中，他自己也成了牺牲品。诅咒侵蚀了原来的样子都留有痕迹。,,,,,,,
532005,,0,,,quest_cam_alone_chest_buff,53111,QST_Desc_000541,杀。又杀了。现在他去执行命令。好的事情。堕落者不被打倒的纹理。,,,,,,,
530006,,0,,,quest_cam_alone_chest_buff,53111,QST_Desc_000542,英雄的帮助，好丈夫，健康物会被债务也全部完成了。最后势英雄败借好。太阳光物所有事情的全部情况。,,,,,,,
531006,,0,,,quest_cam_alone_medium_buff,0,QST_Desc_000543,可是众所周知的。我的声音他够不着。健康是好物。这个报告的请求。然后再次表示感谢。,,,,,,,
540001,,0,,,quest_cam_alone_chest_buff,54001,QST_Desc_000544,我知道好的环式负载，监察部长贝43岁。为了救英雄好合作，在这里等着你。,,,,,,,
541001,,0,,,quest_cam_alone_chest_buff,54001,QST_Desc_000545,我公司地们不好。我完全控制这一地区。最后为止的太阳岛上号好。不好卖的友好的权力，所有事情圆满解决了。,,,,,,,
542001,,0,,,quest_cam_alone_chest_buff,54001,QST_Desc_000546,但地标太阳岛是近水楼台先得好，敌势败友好派驱逐和我给们敌好采取行动的符号，再打好争论的导火索燃烧起来了。真的很突然的事情。,,,,,,,
543001,,0,,,quest_cam_alone_medium_buff,0,QST_Desc_000547,高丽阿斯 需要知道火种的原因。判断真伪需要资料，难道不想将岛上的士兵处置，将作战命令书拿回来吗？,,,,,,,
540005,,0,,,quest_cam_alone_chest_buff,54031,QST_Desc_000548,岛上是以封闭种族而出名.就算与我们交谈也会有所隐瞒，但是这里有专家在,,,,,,,
541005,,0,,,quest_cam_alone_chest_buff,54031,QST_Desc_000549,秘鲁师傅说根据研究来看岛上用同盟将对方标记的灰给予装饰，如果到会贝尔哈的一定就能拿到装饰,,,,,,,
542005,,0,,,quest_cam_alone_medium_buff,54031,QST_Desc_000550,如果是这个的话会很奏效的！处置监察兵并把装饰品拿来吧,,,,,,,
540009,,0,,,quest_cam_alone_chest_buff,54073,QST_Desc_000551,在同事那里听说了你的事情，你是一位优秀的战士，知恩图报之人，人人敬佩。虽然应当立即报恩，但是现在的状况不宜。,,,,,,,
541009,,0,,,quest_cam_alone_chest_buff,54073,QST_Desc_000552,一部分的队友已经被破灭的石像精神支配所控制，敌人的的力量逐渐强大，积少成多的弱者落到敌人的手中，我们的种族也会消失。,,,,,,,
542009,,0,,,quest_cam_alone_medium_buff,0,QST_Desc_000553,需要你的帮助，为了从术中逃脱出来进行防御,,,,,,,
540014,,0,,,quest_cam_alone_chest_buff,54091,QST_Desc_000554,如果我没有在洞窟里发现草也就不会酿成悲剧。。。。。那边巨大的碎片是最强的战士们的痕迹，拥有着永远不灭的草之力量的身躯的伟大战士们。,,,,,,,
541014,,0,,,quest_cam_alone_chest_buff,54091,QST_Desc_000555,敌对的石像。我们利用这个信息，我们可以说服了。我们希望和平共处的，但最终是会上做了。,,,,,,,
542014,,0,,,quest_cam_alone_medium_buff,54091,QST_Desc_000556,敌对的受到这线再偷我的心脏的设计图要求。约束，那里面的火草无我的工作是必要的。,,,,,,,
543014,,0,,,quest_cam_alone_medium_buff,54091,QST_Desc_000557,上次战役将一半设计图落到了敌人手中， 敌人现在想把剩下的半张也拿来,,,,,,,
544014,,0,,,quest_cam_alone_chest_buff,54091,QST_Desc_000558,用我的假设计图引诱敌人的话一定没问题.到那时处置敌人，找回剩下的设计图。,,,,,,,
540016,,0,,,quest_cam_alone_medium_buff,54097,QST_Desc_000559,我们秘密的想阻止破灭的石像，亲历亲为,,,,,,,
541016,,0,,,quest_cam_alone_medium_buff,54097,QST_Desc_000560,"但是 敌人开始操纵 我们 岛的思维. 我和我的部下淘到别的种族里，但也无用，叫咖喱啦的人控制着这里, 我们完全被孤立了!",,,,,,,
542016,,0,,,quest_cam_alone_chest_buff,54097,QST_Desc_000561,借用你们的势力吧 必须处决狡猾的主导所有 事情的敌人势力 敌人头领  为了设计图   ,,,,,,,
543016,,0,,,quest_cam_alone_chest_buff,54097,QST_Desc_000562,要是又火眼金睛就可以马上定位了/n /n 处置残忍的俗呢么把他的火眼精经拿来吧,,,,,,,
540018,,0,,,quest_cam_alone_medium_buff,54097,QST_Desc_000563,敌人把守着山洞口，那里肯定有情况。 说不定有破灭的石像,,,,,,,
541018,,0,,,quest_cam_alone_chest_buff,54097,QST_Desc_000564,但是得先处理与敌人的设计图 。 落到邪恶的人手中悲剧一样会发生,,,,,,,
542018,,0,,,quest_cam_alone_chest_buff,54097,QST_Desc_000565,把石像的核心设计图拿来吧,,,,,,,
540019,,0,,,quest_cam_alone_medium_buff,54097,QST_Desc_000566,破灭的石像诱惑着我们，火山爆发的话敌人也不会生存，你们就可以占领那里,,,,,,,
541019,,0,,,quest_cam_alone_chest_buff,54097,QST_Desc_000567,但是 我们的盟军抵制住了敌人的诱惑.火山爆发成为火海，万物毁灭,,,,,,,
542019,,0,,,quest_cam_alone_chest_buff,54097,QST_Desc_000568,敌人的真正目的是消灭一切活着的东西，将世界变成熔岩，仅仅如此,,,,,,,
543019,,0,,,quest_cam_alone_medium_buff,0,QST_Desc_000569,不消灭敌人就会发生不可挽回的灾难事情。横扫破灭的石像吧！,,,,,,,
