TID,Kind,Lv,Exp,TotalExp,MainSp,ResetMainSp,SubSp,ResetSubSp,Comment,Ghelld,HPRBuff,MPRBuff,POPMin,POPMax,MOPMin,MOPMax,IGN_AT,AP,CP,BP,AS,STR,CON,WIS,MEN,AGI
人物,武器种类,等级,下个熟练度,总熟练度经验值,主武器时添加相应的技能点,主武器技能点重置,辅助武器技能点,辅助武器技能重置积分,企划者用 用途说明,上升级别所需货币,HP 追加回复量,MP 追加回复量,最小物理攻击力,最大物理攻击力,最小魔法攻击力,最大魔法攻击力,无视防御攻击力,命中度,致命一击,拦截度,攻击速度,气力,体力,智慧,智力,敏捷
0,0,0,1,1,,,1,1,2,,,,,,,,,,,,,,,,,
U16,U8,U8,S64,S64,U16,U16,U16,U16,CBwString,U32,S32,S32,U16,U16,U16,U16,U16,U8,U8,U8,U16,U8,U8,U8,U8,U8
1,1,1,7200,7200,0,0,0,0,矛1,0,0,0,1,2,0,0,0,0,0,0,0,0,0,0,0,0
2,1,2,11200,18400,2,2,1,1,矛2,0,0,0,4,5,0,0,0,0,0,0,0,0,0,0,0,0
3,1,3,16600,35000,2,4,1,2,矛3,0,0,0,6,7,0,0,0,0,0,1,0,0,0,0,0,0
4,1,4,23300,58300,2,6,1,3,矛4,0,0,0,9,10,0,0,0,0,0,1,0,0,0,0,0,0
5,1,5,31600,89900,2,8,1,4,矛5,0,0,0,10,12,0,0,0,0,0,1,0,0,0,0,0,0
6,1,6,41600,131500,2,10,1,5,矛6,0,0,0,13,15,0,0,0,0,0,2,0,0,0,0,0,0
7,1,7,53500,185000,2,12,1,6,矛7,0,0,0,15,17,0,0,0,0,0,2,0,0,0,0,0,0
8,1,8,67400,252400,2,14,1,7,矛8,0,0,0,18,20,0,0,0,0,0,2,0,0,0,0,0,0
9,1,9,108000,360400,2,16,1,8,矛9,0,0,0,19,22,0,0,0,0,0,3,0,0,0,0,0,0
10,1,10,158100,518500,2,18,1,9,矛10,0,0,0,22,25,0,0,0,0,0,3,0,0,0,0,0,0
11,1,11,223900,742400,2,20,1,10,矛11,0,0,0,24,27,0,0,0,0,0,3,0,0,0,0,0,0
12,1,12,308500,1050900,2,22,1,11,矛12,0,0,0,27,30,0,0,0,0,0,4,0,0,0,0,0,0
13,1,13,414900,1465800,2,24,1,12,矛13,0,0,0,28,32,0,0,0,0,0,4,0,0,0,0,0,0
14,1,14,546800,2012600,2,26,1,13,矛14,0,0,0,31,35,0,0,0,0,0,4,0,0,0,0,0,0
15,1,15,707800,2720400,2,28,1,14,矛15,0,0,0,33,37,0,0,0,0,0,5,0,0,0,0,0,0
16,1,16,902000,3622400,2,30,1,15,矛16,0,0,0,36,40,0,0,0,0,0,5,0,0,0,0,0,0
17,1,17,1133700,4756100,2,32,1,16,矛17,0,0,0,37,42,0,0,0,0,0,5,0,0,0,0,0,0
18,1,18,1407500,6163600,2,34,1,17,矛18,0,0,0,40,45,0,0,0,0,0,6,0,0,0,0,0,0
19,1,19,1728000,7891600,2,36,1,18,矛19,0,0,0,42,47,0,0,0,0,0,6,0,0,0,0,0,0
20,1,20,2100400,9992000,2,38,1,19,矛20,0,0,0,45,50,0,0,0,0,0,6,0,0,0,0,0,0
21,1,21,2530000,12522000,2,40,1,20,矛21,0,0,0,46,52,0,0,0,0,0,7,0,0,0,0,0,0
22,1,22,3022300,15544300,2,42,1,21,矛22,0,0,0,49,55,0,0,0,0,0,7,0,0,0,0,0,0
23,1,23,3583200,19127500,2,44,1,22,矛23,0,0,0,51,57,0,0,0,0,0,7,0,0,0,0,0,0
24,1,24,4218800,23346300,2,46,1,23,矛24,0,0,0,54,60,0,0,0,0,0,8,0,0,0,0,0,0
25,1,25,4935300,28281600,2,48,1,24,矛25,0,0,0,55,62,0,0,0,0,0,8,0,0,0,0,0,0
26,1,26,5739600,34021200,2,50,1,25,矛26,0,0,0,58,65,0,0,0,0,0,8,0,0,0,0,0,0
27,1,27,6638300,40659500,2,52,1,26,矛27,0,0,0,60,67,0,0,0,0,0,9,0,0,0,0,0,0
28,1,28,7638600,48298100,2,54,1,27,矛28,0,0,0,63,70,0,0,0,0,0,9,0,0,0,0,0,0
29,1,29,8748000,57046100,2,56,1,28,矛29,0,0,0,64,72,0,0,0,0,0,9,0,0,0,0,0,0
30,1,30,9974000,67020100,2,58,1,29,矛30,0,0,0,67,75,0,0,0,0,0,10,0,0,0,0,0,0
31,1,31,10246320,77266420,2,60,1,30,矛31,0,0,0,69,77,0,0,0,0,0,10,0,0,0,0,0,0
32,1,32,10534420,87800840,2,62,1,31,矛32,0,0,0,72,80,0,0,0,0,0,10,0,0,0,0,0,0
33,1,33,11334904,99135744,2,64,1,32,矛33,0,0,0,73,82,0,0,0,0,0,11,0,0,0,0,0,0
34,1,34,12010368,111146112,2,66,1,33,矛34,0,0,0,76,85,0,0,0,0,0,11,0,0,0,0,0,0
35,1,35,15268700,126414812,2,68,1,34,矛35,0,0,0,78,87,0,0,0,0,0,11,0,0,0,0,0,0
36,1,36,22118400,148533212,2,70,1,35,矛36,0,0,0,81,90,0,0,0,0,0,12,0,0,0,0,0,0
37,1,37,26449140,174982352,2,72,1,36,矛37,0,0,0,82,92,0,0,0,0,0,12,0,0,0,0,0,0
38,1,38,31365900,206348252,2,74,1,37,矛38,0,0,0,85,95,0,0,0,0,0,12,0,0,0,0,0,0
39,1,39,43076880,249425132,2,76,1,38,矛39,0,0,0,87,97,0,0,0,0,0,13,0,0,0,0,0,0
40,1,40,56131452,305556584,2,78,1,39,矛40,0,0,0,90,100,0,0,0,0,0,13,0,0,0,0,0,0
41,1,41,58556960,364113544,2,80,1,40,矛41,0,0,0,91,102,0,0,0,0,0,13,0,0,0,0,0,0
42,1,42,67699100,431812644,2,82,1,41,矛42,0,0,0,94,105,0,0,0,0,0,14,0,0,0,0,0,0
43,1,43,77879690,509692334,2,84,1,42,矛43,0,0,0,96,107,0,0,0,0,0,14,0,0,0,0,0,0
44,1,44,89181400,598873734,2,86,1,43,矛44,0,0,0,99,110,0,0,0,0,0,14,0,0,0,0,0,0
45,1,45,127840240,726713974,2,88,1,44,矛45,0,0,0,100,112,0,0,0,0,0,15,0,0,0,0,0,0
46,1,46,143740658,870454632,2,90,1,45,矛46,0,0,0,103,115,0,0,0,0,0,15,0,0,0,0,0,0
47,1,47,146862240,1017316872,2,92,1,46,矛47,0,0,0,105,117,0,0,0,0,0,15,0,0,0,0,0,0
48,1,48,161025360,1178342232,2,94,1,47,矛48,0,0,0,108,120,0,0,0,0,0,16,0,0,0,0,0,0
49,1,49,176258880,1354601112,2,96,1,48,矛49,0,0,0,109,122,0,0,0,0,0,16,0,0,0,0,0,0
50,1,50,216700110,1571301222,2,98,1,49,矛50,0,0,0,112,125,0,0,0,0,0,16,0,0,0,0,0,0
51,1,51,227373555,1798674777,2,100,1,50,矛51,0,0,0,114,127,0,0,0,0,0,17,0,0,0,0,0,0
52,1,52,233076480,2031751257,2,102,1,51,矛52,0,0,0,117,130,0,0,0,0,0,17,0,0,0,0,0,0
53,1,53,253489520,2285240777,2,104,1,52,矛53,0,0,0,118,132,0,0,0,0,0,17,0,0,0,0,0,0
54,1,54,275306480,2560547257,2,106,1,53,矛54,0,0,0,121,135,0,0,0,0,0,18,0,0,0,0,0,0
55,1,55,298598400,2859145657,2,108,1,54,矛55,0,0,0,123,137,0,0,0,0,0,18,0,0,0,0,0,0
56,1,56,367745520,3226891177,2,110,1,55,矛56,0,0,0,126,140,0,0,0,0,0,18,0,0,0,0,0,0
57,1,57,392459520,3619350697,2,112,1,56,矛57,0,0,0,127,142,0,0,0,0,0,19,0,0,0,0,0,0
58,1,58,418398640,4037749337,2,114,1,57,矛58,0,0,0,130,145,0,0,0,0,0,19,0,0,0,0,0,0
59,1,59,445602880,4483352217,2,116,1,58,矛59,0,0,0,132,147,0,0,0,0,0,19,0,0,0,0,0,0
60,1,60,474112640,4957464857,2,118,1,59,矛60,0,0,0,135,150,0,0,0,0,0,20,0,0,0,0,0,0
61,1,61,629961200,5587426057,2,120,1,60,矛61,0,0,0,136,152,0,0,0,0,0,20,0,0,0,0,0,0
62,1,62,669017200,6256443257,2,122,1,61,矛62,0,0,0,139,155,0,0,0,0,0,20,0,0,0,0,0,0
63,1,63,709861700,6966304957,2,124,1,62,矛63,0,0,0,141,157,0,0,0,0,0,21,0,0,0,0,0,0
64,1,64,752548400,7718853357,2,126,1,63,矛64,0,0,0,144,160,0,0,0,0,0,21,0,0,0,0,0,0
65,1,65,797132000,8515985357,2,128,1,64,矛65,0,0,0,145,162,0,0,0,0,0,21,0,0,0,0,0,0
66,1,66,843667800,9359653157,2,130,1,65,矛66,0,0,0,148,165,0,0,0,0,0,22,0,0,0,0,0,0
67,1,67,892212000,10251865157,2,132,1,66,矛67,0,0,0,150,167,0,0,0,0,0,22,0,0,0,0,0,0
68,1,68,942821600,11194686757,2,134,1,67,矛68,0,0,0,153,170,0,0,0,0,0,22,0,0,0,0,0,0
69,1,69,995554300,12190241057,2,136,1,68,矛69,0,0,0,154,172,0,0,0,0,0,23,0,0,0,0,0,0
70,1,70,1050468800,13240709857,2,138,1,69,矛70,0,0,0,157,175,0,0,0,0,0,23,0,0,0,0,0,0
71,1,71,1107624200,14348334057,2,140,1,70,矛71,0,0,0,159,177,0,0,0,0,0,23,0,0,0,0,0,0
72,1,72,1167081000,15515415057,2,142,1,71,矛72,0,0,0,162,180,0,0,0,0,0,24,0,0,0,0,0,0
73,1,73,1228899900,16744314957,2,144,1,72,矛73,0,0,0,163,182,0,0,0,0,0,24,0,0,0,0,0,0
74,1,74,1293142700,18037457657,2,146,1,73,矛74,0,0,0,166,185,0,0,0,0,0,24,0,0,0,0,0,0
75,1,75,1359872000,19397329657,2,148,1,74,矛75,0,0,0,168,187,0,0,0,0,0,25,0,0,0,0,0,0
76,1,76,1429151100,20826480757,2,150,1,75,矛76,0,0,0,171,190,0,0,0,0,0,25,0,0,0,0,0,0
77,1,77,1501044200,22327524957,2,152,1,76,矛77,0,0,0,172,192,0,0,0,0,0,25,0,0,0,0,0,0
78,1,78,1575616300,23903141257,2,154,1,77,矛78,0,0,0,175,195,0,0,0,0,0,26,0,0,0,0,0,0
79,1,79,1652932900,25556074157,2,156,1,78,矛79,0,0,0,177,197,0,0,0,0,0,26,0,0,0,0,0,0
80,1,80,1733060800,27289134957,2,158,1,79,矛80,0,0,0,180,200,0,0,0,0,0,27,0,0,0,0,0,0
81,1,81,1816067100,29105202057,2,160,1,80,矛81,0,0,0,181,202,0,0,0,0,0,27,0,0,0,0,0,0
82,1,82,1902020100,31007222157,2,162,1,81,矛82,0,0,0,184,205,0,0,0,0,0,27,0,0,0,0,0,0
83,1,83,1990988600,32998210757,2,164,1,82,矛83,0,0,0,186,207,0,0,0,0,0,28,0,0,0,0,0,0
84,1,84,2083042400,35081253157,2,166,1,83,矛84,0,0,0,189,210,0,0,0,0,0,28,0,0,0,0,0,0
85,1,85,2178252000,37259505157,2,168,1,84,矛85,0,0,0,190,212,0,0,0,0,0,28,0,0,0,0,0,0
86,1,86,2276688700,39536193857,2,170,1,85,矛86,0,0,0,193,215,0,0,0,0,0,29,0,0,0,0,0,0
87,1,87,2378424600,41914618457,2,172,1,86,矛87,0,0,0,195,217,0,0,0,0,0,29,0,0,0,0,0,0
88,1,88,2483532700,44398151157,2,174,1,87,矛88,0,0,0,198,220,0,0,0,0,0,29,0,0,0,0,0,0
89,1,89,2592086500,46990237657,2,176,1,88,矛89,0,0,0,199,222,0,0,0,0,0,30,0,0,0,0,0,0
90,1,90,2704160800,49694398457,2,178,1,89,矛90,0,0,0,202,225,0,0,0,0,0,30,0,0,0,0,0,0
91,1,91,2819830600,52514229057,2,180,1,90,矛91,0,0,0,204,227,0,0,0,0,0,30,0,0,0,0,0,0
92,1,92,2939172100,55453401157,2,182,1,91,矛92,0,0,0,207,230,0,0,0,0,0,31,0,0,0,0,0,0
93,1,93,3062262300,58515663457,2,184,1,92,矛93,0,0,0,208,232,0,0,0,0,0,31,0,0,0,0,0,0
94,1,94,3189178800,61704842257,2,186,1,93,矛94,0,0,0,211,235,0,0,0,0,0,31,0,0,0,0,0,0
95,1,95,3320000000,65024842257,2,188,1,94,矛95,0,0,0,213,237,0,0,0,0,0,32,0,0,0,0,0,0
96,1,96,3454805300,68479647557,2,190,1,95,矛96,0,0,0,216,240,0,0,0,0,0,32,0,0,0,0,0,0
97,1,97,3593674800,72073322357,2,192,1,96,矛97,0,0,0,217,242,0,0,0,0,0,32,0,0,0,0,0,0
98,1,98,3736689200,75810011557,2,194,1,97,矛98,0,0,0,220,245,0,0,0,0,0,33,0,0,0,0,0,0
99,1,99,3883930400,79693941957,2,196,1,98,矛99,0,0,0,222,247,0,0,0,0,0,33,0,0,0,0,0,0
100,1,100,4035480800,83729422757,2,198,1,99,矛100,0,0,0,225,250,0,0,0,0,0,33,0,0,0,0,0,0
257,2,1,7200,7200,0,0,0,0,盾1,0,0,0,0,0,1,2,0,0,0,0,0,0,0,0,0,0
258,2,2,11200,18400,2,2,1,1,盾2,0,0,0,0,0,4,5,0,1,0,0,0,0,0,0,0,0
259,2,3,16600,35000,2,4,1,2,盾3,0,0,0,0,0,7,8,0,1,0,0,0,0,0,0,0,0
260,2,4,23300,58300,2,6,1,3,盾4,0,0,0,0,0,9,11,0,2,0,0,0,0,0,0,0,0
261,2,5,31600,89900,2,8,1,4,盾5,0,0,0,0,0,11,13,0,2,0,0,0,0,0,0,0,0
262,2,6,41600,131500,2,10,1,5,盾6,0,0,0,0,0,14,16,0,3,0,0,0,0,0,0,0,0
263,2,7,53500,185000,2,12,1,6,盾7,0,0,0,0,0,17,19,0,4,0,0,0,0,0,0,0,0
264,2,8,67400,252400,2,14,1,7,盾8,0,0,0,0,0,19,22,0,4,0,0,0,0,0,0,0,0
265,2,9,108000,360400,2,16,1,8,盾9,0,0,0,0,0,21,24,0,5,0,0,0,0,0,0,0,0
266,2,10,158100,518500,2,18,1,9,盾10,0,0,0,0,0,24,27,0,5,0,0,0,0,0,0,0,0
267,2,11,223900,742400,2,20,1,10,盾11,0,0,0,0,0,27,30,0,6,0,0,0,0,0,0,0,0
268,2,12,308500,1050900,2,22,1,11,盾12,0,0,0,0,0,29,33,0,6,0,0,0,0,0,0,0,0
269,2,13,414900,1465800,2,24,1,12,盾13,0,0,0,0,0,31,35,0,7,0,0,0,0,0,0,0,0
270,2,14,546800,2012600,2,26,1,13,盾14,0,0,0,0,0,34,38,0,8,0,0,0,0,0,0,0,0
271,2,15,707800,2720400,2,28,1,14,盾15,0,0,0,0,0,36,41,0,8,0,0,0,0,0,0,0,0
272,2,16,902000,3622400,2,30,1,15,盾16,0,0,0,0,0,39,44,0,9,0,0,0,0,0,0,0,0
273,2,17,1133700,4756100,2,32,1,16,盾17,0,0,0,0,0,41,46,0,9,0,0,0,0,0,0,0,0
274,2,18,1407500,6163600,2,34,1,17,盾18,0,0,0,0,0,44,49,0,10,0,0,0,0,0,0,0,0
275,2,19,1728000,7891600,2,36,1,18,盾19,0,0,0,0,0,46,52,0,10,0,0,0,0,0,0,0,0
276,2,20,2100400,9992000,2,38,1,19,盾20,0,0,0,0,0,49,55,0,11,0,0,0,0,0,0,0,0
277,2,21,2530000,12522000,2,40,1,20,盾21,0,0,0,0,0,51,57,0,12,0,0,0,0,0,0,0,0
278,2,22,3022300,15544300,2,42,1,21,盾22,0,0,0,0,0,54,60,0,12,0,0,0,0,0,0,0,0
279,2,23,3583200,19127500,2,44,1,22,盾23,0,0,0,0,0,56,63,0,13,0,0,0,0,0,0,0,0
280,2,24,4218800,23346300,2,46,1,23,盾24,0,0,0,0,0,59,66,0,13,0,0,0,0,0,0,0,0
281,2,25,4935300,28281600,2,48,1,24,盾25,0,0,0,0,0,61,68,0,14,0,0,0,0,0,0,0,0
282,2,26,5739600,34021200,2,50,1,25,盾26,0,0,0,0,0,63,71,0,14,0,0,0,0,0,0,0,0
283,2,27,6638300,40659500,2,52,1,26,盾27,0,0,0,0,0,66,74,0,15,0,0,0,0,0,0,0,0
284,2,28,7638600,48298100,2,54,1,27,盾28,0,0,0,0,0,69,77,0,16,0,0,0,0,0,0,0,0
285,2,29,8748000,57046100,2,56,1,28,盾29,0,0,0,0,0,71,79,0,16,0,0,0,0,0,0,0,0
286,2,30,9974000,67020100,2,58,1,29,盾30,0,0,0,0,0,73,82,0,17,0,0,0,0,0,0,0,0
287,2,31,10246320,77266420,2,60,1,30,盾31,0,0,0,0,0,76,85,0,17,0,0,0,0,0,0,0,0
288,2,32,10534420,87800840,2,62,1,31,盾32,0,0,0,0,0,79,88,0,18,0,0,0,0,0,0,0,0
289,2,33,11334904,99135744,2,64,1,32,盾33,0,0,0,0,0,81,90,0,18,0,0,0,0,0,0,0,0
290,2,34,12010368,111146112,2,66,1,33,盾34,0,0,0,0,0,83,93,0,19,0,0,0,0,0,0,0,0
291,2,35,15268700,126414812,2,68,1,34,盾35,0,0,0,0,0,86,96,0,20,0,0,0,0,0,0,0,0
292,2,36,22118400,148533212,2,70,1,35,盾36,0,0,0,0,0,89,99,0,20,0,0,0,0,0,0,0,0
293,2,37,26449140,174982352,2,72,1,36,盾37,0,0,0,0,0,90,101,0,21,0,0,0,0,0,0,0,0
294,2,38,31365900,206348252,2,74,1,37,盾38,0,0,0,0,0,93,104,0,21,0,0,0,0,0,0,0,0
295,2,39,43076880,249425132,2,76,1,38,盾39,0,0,0,0,0,96,107,0,22,0,0,0,0,0,0,0,0
296,2,40,56131452,305556584,2,78,1,39,盾40,0,0,0,0,0,99,110,0,23,0,0,0,0,0,0,0,0
297,2,41,58556960,364113544,2,80,1,40,盾41,0,0,0,0,0,100,112,0,23,0,0,0,0,0,0,0,0
298,2,42,67699100,431812644,2,82,1,41,盾42,0,0,0,0,0,103,115,0,24,0,0,0,0,0,0,0,0
299,2,43,77879690,509692334,2,84,1,42,盾43,0,0,0,0,0,106,118,0,24,0,0,0,0,0,0,0,0
300,2,44,89181400,598873734,2,86,1,43,盾44,0,0,0,0,0,108,121,0,25,0,0,0,0,0,0,0,0
301,2,45,127840240,726713974,2,88,1,44,盾45,0,0,0,0,0,110,123,0,25,0,0,0,0,0,0,0,0
302,2,46,143740658,870454632,2,90,1,45,盾46,0,0,0,0,0,113,126,0,26,0,0,0,0,0,0,0,0
303,2,47,146862240,1017316872,2,92,1,46,盾47,0,0,0,0,0,116,129,0,27,0,0,0,0,0,0,0,0
304,2,48,161025360,1178342232,2,94,1,47,盾48,0,0,0,0,0,118,132,0,27,0,0,0,0,0,0,0,0
305,2,49,176258880,1354601112,2,96,1,48,盾49,0,0,0,0,0,120,134,0,28,0,0,0,0,0,0,0,0
306,2,50,216700110,1571301222,2,98,1,49,盾50,0,0,0,0,0,123,137,0,28,0,0,0,0,0,0,0,0
307,2,51,227373555,1798674777,2,100,1,50,盾51,0,0,0,0,0,126,140,0,29,0,0,0,0,0,0,0,0
308,2,52,233076480,2031751257,2,102,1,51,盾52,0,0,0,0,0,128,143,0,29,0,0,0,0,0,0,0,0
309,2,53,253489520,2285240777,2,104,1,52,盾53,0,0,0,0,0,130,145,0,30,0,0,0,0,0,0,0,0
310,2,54,275306480,2560547257,2,106,1,53,盾54,0,0,0,0,0,133,148,0,31,0,0,0,0,0,0,0,0
311,2,55,298598400,2859145657,2,108,1,54,盾55,0,0,0,0,0,135,151,0,31,0,0,0,0,0,0,0,0
312,2,56,367745520,3226891177,2,110,1,55,盾56,0,0,0,0,0,138,154,0,32,0,0,0,0,0,0,0,0
313,2,57,392459520,3619350697,2,112,1,56,盾57,0,0,0,0,0,140,156,0,32,0,0,0,0,0,0,0,0
314,2,58,418398640,4037749337,2,114,1,57,盾58,0,0,0,0,0,143,159,0,33,0,0,0,0,0,0,0,0
315,2,59,445602880,4483352217,2,116,1,58,盾59,0,0,0,0,0,145,162,0,33,0,0,0,0,0,0,0,0
316,2,60,474112640,4957464857,2,118,1,59,盾60,0,0,0,0,0,148,165,0,34,0,0,0,0,0,0,0,0
317,2,61,629961200,5587426057,2,120,1,60,盾61,0,0,0,0,0,150,167,0,35,0,0,0,0,0,0,0,0
318,2,62,669017200,6256443257,2,122,1,61,盾62,0,0,0,0,0,153,170,0,35,0,0,0,0,0,0,0,0
319,2,63,709861700,6966304957,2,124,1,62,盾63,0,0,0,0,0,155,173,0,36,0,0,0,0,0,0,0,0
320,2,64,752548400,7718853357,2,126,1,63,盾64,0,0,0,0,0,158,176,0,36,0,0,0,0,0,0,0,0
321,2,65,797132000,8515985357,2,128,1,64,盾65,0,0,0,0,0,160,178,0,37,0,0,0,0,0,0,0,0
322,2,66,843667800,9359653157,2,130,1,65,盾66,0,0,0,0,0,162,181,0,37,0,0,0,0,0,0,0,0
323,2,67,892212000,10251865157,2,132,1,66,盾67,0,0,0,0,0,165,184,0,38,0,0,0,0,0,0,0,0
324,2,68,942821600,11194686757,2,134,1,67,盾68,0,0,0,0,0,168,187,0,39,0,0,0,0,0,0,0,0
325,2,69,995554300,12190241057,2,136,1,68,盾69,0,0,0,0,0,170,189,0,39,0,0,0,0,0,0,0,0
326,2,70,1050468800,13240709857,2,138,1,69,盾70,0,0,0,0,0,172,192,0,40,0,0,0,0,0,0,0,0
327,2,71,1107624200,14348334057,2,140,1,70,盾71,0,0,0,0,0,175,195,0,40,0,0,0,0,0,0,0,0
328,2,72,1167081000,15515415057,2,142,1,71,盾72,0,0,0,0,0,178,198,0,41,0,0,0,0,0,0,0,0
329,2,73,1228899900,16744314957,2,144,1,72,盾73,0,0,0,0,0,180,200,0,41,0,0,0,0,0,0,0,0
330,2,74,1293142700,18037457657,2,146,1,73,盾74,0,0,0,0,0,182,203,0,42,0,0,0,0,0,0,0,0
331,2,75,1359872000,19397329657,2,148,1,74,盾75,0,0,0,0,0,185,206,0,43,0,0,0,0,0,0,0,0
332,2,76,1429151100,20826480757,2,150,1,75,盾76,0,0,0,0,0,188,209,0,43,0,0,0,0,0,0,0,0
333,2,77,1501044200,22327524957,2,152,1,76,盾77,0,0,0,0,0,189,211,0,44,0,0,0,0,0,0,0,0
334,2,78,1575616300,23903141257,2,154,1,77,盾78,0,0,0,0,0,192,214,0,44,0,0,0,0,0,0,0,0
335,2,79,1652932900,25556074157,2,156,1,78,盾79,0,0,0,0,0,195,217,0,45,0,0,0,0,0,0,0,0
336,2,80,1733060800,27289134957,2,158,1,79,盾80,0,0,0,0,0,198,220,0,46,0,0,0,0,0,0,0,0
337,2,81,1816067100,29105202057,2,160,1,80,盾81,0,0,0,0,0,199,222,0,46,0,0,0,0,0,0,0,0
338,2,82,1902020100,31007222157,2,162,1,81,盾82,0,0,0,0,0,202,225,0,47,0,0,0,0,0,0,0,0
339,2,83,1990988600,32998210757,2,164,1,82,盾83,0,0,0,0,0,205,228,0,47,0,0,0,0,0,0,0,0
340,2,84,2083042400,35081253157,2,166,1,83,盾84,0,0,0,0,0,207,231,0,48,0,0,0,0,0,0,0,0
341,2,85,2178252000,37259505157,2,168,1,84,盾85,0,0,0,0,0,209,233,0,48,0,0,0,0,0,0,0,0
342,2,86,2276688700,39536193857,2,170,1,85,盾86,0,0,0,0,0,212,236,0,49,0,0,0,0,0,0,0,0
343,2,87,2378424600,41914618457,2,172,1,86,盾87,0,0,0,0,0,215,239,0,50,0,0,0,0,0,0,0,0
344,2,88,2483532700,44398151157,2,174,1,87,盾88,0,0,0,0,0,217,242,0,50,0,0,0,0,0,0,0,0
345,2,89,2592086500,46990237657,2,176,1,88,盾89,0,0,0,0,0,219,244,0,51,0,0,0,0,0,0,0,0
346,2,90,2704160800,49694398457,2,178,1,89,盾90,0,0,0,0,0,222,247,0,51,0,0,0,0,0,0,0,0
347,2,91,2819830600,52514229057,2,180,1,90,盾91,0,0,0,0,0,225,250,0,52,0,0,0,0,0,0,0,0
348,2,92,2939172100,55453401157,2,182,1,91,盾92,0,0,0,0,0,227,253,0,52,0,0,0,0,0,0,0,0
349,2,93,3062262300,58515663457,2,184,1,92,盾93,0,0,0,0,0,229,255,0,53,0,0,0,0,0,0,0,0
350,2,94,3189178800,61704842257,2,186,1,93,盾94,0,0,0,0,0,232,258,0,54,0,0,0,0,0,0,0,0
351,2,95,3320000000,65024842257,2,188,1,94,盾95,0,0,0,0,0,234,261,0,54,0,0,0,0,0,0,0,0
352,2,96,3454805300,68479647557,2,190,1,95,盾96,0,0,0,0,0,237,264,0,55,0,0,0,0,0,0,0,0
353,2,97,3593674800,72073322357,2,192,1,96,盾97,0,0,0,0,0,239,266,0,55,0,0,0,0,0,0,0,0
354,2,98,3736689200,75810011557,2,194,1,97,盾98,0,0,0,0,0,242,269,0,56,0,0,0,0,0,0,0,0
355,2,99,3883930400,79693941957,2,196,1,98,盾99,0,0,0,0,0,244,272,0,56,0,0,0,0,0,0,0,0
356,2,100,4035480800,83729422757,2,198,1,99,盾100,0,0,0,0,0,247,275,0,57,0,0,0,0,0,0,0,0
513,3,1,7200,7200,0,0,0,0,斧子1,0,0,0,2,3,0,0,0,0,0,0,0,0,0,0,0,0
514,3,2,11200,18400,2,2,1,1,斧子2,0,0,0,6,7,0,0,0,1,0,0,0,0,0,0,0,0
515,3,3,16600,35000,2,4,1,2,斧子3,0,0,0,9,10,0,0,0,1,0,0,0,0,0,0,0,0
516,3,4,23300,58300,2,6,1,3,斧子4,0,0,0,12,14,0,0,0,2,0,0,0,0,0,0,0,0
517,3,5,31600,89900,2,8,1,4,斧子5,0,0,0,15,17,0,0,0,2,0,0,0,0,0,0,0,0
518,3,6,41600,131500,2,10,1,5,斧子6,0,0,0,18,21,0,0,0,3,0,0,0,0,0,0,0,0
519,3,7,53500,185000,2,12,1,6,斧子7,0,0,0,21,24,0,0,0,4,0,0,0,0,0,0,0,0
520,3,8,67400,252400,2,14,1,7,斧子8,0,0,0,25,28,0,0,0,4,0,0,0,0,0,0,0,0
521,3,9,108000,360400,2,16,1,8,斧子9,0,0,0,27,31,0,0,0,5,0,0,0,0,0,0,0,0
522,3,10,158100,518500,2,18,1,9,斧子10,0,0,0,31,35,0,0,0,5,0,0,0,0,0,0,0,0
523,3,11,223900,742400,2,20,1,10,斧子11,0,0,0,34,38,0,0,0,6,0,0,0,0,0,0,0,0
524,3,12,308500,1050900,2,22,1,11,斧子12,0,0,0,37,42,0,0,0,6,0,0,0,0,0,0,0,0
525,3,13,414900,1465800,2,24,1,12,斧子13,0,0,0,40,45,0,0,0,7,0,0,0,0,0,0,0,0
526,3,14,546800,2012600,2,26,1,13,斧子14,0,0,0,44,49,0,0,0,8,0,0,0,0,0,0,0,0
527,3,15,707800,2720400,2,28,1,14,斧子15,0,0,0,46,52,0,0,0,8,0,0,0,0,0,0,0,0
528,3,16,902000,3622400,2,30,1,15,斧子16,0,0,0,50,56,0,0,0,9,0,0,0,0,0,0,0,0
529,3,17,1133700,4756100,2,32,1,16,斧子17,0,0,0,53,59,0,0,0,9,0,0,0,0,0,0,0,0
530,3,18,1407500,6163600,2,34,1,17,斧子18,0,0,0,56,63,0,0,0,10,0,0,0,0,0,0,0,0
531,3,19,1728000,7891600,2,36,1,18,斧子19,0,0,0,59,66,0,0,0,10,0,0,0,0,0,0,0,0
532,3,20,2100400,9992000,2,38,1,19,斧子20,0,0,0,63,70,0,0,0,11,0,0,0,0,0,0,0,0
533,3,21,2530000,12522000,2,40,1,20,斧子21,0,0,0,65,73,0,0,0,12,0,0,0,0,0,0,0,0
534,3,22,3022300,15544300,2,42,1,21,斧子22,0,0,0,69,77,0,0,0,12,0,0,0,0,0,0,0,0
535,3,23,3583200,19127500,2,44,1,22,斧子23,0,0,0,72,80,0,0,0,13,0,0,0,0,0,0,0,0
536,3,24,4218800,23346300,2,46,1,23,斧子24,0,0,0,75,84,0,0,0,13,0,0,0,0,0,0,0,0
537,3,25,4935300,28281600,2,48,1,24,斧子25,0,0,0,78,87,0,0,0,14,0,0,0,0,0,0,0,0
538,3,26,5739600,34021200,2,50,1,25,斧子26,0,0,0,81,91,0,0,0,14,0,0,0,0,0,0,0,0
539,3,27,6638300,40659500,2,52,1,26,斧子27,0,0,0,84,94,0,0,0,15,0,0,0,0,0,0,0,0
540,3,28,7638600,48298100,2,54,1,27,斧子28,0,0,0,88,98,0,0,0,16,0,0,0,0,0,0,0,0
541,3,29,8748000,57046100,2,56,1,28,斧子29,0,0,0,90,101,0,0,0,16,0,0,0,0,0,0,0,0
542,3,30,9974000,67020100,2,58,1,29,斧子30,0,0,0,94,105,0,0,0,17,0,0,0,0,0,0,0,0
543,3,31,10246320,77266420,2,60,1,30,斧子31,0,0,0,97,108,0,0,0,17,0,0,0,0,0,0,0,0
544,3,32,10534420,87800840,2,62,1,31,斧子32,0,0,0,100,112,0,0,0,18,0,0,0,0,0,0,0,0
545,3,33,11334904,99135744,2,64,1,32,斧子33,0,0,0,103,115,0,0,0,18,0,0,0,0,0,0,0,0
546,3,34,12010368,111146112,2,66,1,33,斧子34,0,0,0,107,119,0,0,0,19,0,0,0,0,0,0,0,0
547,3,35,15268700,126414812,2,68,1,34,斧子35,0,0,0,109,122,0,0,0,20,0,0,0,0,0,0,0,0
548,3,36,22118400,148533212,2,70,1,35,斧子36,0,0,0,113,126,0,0,0,20,0,0,0,0,0,0,0,0
549,3,37,26449140,174982352,2,72,1,36,斧子37,0,0,0,116,129,0,0,0,21,0,0,0,0,0,0,0,0
550,3,38,31365900,206348252,2,74,1,37,斧子38,0,0,0,119,133,0,0,0,21,0,0,0,0,0,0,0,0
551,3,39,43076880,249425132,2,76,1,38,斧子39,0,0,0,122,136,0,0,0,22,0,0,0,0,0,0,0,0
552,3,40,56131452,305556584,2,78,1,39,斧子40,0,0,0,126,140,0,0,0,23,0,0,0,0,0,0,0,0
553,3,41,58556960,364113544,2,80,1,40,斧子41,0,0,0,128,143,0,0,0,23,0,0,0,0,0,0,0,0
554,3,42,67699100,431812644,2,82,1,41,斧子42,0,0,0,132,147,0,0,0,24,0,0,0,0,0,0,0,0
555,3,43,77879690,509692334,2,84,1,42,斧子43,0,0,0,135,150,0,0,0,24,0,0,0,0,0,0,0,0
556,3,44,89181400,598873734,2,86,1,43,斧子44,0,0,0,138,154,0,0,0,25,0,0,0,0,0,0,0,0
557,3,45,127840240,726713974,2,88,1,44,斧子45,0,0,0,141,157,0,0,0,25,0,0,0,0,0,0,0,0
558,3,46,143740658,870454632,2,90,1,45,斧子46,0,0,0,144,161,0,0,0,26,0,0,0,0,0,0,0,0
559,3,47,146862240,1017316872,2,92,1,46,斧子47,0,0,0,147,164,0,0,0,27,0,0,0,0,0,0,0,0
560,3,48,161025360,1178342232,2,94,1,47,斧子48,0,0,0,151,168,0,0,0,27,0,0,0,0,0,0,0,0
561,3,49,176258880,1354601112,2,96,1,48,斧子49,0,0,0,153,171,0,0,0,28,0,0,0,0,0,0,0,0
562,3,50,216700110,1571301222,2,98,1,49,斧子50,0,0,0,157,175,0,0,0,28,0,0,0,0,0,0,0,0
563,3,51,227373555,1798674777,2,100,1,50,斧子51,0,0,0,160,178,0,0,0,29,0,0,0,0,0,0,0,0
564,3,52,233076480,2031751257,2,102,1,51,斧子52,0,0,0,163,182,0,0,0,29,0,0,0,0,0,0,0,0
565,3,53,253489520,2285240777,2,104,1,52,斧子53,0,0,0,166,185,0,0,0,30,0,0,0,0,0,0,0,0
566,3,54,275306480,2560547257,2,106,1,53,斧子54,0,0,0,170,189,0,0,0,31,0,0,0,0,0,0,0,0
567,3,55,298598400,2859145657,2,108,1,54,斧子55,0,0,0,172,192,0,0,0,31,0,0,0,0,0,0,0,0
568,3,56,367745520,3226891177,2,110,1,55,斧子56,0,0,0,176,196,0,0,0,32,0,0,0,0,0,0,0,0
569,3,57,392459520,3619350697,2,112,1,56,斧子57,0,0,0,179,199,0,0,0,32,0,0,0,0,0,0,0,0
570,3,58,418398640,4037749337,2,114,1,57,斧子58,0,0,0,182,203,0,0,0,33,0,0,0,0,0,0,0,0
571,3,59,445602880,4483352217,2,116,1,58,斧子59,0,0,0,185,206,0,0,0,33,0,0,0,0,0,0,0,0
572,3,60,474112640,4957464857,2,118,1,59,斧子60,0,0,0,189,210,0,0,0,34,0,0,0,0,0,0,0,0
573,3,61,629961200,5587426057,2,120,1,60,斧子61,0,0,0,191,213,0,0,0,35,0,0,0,0,0,0,0,0
574,3,62,669017200,6256443257,2,122,1,61,斧子62,0,0,0,195,217,0,0,0,35,0,0,0,0,0,0,0,0
575,3,63,709861700,6966304957,2,124,1,62,斧子63,0,0,0,198,220,0,0,0,36,0,0,0,0,0,0,0,0
576,3,64,752548400,7718853357,2,126,1,63,斧子64,0,0,0,201,224,0,0,0,36,0,0,0,0,0,0,0,0
577,3,65,797132000,8515985357,2,128,1,64,斧子65,0,0,0,204,227,0,0,0,37,0,0,0,0,0,0,0,0
578,3,66,843667800,9359653157,2,130,1,65,斧子66,0,0,0,207,231,0,0,0,37,0,0,0,0,0,0,0,0
579,3,67,892212000,10251865157,2,132,1,66,斧子67,0,0,0,210,234,0,0,0,38,0,0,0,0,0,0,0,0
580,3,68,942821600,11194686757,2,134,1,67,斧子68,0,0,0,214,238,0,0,0,39,0,0,0,0,0,0,0,0
581,3,69,995554300,12190241057,2,136,1,68,斧子69,0,0,0,216,241,0,0,0,39,0,0,0,0,0,0,0,0
582,3,70,1050468800,13240709857,2,138,1,69,斧子70,0,0,0,220,245,0,0,0,40,0,0,0,0,0,0,0,0
583,3,71,1107624200,14348334057,2,140,1,70,斧子71,0,0,0,223,248,0,0,0,40,0,0,0,0,0,0,0,0
584,3,72,1167081000,15515415057,2,142,1,71,斧子72,0,0,0,226,252,0,0,0,41,0,0,0,0,0,0,0,0
585,3,73,1228899900,16744314957,2,144,1,72,斧子73,0,0,0,229,255,0,0,0,41,0,0,0,0,0,0,0,0
586,3,74,1293142700,18037457657,2,146,1,73,斧子74,0,0,0,233,259,0,0,0,42,0,0,0,0,0,0,0,0
587,3,75,1359872000,19397329657,2,148,1,74,斧子75,0,0,0,235,262,0,0,0,43,0,0,0,0,0,0,0,0
588,3,76,1429151100,20826480757,2,150,1,75,斧子76,0,0,0,239,266,0,0,0,43,0,0,0,0,0,0,0,0
589,3,77,1501044200,22327524957,2,152,1,76,斧子77,0,0,0,242,269,0,0,0,44,0,0,0,0,0,0,0,0
590,3,78,1575616300,23903141257,2,154,1,77,斧子78,0,0,0,245,273,0,0,0,44,0,0,0,0,0,0,0,0
591,3,79,1652932900,25556074157,2,156,1,78,斧子79,0,0,0,248,276,0,0,0,45,0,0,0,0,0,0,0,0
592,3,80,1733060800,27289134957,2,158,1,79,斧子80,0,0,0,252,280,0,0,0,46,0,0,0,0,0,0,0,0
593,3,81,1816067100,29105202057,2,160,1,80,斧子81,0,0,0,254,283,0,0,0,46,0,0,0,0,0,0,0,0
594,3,82,1902020100,31007222157,2,162,1,81,斧子82,0,0,0,258,287,0,0,0,47,0,0,0,0,0,0,0,0
595,3,83,1990988600,32998210757,2,164,1,82,斧子83,0,0,0,261,290,0,0,0,47,0,0,0,0,0,0,0,0
596,3,84,2083042400,35081253157,2,166,1,83,斧子84,0,0,0,264,294,0,0,0,48,0,0,0,0,0,0,0,0
597,3,85,2178252000,37259505157,2,168,1,84,斧子85,0,0,0,267,297,0,0,0,48,0,0,0,0,0,0,0,0
598,3,86,2276688700,39536193857,2,170,1,85,斧子86,0,0,0,270,301,0,0,0,49,0,0,0,0,0,0,0,0
599,3,87,2378424600,41914618457,2,172,1,86,斧子87,0,0,0,273,304,0,0,0,50,0,0,0,0,0,0,0,0
600,3,88,2483532700,44398151157,2,174,1,87,斧子88,0,0,0,277,308,0,0,0,50,0,0,0,0,0,0,0,0
601,3,89,2592086500,46990237657,2,176,1,88,斧子89,0,0,0,279,311,0,0,0,51,0,0,0,0,0,0,0,0
602,3,90,2704160800,49694398457,2,178,1,89,斧子90,0,0,0,283,315,0,0,0,51,0,0,0,0,0,0,0,0
603,3,91,2819830600,52514229057,2,180,1,90,斧子91,0,0,0,286,318,0,0,0,52,0,0,0,0,0,0,0,0
604,3,92,2939172100,55453401157,2,182,1,91,斧子92,0,0,0,289,322,0,0,0,52,0,0,0,0,0,0,0,0
605,3,93,3062262300,58515663457,2,184,1,92,斧子93,0,0,0,292,325,0,0,0,53,0,0,0,0,0,0,0,0
606,3,94,3189178800,61704842257,2,186,1,93,斧子94,0,0,0,296,329,0,0,0,54,0,0,0,0,0,0,0,0
607,3,95,3320000000,65024842257,2,188,1,94,斧子95,0,0,0,298,332,0,0,0,54,0,0,0,0,0,0,0,0
608,3,96,3454805300,68479647557,2,190,1,95,斧子96,0,0,0,302,336,0,0,0,55,0,0,0,0,0,0,0,0
609,3,97,3593674800,72073322357,2,192,1,96,斧子97,0,0,0,305,339,0,0,0,55,0,0,0,0,0,0,0,0
610,3,98,3736689200,75810011557,2,194,1,97,斧子98,0,0,0,308,343,0,0,0,56,0,0,0,0,0,0,0,0
611,3,99,3883930400,79693941957,2,196,1,98,斧子99,0,0,0,311,346,0,0,0,56,0,0,0,0,0,0,0,0
612,3,100,4035480800,83729422757,2,198,1,99,斧子100,0,0,0,315,350,0,0,0,57,0,0,0,0,0,0,0,0
769,4,1,7200,7200,0,0,0,0,弓1,0,0,0,2,3,0,0,0,0,0,0,0,0,0,0,0,0
770,4,2,11200,18400,2,2,1,1,弓2,0,0,0,5,6,0,0,0,0,0,0,0,0,0,0,0,0
771,4,3,16600,35000,2,4,1,2,弓3,0,0,0,8,9,0,0,0,0,1,0,0,0,0,0,0,0
772,4,4,23300,58300,2,6,1,3,弓4,0,0,0,10,12,0,0,0,0,1,0,0,0,0,0,0,0
773,4,5,31600,89900,2,8,1,4,弓5,0,0,0,13,15,0,0,0,0,2,0,0,0,0,0,0,0
774,4,6,41600,131500,2,10,1,5,弓6,0,0,0,16,18,0,0,0,0,2,0,0,0,0,0,0,0
775,4,7,53500,185000,2,12,1,6,弓7,0,0,0,18,21,0,0,0,0,2,0,0,0,0,0,0,0
776,4,8,67400,252400,2,14,1,7,弓8,0,0,0,21,24,0,0,0,0,3,0,0,0,0,0,0,0
777,4,9,108000,360400,2,16,1,8,弓9,0,0,0,24,27,0,0,0,0,3,0,0,0,0,0,0,0
778,4,10,158100,518500,2,18,1,9,弓10,0,0,0,27,30,0,0,0,0,4,0,0,0,0,0,0,0
779,4,11,223900,742400,2,20,1,10,弓11,0,0,0,29,33,0,0,0,0,4,0,0,0,0,0,0,0
780,4,12,308500,1050900,2,22,1,11,弓12,0,0,0,32,36,0,0,0,0,4,0,0,0,0,0,0,0
781,4,13,414900,1465800,2,24,1,12,弓13,0,0,0,35,39,0,0,0,0,5,0,0,0,0,0,0,0
782,4,14,546800,2012600,2,26,1,13,弓14,0,0,0,37,42,0,0,0,0,5,0,0,0,0,0,0,0
783,4,15,707800,2720400,2,28,1,14,弓15,0,0,0,40,45,0,0,0,0,6,0,0,0,0,0,0,0
784,4,16,902000,3622400,2,30,1,15,弓16,0,0,0,43,48,0,0,0,0,6,0,0,0,0,0,0,0
785,4,17,1133700,4756100,2,32,1,16,弓17,0,0,0,45,51,0,0,0,0,6,0,0,0,0,0,0,0
786,4,18,1407500,6163600,2,34,1,17,弓18,0,0,0,48,54,0,0,0,0,7,0,0,0,0,0,0,0
787,4,19,1728000,7891600,2,36,1,18,弓19,0,0,0,51,57,0,0,0,0,7,0,0,0,0,0,0,0
788,4,20,2100400,9992000,2,38,1,19,弓20,0,0,0,54,60,0,0,0,0,8,0,0,0,0,0,0,0
789,4,21,2530000,12522000,2,40,1,20,弓21,0,0,0,56,63,0,0,0,0,8,0,0,0,0,0,0,0
790,4,22,3022300,15544300,2,42,1,21,弓22,0,0,0,59,66,0,0,0,0,8,0,0,0,0,0,0,0
791,4,23,3583200,19127500,2,44,1,22,弓23,0,0,0,62,69,0,0,0,0,9,0,0,0,0,0,0,0
792,4,24,4218800,23346300,2,46,1,23,弓24,0,0,0,64,72,0,0,0,0,9,0,0,0,0,0,0,0
793,4,25,4935300,28281600,2,48,1,24,弓25,0,0,0,67,75,0,0,0,0,10,0,0,0,0,0,0,0
794,4,26,5739600,34021200,2,50,1,25,弓26,0,0,0,70,78,0,0,0,0,10,0,0,0,0,0,0,0
795,4,27,6638300,40659500,2,52,1,26,弓27,0,0,0,72,81,0,0,0,0,10,0,0,0,0,0,0,0
796,4,28,7638600,48298100,2,54,1,27,弓28,0,0,0,75,84,0,0,0,0,11,0,0,0,0,0,0,0
797,4,29,8748000,57046100,2,56,1,28,弓29,0,0,0,78,87,0,0,0,0,11,0,0,0,0,0,0,0
798,4,30,9974000,67020100,2,58,1,29,弓30,0,0,0,81,90,0,0,0,0,12,0,0,0,0,0,0,0
799,4,31,10246320,77266420,2,60,1,30,弓31,0,0,0,83,93,0,0,0,0,12,0,0,0,0,0,0,0
800,4,32,10534420,87800840,2,62,1,31,弓32,0,0,0,86,96,0,0,0,0,12,0,0,0,0,0,0,0
801,4,33,11334904,99135744,2,64,1,32,弓33,0,0,0,89,99,0,0,0,0,13,0,0,0,0,0,0,0
802,4,34,12010368,111146112,2,66,1,33,弓34,0,0,0,91,102,0,0,0,0,13,0,0,0,0,0,0,0
803,4,35,15268700,126414812,2,68,1,34,弓35,0,0,0,94,105,0,0,0,0,14,0,0,0,0,0,0,0
804,4,36,22118400,148533212,2,70,1,35,弓36,0,0,0,97,108,0,0,0,0,14,0,0,0,0,0,0,0
805,4,37,26449140,174982352,2,72,1,36,弓37,0,0,0,99,111,0,0,0,0,14,0,0,0,0,0,0,0
806,4,38,31365900,206348252,2,74,1,37,弓38,0,0,0,102,114,0,0,0,0,15,0,0,0,0,0,0,0
807,4,39,43076880,249425132,2,76,1,38,弓39,0,0,0,105,117,0,0,0,0,15,0,0,0,0,0,0,0
808,4,40,56131452,305556584,2,78,1,39,弓40,0,0,0,108,120,0,0,0,0,16,0,0,0,0,0,0,0
809,4,41,58556960,364113544,2,80,1,40,弓41,0,0,0,110,123,0,0,0,0,16,0,0,0,0,0,0,0
810,4,42,67699100,431812644,2,82,1,41,弓42,0,0,0,113,126,0,0,0,0,17,0,0,0,0,0,0,0
811,4,43,77879690,509692334,2,84,1,42,弓43,0,0,0,116,129,0,0,0,0,17,0,0,0,0,0,0,0
812,4,44,89181400,598873734,2,86,1,43,弓44,0,0,0,118,132,0,0,0,0,17,0,0,0,0,0,0,0
813,4,45,127840240,726713974,2,88,1,44,弓45,0,0,0,121,135,0,0,0,0,18,0,0,0,0,0,0,0
814,4,46,143740658,870454632,2,90,1,45,弓46,0,0,0,124,138,0,0,0,0,18,0,0,0,0,0,0,0
815,4,47,146862240,1017316872,2,92,1,46,弓47,0,0,0,126,141,0,0,0,0,19,0,0,0,0,0,0,0
816,4,48,161025360,1178342232,2,94,1,47,弓48,0,0,0,129,144,0,0,0,0,19,0,0,0,0,0,0,0
817,4,49,176258880,1354601112,2,96,1,48,弓49,0,0,0,132,147,0,0,0,0,19,0,0,0,0,0,0,0
818,4,50,216700110,1571301222,2,98,1,49,弓50,0,0,0,135,150,0,0,0,0,20,0,0,0,0,0,0,0
819,4,51,227373555,1798674777,2,100,1,50,弓51,0,0,0,137,153,0,0,0,0,20,0,0,0,0,0,0,0
820,4,52,233076480,2031751257,2,102,1,51,弓52,0,0,0,140,156,0,0,0,0,21,0,0,0,0,0,0,0
821,4,53,253489520,2285240777,2,104,1,52,弓53,0,0,0,143,159,0,0,0,0,21,0,0,0,0,0,0,0
822,4,54,275306480,2560547257,2,106,1,53,弓54,0,0,0,145,162,0,0,0,0,21,0,0,0,0,0,0,0
823,4,55,298598400,2859145657,2,108,1,54,弓55,0,0,0,148,165,0,0,0,0,22,0,0,0,0,0,0,0
824,4,56,367745520,3226891177,2,110,1,55,弓56,0,0,0,151,168,0,0,0,0,22,0,0,0,0,0,0,0
825,4,57,392459520,3619350697,2,112,1,56,弓57,0,0,0,153,171,0,0,0,0,23,0,0,0,0,0,0,0
826,4,58,418398640,4037749337,2,114,1,57,弓58,0,0,0,156,174,0,0,0,0,23,0,0,0,0,0,0,0
827,4,59,445602880,4483352217,2,116,1,58,弓59,0,0,0,159,177,0,0,0,0,23,0,0,0,0,0,0,0
828,4,60,474112640,4957464857,2,118,1,59,弓60,0,0,0,162,180,0,0,0,0,24,0,0,0,0,0,0,0
829,4,61,629961200,5587426057,2,120,1,60,弓61,0,0,0,164,183,0,0,0,0,24,0,0,0,0,0,0,0
830,4,62,669017200,6256443257,2,122,1,61,弓62,0,0,0,167,186,0,0,0,0,25,0,0,0,0,0,0,0
831,4,63,709861700,6966304957,2,124,1,62,弓63,0,0,0,170,189,0,0,0,0,25,0,0,0,0,0,0,0
832,4,64,752548400,7718853357,2,126,1,63,弓64,0,0,0,172,192,0,0,0,0,25,0,0,0,0,0,0,0
833,4,65,797132000,8515985357,2,128,1,64,弓65,0,0,0,175,195,0,0,0,0,26,0,0,0,0,0,0,0
834,4,66,843667800,9359653157,2,130,1,65,弓66,0,0,0,178,198,0,0,0,0,26,0,0,0,0,0,0,0
835,4,67,892212000,10251865157,2,132,1,66,弓67,0,0,0,180,201,0,0,0,0,27,0,0,0,0,0,0,0
836,4,68,942821600,11194686757,2,134,1,67,弓68,0,0,0,183,204,0,0,0,0,27,0,0,0,0,0,0,0
837,4,69,995554300,12190241057,2,136,1,68,弓69,0,0,0,186,207,0,0,0,0,27,0,0,0,0,0,0,0
838,4,70,1050468800,13240709857,2,138,1,69,弓70,0,0,0,189,210,0,0,0,0,28,0,0,0,0,0,0,0
839,4,71,1107624200,14348334057,2,140,1,70,弓71,0,0,0,191,213,0,0,0,0,28,0,0,0,0,0,0,0
840,4,72,1167081000,15515415057,2,142,1,71,弓72,0,0,0,194,216,0,0,0,0,29,0,0,0,0,0,0,0
841,4,73,1228899900,16744314957,2,144,1,72,弓73,0,0,0,197,219,0,0,0,0,29,0,0,0,0,0,0,0
842,4,74,1293142700,18037457657,2,146,1,73,弓74,0,0,0,199,222,0,0,0,0,29,0,0,0,0,0,0,0
843,4,75,1359872000,19397329657,2,148,1,74,弓75,0,0,0,202,225,0,0,0,0,30,0,0,0,0,0,0,0
844,4,76,1429151100,20826480757,2,150,1,75,弓76,0,0,0,205,228,0,0,0,0,30,0,0,0,0,0,0,0
845,4,77,1501044200,22327524957,2,152,1,76,弓77,0,0,0,207,231,0,0,0,0,31,0,0,0,0,0,0,0
846,4,78,1575616300,23903141257,2,154,1,77,弓78,0,0,0,210,234,0,0,0,0,31,0,0,0,0,0,0,0
847,4,79,1652932900,25556074157,2,156,1,78,弓79,0,0,0,213,237,0,0,0,0,31,0,0,0,0,0,0,0
848,4,80,1733060800,27289134957,2,158,1,79,弓80,0,0,0,216,240,0,0,0,0,32,0,0,0,0,0,0,0
849,4,81,1816067100,29105202057,2,160,1,80,弓81,0,0,0,218,243,0,0,0,0,32,0,0,0,0,0,0,0
850,4,82,1902020100,31007222157,2,162,1,81,弓82,0,0,0,221,246,0,0,0,0,33,0,0,0,0,0,0,0
851,4,83,1990988600,32998210757,2,164,1,82,弓83,0,0,0,224,249,0,0,0,0,33,0,0,0,0,0,0,0
852,4,84,2083042400,35081253157,2,166,1,83,弓84,0,0,0,226,252,0,0,0,0,34,0,0,0,0,0,0,0
853,4,85,2178252000,37259505157,2,168,1,84,弓85,0,0,0,229,255,0,0,0,0,34,0,0,0,0,0,0,0
854,4,86,2276688700,39536193857,2,170,1,85,弓86,0,0,0,232,258,0,0,0,0,34,0,0,0,0,0,0,0
855,4,87,2378424600,41914618457,2,172,1,86,弓87,0,0,0,234,261,0,0,0,0,35,0,0,0,0,0,0,0
856,4,88,2483532700,44398151157,2,174,1,87,弓88,0,0,0,237,264,0,0,0,0,35,0,0,0,0,0,0,0
857,4,89,2592086500,46990237657,2,176,1,88,弓89,0,0,0,240,267,0,0,0,0,36,0,0,0,0,0,0,0
858,4,90,2704160800,49694398457,2,178,1,89,弓90,0,0,0,243,270,0,0,0,0,36,0,0,0,0,0,0,0
859,4,91,2819830600,52514229057,2,180,1,90,弓91,0,0,0,245,273,0,0,0,0,36,0,0,0,0,0,0,0
860,4,92,2939172100,55453401157,2,182,1,91,弓92,0,0,0,248,276,0,0,0,0,37,0,0,0,0,0,0,0
861,4,93,3062262300,58515663457,2,184,1,92,弓93,0,0,0,251,279,0,0,0,0,37,0,0,0,0,0,0,0
862,4,94,3189178800,61704842257,2,186,1,93,弓94,0,0,0,253,282,0,0,0,0,38,0,0,0,0,0,0,0
863,4,95,3320000000,65024842257,2,188,1,94,弓95,0,0,0,256,285,0,0,0,0,38,0,0,0,0,0,0,0
864,4,96,3454805300,68479647557,2,190,1,95,弓96,0,0,0,259,288,0,0,0,0,38,0,0,0,0,0,0,0
865,4,97,3593674800,72073322357,2,192,1,96,弓97,0,0,0,261,291,0,0,0,0,39,0,0,0,0,0,0,0
866,4,98,3736689200,75810011557,2,194,1,97,弓98,0,0,0,264,294,0,0,0,0,39,0,0,0,0,0,0,0
867,4,99,3883930400,79693941957,2,196,1,98,弓99,0,0,0,267,297,0,0,0,0,40,0,0,0,0,0,0,0
868,4,100,4035480800,83729422757,2,198,1,99,弓100,0,0,0,270,300,0,0,0,0,40,0,0,0,0,0,0,0
1025,5,1,0,0,0,0,0,0,能量,0,0,0,0,0,0,0,0,0,0,0,0,0,0,0,0,0
1281,6,1,0,0,0,0,0,0,佳能,0,0,0,0,0,1,2,0,0,0,0,0,0,0,0,0,0
1537,7,1,0,0,0,0,0,0,弹弓,0,0,0,0,0,0,0,0,0,0,0,0,0,0,0,0,0
1793,8,1,7200,7200,0,0,0,0,天体1,0,0,0,0,0,2,3,0,0,0,0,0,0,0,0,0,0
1794,8,2,11200,18400,2,2,1,1,天体2,0,0,0,0,0,6,7,0,0,0,0,0,0,0,0,0,0
1795,8,3,16600,35000,2,4,1,2,天体3,0,0,0,0,0,9,11,0,0,1,0,0,0,0,0,0,0
1796,8,4,23300,58300,2,6,1,3,天体4,0,0,0,0,0,13,15,0,0,1,0,0,0,0,0,0,0
1797,8,5,31600,89900,2,8,1,4,天体5,0,0,0,0,0,16,18,0,0,1,0,0,0,0,0,0,0
1798,8,6,41600,131500,2,10,1,5,天体6,0,0,0,0,0,19,22,0,0,2,0,0,0,0,0,0,0
1799,8,7,53500,185000,2,12,1,6,天体7,0,0,0,0,0,23,26,0,0,2,0,0,0,0,0,0,0
1800,8,8,67400,252400,2,14,1,7,天体8,0,0,0,0,0,27,30,0,0,2,0,0,0,0,0,0,0
1801,8,9,108000,360400,2,16,1,8,天体9,0,0,0,0,0,29,33,0,0,3,0,0,0,0,0,0,0
1802,8,10,158100,518500,2,18,1,9,天体10,0,0,0,0,0,33,37,0,0,3,0,0,0,0,0,0,0
1803,8,11,223900,742400,2,20,1,10,天体11,0,0,0,0,0,36,41,0,0,3,0,0,0,0,0,0,0
1804,8,12,308500,1050900,2,22,1,11,天体12,0,0,0,0,0,40,45,0,0,4,0,0,0,0,0,0,0
1805,8,13,414900,1465800,2,24,1,12,天体13,0,0,0,0,0,43,48,0,0,4,0,0,0,0,0,0,0
1806,8,14,546800,2012600,2,26,1,13,天体14,0,0,0,0,0,46,52,0,0,4,0,0,0,0,0,0,0
1807,8,15,707800,2720400,2,28,1,14,天体15,0,0,0,0,0,50,56,0,0,5,0,0,0,0,0,0,0
1808,8,16,902000,3622400,2,30,1,15,天体16,0,0,0,0,0,54,60,0,0,5,0,0,0,0,0,0,0
1809,8,17,1133700,4756100,2,32,1,16,天体17,0,0,0,0,0,56,63,0,0,5,0,0,0,0,0,0,0
1810,8,18,1407500,6163600,2,34,1,17,天体18,0,0,0,0,0,60,67,0,0,6,0,0,0,0,0,0,0
1811,8,19,1728000,7891600,2,36,1,18,天体19,0,0,0,0,0,63,71,0,0,6,0,0,0,0,0,0,0
1812,8,20,2100400,9992000,2,38,1,19,天体20,0,0,0,0,0,67,75,0,0,6,0,0,0,0,0,0,0
1813,8,21,2530000,12522000,2,40,1,20,天体21,0,0,0,0,0,70,78,0,0,7,0,0,0,0,0,0,0
1814,8,22,3022300,15544300,2,42,1,21,天体22,0,0,0,0,0,73,82,0,0,7,0,0,0,0,0,0,0
1815,8,23,3583200,19127500,2,44,1,22,天体23,0,0,0,0,0,77,86,0,0,7,0,0,0,0,0,0,0
1816,8,24,4218800,23346300,2,46,1,23,天体24,0,0,0,0,0,81,90,0,0,8,0,0,0,0,0,0,0
1817,8,25,4935300,28281600,2,48,1,24,天体25,0,0,0,0,0,83,93,0,0,8,0,0,0,0,0,0,0
1818,8,26,5739600,34021200,2,50,1,25,天体26,0,0,0,0,0,87,97,0,0,8,0,0,0,0,0,0,0
1819,8,27,6638300,40659500,2,52,1,26,天体27,0,0,0,0,0,90,101,0,0,9,0,0,0,0,0,0,0
1820,8,28,7638600,48298100,2,54,1,27,天体28,0,0,0,0,0,94,105,0,0,9,0,0,0,0,0,0,0
1821,8,29,8748000,57046100,2,56,1,28,天体29,0,0,0,0,0,97,108,0,0,9,0,0,0,0,0,0,0
1822,8,30,9974000,67020100,2,58,1,29,天体30,0,0,0,0,0,100,112,0,0,10,0,0,0,0,0,0,0
1823,8,31,10246320,77266420,2,60,1,30,天体31,0,0,0,0,0,104,116,0,0,10,0,0,0,0,0,0,0
1824,8,32,10534420,87800840,2,62,1,31,天体32,0,0,0,0,0,108,120,0,0,10,0,0,0,0,0,0,0
1825,8,33,11334904,99135744,2,64,1,32,天体33,0,0,0,0,0,110,123,0,0,11,0,0,0,0,0,0,0
1826,8,34,12010368,111146112,2,66,1,33,天体34,0,0,0,0,0,114,127,0,0,11,0,0,0,0,0,0,0
1827,8,35,15268700,126414812,2,68,1,34,天体35,0,0,0,0,0,117,131,0,0,11,0,0,0,0,0,0,0
1828,8,36,22118400,148533212,2,70,1,35,天体36,0,0,0,0,0,121,135,0,0,12,0,0,0,0,0,0,0
1829,8,37,26449140,174982352,2,72,1,36,天体37,0,0,0,0,0,124,138,0,0,12,0,0,0,0,0,0,0
1830,8,38,31365900,206348252,2,74,1,37,天体38,0,0,0,0,0,127,142,0,0,12,0,0,0,0,0,0,0
1831,8,39,43076880,249425132,2,76,1,38,天体39,0,0,0,0,0,131,146,0,0,13,0,0,0,0,0,0,0
1832,8,40,56131452,305556584,2,78,1,39,天体40,0,0,0,0,0,135,150,0,0,13,0,0,0,0,0,0,0
1833,8,41,58556960,364113544,2,80,1,40,天体41,0,0,0,0,0,137,153,0,0,13,0,0,0,0,0,0,0
1834,8,42,67699100,431812644,2,82,1,41,天体42,0,0,0,0,0,141,157,0,0,14,0,0,0,0,0,0,0
1835,8,43,77879690,509692334,2,84,1,42,天体43,0,0,0,0,0,144,161,0,0,14,0,0,0,0,0,0,0
1836,8,44,89181400,598873734,2,86,1,43,天体44,0,0,0,0,0,148,165,0,0,14,0,0,0,0,0,0,0
1837,8,45,127840240,726713974,2,88,1,44,天体45,0,0,0,0,0,151,168,0,0,15,0,0,0,0,0,0,0
1838,8,46,143740658,870454632,2,90,1,45,天体46,0,0,0,0,0,154,172,0,0,15,0,0,0,0,0,0,0
1839,8,47,146862240,1017316872,2,92,1,46,天体47,0,0,0,0,0,158,176,0,0,15,0,0,0,0,0,0,0
1840,8,48,161025360,1178342232,2,94,1,47,天体48,0,0,0,0,0,162,180,0,0,16,0,0,0,0,0,0,0
1841,8,49,176258880,1354601112,2,96,1,48,天体49,0,0,0,0,0,164,183,0,0,16,0,0,0,0,0,0,0
1842,8,50,216700110,1571301222,2,98,1,49,天体50,0,0,0,0,0,168,187,0,0,16,0,0,0,0,0,0,0
1843,8,51,227373555,1798674777,2,100,1,50,天体51,0,0,0,0,0,171,191,0,0,17,0,0,0,0,0,0,0
1844,8,52,233076480,2031751257,2,102,1,51,天体52,0,0,0,0,0,175,195,0,0,17,0,0,0,0,0,0,0
1845,8,53,253489520,2285240777,2,104,1,52,天体53,0,0,0,0,0,178,198,0,0,17,0,0,0,0,0,0,0
1846,8,54,275306480,2560547257,2,106,1,53,天体54,0,0,0,0,0,181,202,0,0,18,0,0,0,0,0,0,0
1847,8,55,298598400,2859145657,2,108,1,54,天体55,0,0,0,0,0,185,206,0,0,18,0,0,0,0,0,0,0
1848,8,56,367745520,3226891177,2,110,1,55,天体56,0,0,0,0,0,189,210,0,0,18,0,0,0,0,0,0,0
1849,8,57,392459520,3619350697,2,112,1,56,天体57,0,0,0,0,0,191,213,0,0,19,0,0,0,0,0,0,0
1850,8,58,418398640,4037749337,2,114,1,57,天体58,0,0,0,0,0,195,217,0,0,19,0,0,0,0,0,0,0
1851,8,59,445602880,4483352217,2,116,1,58,天体59,0,0,0,0,0,198,221,0,0,19,0,0,0,0,0,0,0
1852,8,60,474112640,4957464857,2,118,1,59,天体60,0,0,0,0,0,202,225,0,0,20,0,0,0,0,0,0,0
1853,8,61,629961200,5587426057,2,120,1,60,天体61,0,0,0,0,0,205,228,0,0,20,0,0,0,0,0,0,0
1854,8,62,669017200,6256443257,2,122,1,61,天体62,0,0,0,0,0,208,232,0,0,20,0,0,0,0,0,0,0
1855,8,63,709861700,6966304957,2,124,1,62,天体63,0,0,0,0,0,212,236,0,0,21,0,0,0,0,0,0,0
1856,8,64,752548400,7718853357,2,126,1,63,天体64,0,0,0,0,0,216,240,0,0,21,0,0,0,0,0,0,0
1857,8,65,797132000,8515985357,2,128,1,64,天体65,0,0,0,0,0,218,243,0,0,21,0,0,0,0,0,0,0
1858,8,66,843667800,9359653157,2,130,1,65,天体66,0,0,0,0,0,222,247,0,0,22,0,0,0,0,0,0,0
1859,8,67,892212000,10251865157,2,132,1,66,天体67,0,0,0,0,0,225,251,0,0,22,0,0,0,0,0,0,0
1860,8,68,942821600,11194686757,2,134,1,67,天体68,0,0,0,0,0,229,255,0,0,22,0,0,0,0,0,0,0
1861,8,69,995554300,12190241057,2,136,1,68,天体69,0,0,0,0,0,232,258,0,0,23,0,0,0,0,0,0,0
1862,8,70,1050468800,13240709857,2,138,1,69,天体70,0,0,0,0,0,235,262,0,0,23,0,0,0,0,0,0,0
1863,8,71,1107624200,14348334057,2,140,1,70,天体71,0,0,0,0,0,239,266,0,0,23,0,0,0,0,0,0,0
1864,8,72,1167081000,15515415057,2,142,1,71,天体72,0,0,0,0,0,243,270,0,0,24,0,0,0,0,0,0,0
1865,8,73,1228899900,16744314957,2,144,1,72,天体73,0,0,0,0,0,245,273,0,0,24,0,0,0,0,0,0,0
1866,8,74,1293142700,18037457657,2,146,1,73,天体74,0,0,0,0,0,249,277,0,0,24,0,0,0,0,0,0,0
1867,8,75,1359872000,19397329657,2,148,1,74,天体75,0,0,0,0,0,252,281,0,0,25,0,0,0,0,0,0,0
1868,8,76,1429151100,20826480757,2,150,1,75,天体76,0,0,0,0,0,256,285,0,0,25,0,0,0,0,0,0,0
1869,8,77,1501044200,22327524957,2,152,1,76,天体77,0,0,0,0,0,259,288,0,0,25,0,0,0,0,0,0,0
1870,8,78,1575616300,23903141257,2,154,1,77,天体78,0,0,0,0,0,262,292,0,0,26,0,0,0,0,0,0,0
1871,8,79,1652932900,25556074157,2,156,1,78,天体79,0,0,0,0,0,266,296,0,0,26,0,0,0,0,0,0,0
1872,8,80,1733060800,27289134957,2,158,1,79,天体80,0,0,0,0,0,270,300,0,0,27,0,0,0,0,0,0,0
1873,8,81,1816067100,29105202057,2,160,1,80,天体81,0,0,0,0,0,272,303,0,0,27,0,0,0,0,0,0,0
1874,8,82,1902020100,31007222157,2,162,1,81,天体82,0,0,0,0,0,276,307,0,0,27,0,0,0,0,0,0,0
1875,8,83,1990988600,32998210757,2,164,1,82,天体83,0,0,0,0,0,279,311,0,0,28,0,0,0,0,0,0,0
1876,8,84,2083042400,35081253157,2,166,1,83,天体84,0,0,0,0,0,283,315,0,0,28,0,0,0,0,0,0,0
1877,8,85,2178252000,37259505157,2,168,1,84,天体85,0,0,0,0,0,286,318,0,0,28,0,0,0,0,0,0,0
1878,8,86,2276688700,39536193857,2,170,1,85,天体86,0,0,0,0,0,289,322,0,0,29,0,0,0,0,0,0,0
1879,8,87,2378424600,41914618457,2,172,1,86,天体87,0,0,0,0,0,293,326,0,0,29,0,0,0,0,0,0,0
1880,8,88,2483532700,44398151157,2,174,1,87,天体88,0,0,0,0,0,297,330,0,0,29,0,0,0,0,0,0,0
1881,8,89,2592086500,46990237657,2,176,1,88,天体89,0,0,0,0,0,299,333,0,0,30,0,0,0,0,0,0,0
1882,8,90,2704160800,49694398457,2,178,1,89,天体90,0,0,0,0,0,303,337,0,0,30,0,0,0,0,0,0,0
1883,8,91,2819830600,52514229057,2,180,1,90,天体91,0,0,0,0,0,306,341,0,0,30,0,0,0,0,0,0,0
1884,8,92,2939172100,55453401157,2,182,1,91,天体92,0,0,0,0,0,310,345,0,0,31,0,0,0,0,0,0,0
1885,8,93,3062262300,58515663457,2,184,1,92,天体93,0,0,0,0,0,313,348,0,0,31,0,0,0,0,0,0,0
1886,8,94,3189178800,61704842257,2,186,1,93,天体94,0,0,0,0,0,316,352,0,0,31,0,0,0,0,0,0,0
1887,8,95,3320000000,65024842257,2,188,1,94,天体95,0,0,0,0,0,320,356,0,0,32,0,0,0,0,0,0,0
1888,8,96,3454805300,68479647557,2,190,1,95,天体96,0,0,0,0,0,324,360,0,0,32,0,0,0,0,0,0,0
1889,8,97,3593674800,72073322357,2,192,1,96,天体97,0,0,0,0,0,326,363,0,0,32,0,0,0,0,0,0,0
1890,8,98,3736689200,75810011557,2,194,1,97,天体98,0,0,0,0,0,330,367,0,0,33,0,0,0,0,0,0,0
1891,8,99,3883930400,79693941957,2,196,1,98,天体99,0,0,0,0,0,333,371,0,0,33,0,0,0,0,0,0,0
1892,8,100,4035480800,83729422757,2,198,1,99,天体100,0,0,0,0,0,337,375,0,0,33,0,0,0,0,0,0,0
2049,9,1,7200,7200,0,0,0,0,马坦枪1,0,0,0,0,0,2,3,0,0,0,0,0,0,0,0,0,0
2050,9,2,11200,18400,2,2,1,1,马坦枪2,0,0,0,0,0,6,7,0,0,0,0,0,0,0,0,0,0
2051,9,3,16600,35000,2,4,1,2,马坦枪3,0,0,0,0,0,9,11,0,0,1,0,0,0,0,0,0,0
2052,9,4,23300,58300,2,6,1,3,马坦枪4,0,0,0,0,0,13,15,0,0,1,0,0,0,0,0,0,0
2053,9,5,31600,89900,2,8,1,4,马坦枪5,0,0,0,0,0,16,18,0,0,1,0,0,0,0,0,0,0
2054,9,6,41600,131500,2,10,1,5,马坦枪6,0,0,0,0,0,19,22,0,0,2,0,0,0,0,0,0,0
2055,9,7,53500,185000,2,12,1,6,马坦枪7,0,0,0,0,0,23,26,0,0,2,0,0,0,0,0,0,0
2056,9,8,67400,252400,2,14,1,7,马坦枪8,0,0,0,0,0,27,30,0,0,2,0,0,0,0,0,0,0
2057,9,9,108000,360400,2,16,1,8,马坦枪9,0,0,0,0,0,29,33,0,0,3,0,0,0,0,0,0,0
2058,9,10,158100,518500,2,18,1,9,马坦枪10,0,0,0,0,0,33,37,0,0,3,0,0,0,0,0,0,0
2059,9,11,223900,742400,2,20,1,10,马坦枪11,0,0,0,0,0,36,41,0,0,3,0,0,0,0,0,0,0
2060,9,12,308500,1050900,2,22,1,11,马坦枪12,0,0,0,0,0,40,45,0,0,4,0,0,0,0,0,0,0
2061,9,13,414900,1465800,2,24,1,12,马坦枪13,0,0,0,0,0,43,48,0,0,4,0,0,0,0,0,0,0
2062,9,14,546800,2012600,2,26,1,13,马坦枪14,0,0,0,0,0,46,52,0,0,4,0,0,0,0,0,0,0
2063,9,15,707800,2720400,2,28,1,14,马坦枪15,0,0,0,0,0,50,56,0,0,5,0,0,0,0,0,0,0
2064,9,16,902000,3622400,2,30,1,15,马坦枪16,0,0,0,0,0,54,60,0,0,5,0,0,0,0,0,0,0
2065,9,17,1133700,4756100,2,32,1,16,马坦枪17,0,0,0,0,0,56,63,0,0,5,0,0,0,0,0,0,0
2066,9,18,1407500,6163600,2,34,1,17,马坦枪18,0,0,0,0,0,60,67,0,0,6,0,0,0,0,0,0,0
2067,9,19,1728000,7891600,2,36,1,18,马坦枪19,0,0,0,0,0,63,71,0,0,6,0,0,0,0,0,0,0
2068,9,20,2100400,9992000,2,38,1,19,马坦枪20,0,0,0,0,0,67,75,0,0,6,0,0,0,0,0,0,0
2069,9,21,2530000,12522000,2,40,1,20,马坦枪21,0,0,0,0,0,70,78,0,0,7,0,0,0,0,0,0,0
2070,9,22,3022300,15544300,2,42,1,21,马坦枪22,0,0,0,0,0,73,82,0,0,7,0,0,0,0,0,0,0
2071,9,23,3583200,19127500,2,44,1,22,马坦枪23,0,0,0,0,0,77,86,0,0,7,0,0,0,0,0,0,0
2072,9,24,4218800,23346300,2,46,1,23,马坦枪24,0,0,0,0,0,81,90,0,0,8,0,0,0,0,0,0,0
2073,9,25,4935300,28281600,2,48,1,24,马坦枪25,0,0,0,0,0,83,93,0,0,8,0,0,0,0,0,0,0
2074,9,26,5739600,34021200,2,50,1,25,马坦枪26,0,0,0,0,0,87,97,0,0,8,0,0,0,0,0,0,0
2075,9,27,6638300,40659500,2,52,1,26,马坦枪27,0,0,0,0,0,90,101,0,0,9,0,0,0,0,0,0,0
2076,9,28,7638600,48298100,2,54,1,27,马坦枪28,0,0,0,0,0,94,105,0,0,9,0,0,0,0,0,0,0
2077,9,29,8748000,57046100,2,56,1,28,马坦枪29,0,0,0,0,0,97,108,0,0,9,0,0,0,0,0,0,0
2078,9,30,9974000,67020100,2,58,1,29,马坦枪30,0,0,0,0,0,100,112,0,0,10,0,0,0,0,0,0,0
2079,9,31,10246320,77266420,2,60,1,30,马坦枪31,0,0,0,0,0,104,116,0,0,10,0,0,0,0,0,0,0
2080,9,32,10534420,87800840,2,62,1,31,马坦枪32,0,0,0,0,0,108,120,0,0,10,0,0,0,0,0,0,0
2081,9,33,11334904,99135744,2,64,1,32,马坦枪33,0,0,0,0,0,110,123,0,0,11,0,0,0,0,0,0,0
2082,9,34,12010368,111146112,2,66,1,33,马坦枪34,0,0,0,0,0,114,127,0,0,11,0,0,0,0,0,0,0
2083,9,35,15268700,126414812,2,68,1,34,马坦枪35,0,0,0,0,0,117,131,0,0,11,0,0,0,0,0,0,0
2084,9,36,22118400,148533212,2,70,1,35,马坦枪36,0,0,0,0,0,121,135,0,0,12,0,0,0,0,0,0,0
2085,9,37,26449140,174982352,2,72,1,36,马坦枪37,0,0,0,0,0,124,138,0,0,12,0,0,0,0,0,0,0
2086,9,38,31365900,206348252,2,74,1,37,马坦枪38,0,0,0,0,0,127,142,0,0,12,0,0,0,0,0,0,0
2087,9,39,43076880,249425132,2,76,1,38,马坦枪39,0,0,0,0,0,131,146,0,0,13,0,0,0,0,0,0,0
2088,9,40,56131452,305556584,2,78,1,39,马坦枪40,0,0,0,0,0,135,150,0,0,13,0,0,0,0,0,0,0
2089,9,41,58556960,364113544,2,80,1,40,马坦枪41,0,0,0,0,0,137,153,0,0,13,0,0,0,0,0,0,0
2090,9,42,67699100,431812644,2,82,1,41,马坦枪42,0,0,0,0,0,141,157,0,0,14,0,0,0,0,0,0,0
2091,9,43,77879690,509692334,2,84,1,42,马坦枪43,0,0,0,0,0,144,161,0,0,14,0,0,0,0,0,0,0
2092,9,44,89181400,598873734,2,86,1,43,马坦枪44,0,0,0,0,0,148,165,0,0,14,0,0,0,0,0,0,0
2093,9,45,127840240,726713974,2,88,1,44,马坦枪45,0,0,0,0,0,151,168,0,0,15,0,0,0,0,0,0,0
2094,9,46,143740658,870454632,2,90,1,45,马坦枪46,0,0,0,0,0,154,172,0,0,15,0,0,0,0,0,0,0
2095,9,47,146862240,1017316872,2,92,1,46,马坦枪47,0,0,0,0,0,158,176,0,0,15,0,0,0,0,0,0,0
2096,9,48,161025360,1178342232,2,94,1,47,马坦枪48,0,0,0,0,0,162,180,0,0,16,0,0,0,0,0,0,0
2097,9,49,176258880,1354601112,2,96,1,48,马坦枪49,0,0,0,0,0,164,183,0,0,16,0,0,0,0,0,0,0
2098,9,50,216700110,1571301222,2,98,1,49,马坦枪50,0,0,0,0,0,168,187,0,0,16,0,0,0,0,0,0,0
2099,9,51,227373555,1798674777,2,100,1,50,马坦枪51,0,0,0,0,0,171,191,0,0,17,0,0,0,0,0,0,0
2100,9,52,233076480,2031751257,2,102,1,51,马坦枪52,0,0,0,0,0,175,195,0,0,17,0,0,0,0,0,0,0
2101,9,53,253489520,2285240777,2,104,1,52,马坦枪53,0,0,0,0,0,178,198,0,0,17,0,0,0,0,0,0,0
2102,9,54,275306480,2560547257,2,106,1,53,马坦枪54,0,0,0,0,0,181,202,0,0,18,0,0,0,0,0,0,0
2103,9,55,298598400,2859145657,2,108,1,54,马坦枪55,0,0,0,0,0,185,206,0,0,18,0,0,0,0,0,0,0
2104,9,56,367745520,3226891177,2,110,1,55,马坦枪56,0,0,0,0,0,189,210,0,0,18,0,0,0,0,0,0,0
2105,9,57,392459520,3619350697,2,112,1,56,马坦枪57,0,0,0,0,0,191,213,0,0,19,0,0,0,0,0,0,0
2106,9,58,418398640,4037749337,2,114,1,57,马坦枪58,0,0,0,0,0,195,217,0,0,19,0,0,0,0,0,0,0
2107,9,59,445602880,4483352217,2,116,1,58,马坦枪59,0,0,0,0,0,198,221,0,0,19,0,0,0,0,0,0,0
2108,9,60,474112640,4957464857,2,118,1,59,马坦枪60,0,0,0,0,0,202,225,0,0,20,0,0,0,0,0,0,0
2109,9,61,629961200,5587426057,2,120,1,60,马坦枪61,0,0,0,0,0,205,228,0,0,20,0,0,0,0,0,0,0
2110,9,62,669017200,6256443257,2,122,1,61,马坦枪62,0,0,0,0,0,208,232,0,0,20,0,0,0,0,0,0,0
2111,9,63,709861700,6966304957,2,124,1,62,马坦枪63,0,0,0,0,0,212,236,0,0,21,0,0,0,0,0,0,0
2112,9,64,752548400,7718853357,2,126,1,63,马坦枪64,0,0,0,0,0,216,240,0,0,21,0,0,0,0,0,0,0
2113,9,65,797132000,8515985357,2,128,1,64,马坦枪65,0,0,0,0,0,218,243,0,0,21,0,0,0,0,0,0,0
2114,9,66,843667800,9359653157,2,130,1,65,马坦枪66,0,0,0,0,0,222,247,0,0,22,0,0,0,0,0,0,0
2115,9,67,892212000,10251865157,2,132,1,66,马坦枪67,0,0,0,0,0,225,251,0,0,22,0,0,0,0,0,0,0
2116,9,68,942821600,11194686757,2,134,1,67,马坦枪68,0,0,0,0,0,229,255,0,0,22,0,0,0,0,0,0,0
2117,9,69,995554300,12190241057,2,136,1,68,马坦枪69,0,0,0,0,0,232,258,0,0,23,0,0,0,0,0,0,0
2118,9,70,1050468800,13240709857,2,138,1,69,马坦枪70,0,0,0,0,0,235,262,0,0,23,0,0,0,0,0,0,0
2119,9,71,1107624200,14348334057,2,140,1,70,马坦枪71,0,0,0,0,0,239,266,0,0,23,0,0,0,0,0,0,0
2120,9,72,1167081000,15515415057,2,142,1,71,马坦枪72,0,0,0,0,0,243,270,0,0,24,0,0,0,0,0,0,0
2121,9,73,1228899900,16744314957,2,144,1,72,马坦枪73,0,0,0,0,0,245,273,0,0,24,0,0,0,0,0,0,0
2122,9,74,1293142700,18037457657,2,146,1,73,马坦枪74,0,0,0,0,0,249,277,0,0,24,0,0,0,0,0,0,0
2123,9,75,1359872000,19397329657,2,148,1,74,马坦枪75,0,0,0,0,0,252,281,0,0,25,0,0,0,0,0,0,0
2124,9,76,1429151100,20826480757,2,150,1,75,马坦枪76,0,0,0,0,0,256,285,0,0,25,0,0,0,0,0,0,0
2125,9,77,1501044200,22327524957,2,152,1,76,马坦枪77,0,0,0,0,0,259,288,0,0,25,0,0,0,0,0,0,0
2126,9,78,1575616300,23903141257,2,154,1,77,马坦枪78,0,0,0,0,0,262,292,0,0,26,0,0,0,0,0,0,0
2127,9,79,1652932900,25556074157,2,156,1,78,马坦枪79,0,0,0,0,0,266,296,0,0,26,0,0,0,0,0,0,0
2128,9,80,1733060800,27289134957,2,158,1,79,马坦枪80,0,0,0,0,0,270,300,0,0,27,0,0,0,0,0,0,0
2129,9,81,1816067100,29105202057,2,160,1,80,马坦枪81,0,0,0,0,0,272,303,0,0,27,0,0,0,0,0,0,0
2130,9,82,1902020100,31007222157,2,162,1,81,马坦枪82,0,0,0,0,0,276,307,0,0,27,0,0,0,0,0,0,0
2131,9,83,1990988600,32998210757,2,164,1,82,马坦枪83,0,0,0,0,0,279,311,0,0,28,0,0,0,0,0,0,0
2132,9,84,2083042400,35081253157,2,166,1,83,马坦枪84,0,0,0,0,0,283,315,0,0,28,0,0,0,0,0,0,0
2133,9,85,2178252000,37259505157,2,168,1,84,马坦枪85,0,0,0,0,0,286,318,0,0,28,0,0,0,0,0,0,0
2134,9,86,2276688700,39536193857,2,170,1,85,马坦枪86,0,0,0,0,0,289,322,0,0,29,0,0,0,0,0,0,0
2135,9,87,2378424600,41914618457,2,172,1,86,马坦枪87,0,0,0,0,0,293,326,0,0,29,0,0,0,0,0,0,0
2136,9,88,2483532700,44398151157,2,174,1,87,马坦枪88,0,0,0,0,0,297,330,0,0,29,0,0,0,0,0,0,0
2137,9,89,2592086500,46990237657,2,176,1,88,马坦枪89,0,0,0,0,0,299,333,0,0,30,0,0,0,0,0,0,0
2138,9,90,2704160800,49694398457,2,178,1,89,马坦枪90,0,0,0,0,0,303,337,0,0,30,0,0,0,0,0,0,0
2139,9,91,2819830600,52514229057,2,180,1,90,马坦枪91,0,0,0,0,0,306,341,0,0,30,0,0,0,0,0,0,0
2140,9,92,2939172100,55453401157,2,182,1,91,马坦枪92,0,0,0,0,0,310,345,0,0,31,0,0,0,0,0,0,0
2141,9,93,3062262300,58515663457,2,184,1,92,马坦枪93,0,0,0,0,0,313,348,0,0,31,0,0,0,0,0,0,0
2142,9,94,3189178800,61704842257,2,186,1,93,马坦枪94,0,0,0,0,0,316,352,0,0,31,0,0,0,0,0,0,0
2143,9,95,3320000000,65024842257,2,188,1,94,马坦枪95,0,0,0,0,0,320,356,0,0,32,0,0,0,0,0,0,0
2144,9,96,3454805300,68479647557,2,190,1,95,马坦枪96,0,0,0,0,0,324,360,0,0,32,0,0,0,0,0,0,0
2145,9,97,3593674800,72073322357,2,192,1,96,马坦枪97,0,0,0,0,0,326,363,0,0,32,0,0,0,0,0,0,0
2146,9,98,3736689200,75810011557,2,194,1,97,马坦枪98,0,0,0,0,0,330,367,0,0,33,0,0,0,0,0,0,0
2147,9,99,3883930400,79693941957,2,196,1,98,马坦枪99,0,0,0,0,0,333,371,0,0,33,0,0,0,0,0,0,0
2148,9,100,4035480800,83729422757,2,198,1,99,马坦枪100,0,0,0,0,0,337,375,0,0,33,0,0,0,0,0,0,0
2305,10,1,7200,7200,0,0,0,0,单手剑1,0,0,0,1,2,0,0,0,0,0,0,0,0,0,0,0,0
2306,10,2,11200,18400,2,2,1,1,单手剑2,0,0,0,4,5,0,0,0,0,0,0,0,0,0,0,0,0
2307,10,3,16600,35000,2,4,1,2,单手剑3,0,0,0,6,7,0,0,0,0,0,1,0,0,0,0,0,0
2308,10,4,23300,58300,2,6,1,3,单手剑4,0,0,0,9,10,0,0,0,0,0,1,0,0,0,0,0,0
2309,10,5,31600,89900,2,8,1,4,单手剑5,0,0,0,10,12,0,0,0,0,0,1,0,0,0,0,0,0
2310,10,6,41600,131500,2,10,1,5,单手剑6,0,0,0,13,15,0,0,0,0,0,2,0,0,0,0,0,0
2311,10,7,53500,185000,2,12,1,6,单手剑7,0,0,0,15,17,0,0,0,0,0,2,0,0,0,0,0,0
2312,10,8,67400,252400,2,14,1,7,单手剑8,0,0,0,18,20,0,0,0,0,0,2,0,0,0,0,0,0
2313,10,9,108000,360400,2,16,1,8,单手剑9,0,0,0,19,22,0,0,0,0,0,3,0,0,0,0,0,0
2314,10,10,158100,518500,2,18,1,9,单手剑10,0,0,0,22,25,0,0,0,0,0,3,0,0,0,0,0,0
2315,10,11,223900,742400,2,20,1,10,单手剑11,0,0,0,24,27,0,0,0,0,0,3,0,0,0,0,0,0
2316,10,12,308500,1050900,2,22,1,11,单手剑12,0,0,0,27,30,0,0,0,0,0,4,0,0,0,0,0,0
2317,10,13,414900,1465800,2,24,1,12,单手剑13,0,0,0,28,32,0,0,0,0,0,4,0,0,0,0,0,0
2318,10,14,546800,2012600,2,26,1,13,单手剑14,0,0,0,31,35,0,0,0,0,0,4,0,0,0,0,0,0
2319,10,15,707800,2720400,2,28,1,14,单手剑15,0,0,0,33,37,0,0,0,0,0,5,0,0,0,0,0,0
2320,10,16,902000,3622400,2,30,1,15,单手剑16,0,0,0,36,40,0,0,0,0,0,5,0,0,0,0,0,0
2321,10,17,1133700,4756100,2,32,1,16,单手剑17,0,0,0,37,42,0,0,0,0,0,5,0,0,0,0,0,0
2322,10,18,1407500,6163600,2,34,1,17,单手剑18,0,0,0,40,45,0,0,0,0,0,6,0,0,0,0,0,0
2323,10,19,1728000,7891600,2,36,1,18,单手剑19,0,0,0,42,47,0,0,0,0,0,6,0,0,0,0,0,0
2324,10,20,2100400,9992000,2,38,1,19,单手剑20,0,0,0,45,50,0,0,0,0,0,6,0,0,0,0,0,0
2325,10,21,2530000,12522000,2,40,1,20,单手剑21,0,0,0,46,52,0,0,0,0,0,7,0,0,0,0,0,0
2326,10,22,3022300,15544300,2,42,1,21,单手剑22,0,0,0,49,55,0,0,0,0,0,7,0,0,0,0,0,0
2327,10,23,3583200,19127500,2,44,1,22,单手剑23,0,0,0,51,57,0,0,0,0,0,7,0,0,0,0,0,0
2328,10,24,4218800,23346300,2,46,1,23,单手剑24,0,0,0,54,60,0,0,0,0,0,8,0,0,0,0,0,0
2329,10,25,4935300,28281600,2,48,1,24,单手剑25,0,0,0,55,62,0,0,0,0,0,8,0,0,0,0,0,0
2330,10,26,5739600,34021200,2,50,1,25,单手剑26,0,0,0,58,65,0,0,0,0,0,8,0,0,0,0,0,0
2331,10,27,6638300,40659500,2,52,1,26,单手剑27,0,0,0,60,67,0,0,0,0,0,9,0,0,0,0,0,0
2332,10,28,7638600,48298100,2,54,1,27,单手剑28,0,0,0,63,70,0,0,0,0,0,9,0,0,0,0,0,0
2333,10,29,8748000,57046100,2,56,1,28,单手剑29,0,0,0,64,72,0,0,0,0,0,9,0,0,0,0,0,0
2334,10,30,9974000,67020100,2,58,1,29,单手剑30,0,0,0,67,75,0,0,0,0,0,10,0,0,0,0,0,0
2335,10,31,10246320,77266420,2,60,1,30,单手剑31,0,0,0,69,77,0,0,0,0,0,10,0,0,0,0,0,0
2336,10,32,10534420,87800840,2,62,1,31,单手剑32,0,0,0,72,80,0,0,0,0,0,10,0,0,0,0,0,0
2337,10,33,11334904,99135744,2,64,1,32,单手剑33,0,0,0,73,82,0,0,0,0,0,11,0,0,0,0,0,0
2338,10,34,12010368,111146112,2,66,1,33,单手剑34,0,0,0,76,85,0,0,0,0,0,11,0,0,0,0,0,0
2339,10,35,15268700,126414812,2,68,1,34,单手剑35,0,0,0,78,87,0,0,0,0,0,11,0,0,0,0,0,0
2340,10,36,22118400,148533212,2,70,1,35,单手剑36,0,0,0,81,90,0,0,0,0,0,12,0,0,0,0,0,0
2341,10,37,26449140,174982352,2,72,1,36,单手剑37,0,0,0,82,92,0,0,0,0,0,12,0,0,0,0,0,0
2342,10,38,31365900,206348252,2,74,1,37,单手剑38,0,0,0,85,95,0,0,0,0,0,12,0,0,0,0,0,0
2343,10,39,43076880,249425132,2,76,1,38,单手剑39,0,0,0,87,97,0,0,0,0,0,13,0,0,0,0,0,0
2344,10,40,56131452,305556584,2,78,1,39,单手剑40,0,0,0,90,100,0,0,0,0,0,13,0,0,0,0,0,0
2345,10,41,58556960,364113544,2,80,1,40,单手剑41,0,0,0,91,102,0,0,0,0,0,13,0,0,0,0,0,0
2346,10,42,67699100,431812644,2,82,1,41,单手剑42,0,0,0,94,105,0,0,0,0,0,14,0,0,0,0,0,0
2347,10,43,77879690,509692334,2,84,1,42,单手剑43,0,0,0,96,107,0,0,0,0,0,14,0,0,0,0,0,0
2348,10,44,89181400,598873734,2,86,1,43,单手剑44,0,0,0,99,110,0,0,0,0,0,14,0,0,0,0,0,0
2349,10,45,127840240,726713974,2,88,1,44,单手剑45,0,0,0,100,112,0,0,0,0,0,15,0,0,0,0,0,0
2350,10,46,143740658,870454632,2,90,1,45,单手剑46,0,0,0,103,115,0,0,0,0,0,15,0,0,0,0,0,0
2351,10,47,146862240,1017316872,2,92,1,46,单手剑47,0,0,0,105,117,0,0,0,0,0,15,0,0,0,0,0,0
2352,10,48,161025360,1178342232,2,94,1,47,单手剑48,0,0,0,108,120,0,0,0,0,0,16,0,0,0,0,0,0
2353,10,49,176258880,1354601112,2,96,1,48,单手剑49,0,0,0,109,122,0,0,0,0,0,16,0,0,0,0,0,0
2354,10,50,216700110,1571301222,2,98,1,49,单手剑50,0,0,0,112,125,0,0,0,0,0,16,0,0,0,0,0,0
2355,10,51,227373555,1798674777,2,100,1,50,单手剑51,0,0,0,114,127,0,0,0,0,0,17,0,0,0,0,0,0
2356,10,52,233076480,2031751257,2,102,1,51,单手剑52,0,0,0,117,130,0,0,0,0,0,17,0,0,0,0,0,0
2357,10,53,253489520,2285240777,2,104,1,52,单手剑53,0,0,0,118,132,0,0,0,0,0,17,0,0,0,0,0,0
2358,10,54,275306480,2560547257,2,106,1,53,单手剑54,0,0,0,121,135,0,0,0,0,0,18,0,0,0,0,0,0
2359,10,55,298598400,2859145657,2,108,1,54,单手剑55,0,0,0,123,137,0,0,0,0,0,18,0,0,0,0,0,0
2360,10,56,367745520,3226891177,2,110,1,55,单手剑56,0,0,0,126,140,0,0,0,0,0,18,0,0,0,0,0,0
2361,10,57,392459520,3619350697,2,112,1,56,单手剑57,0,0,0,127,142,0,0,0,0,0,19,0,0,0,0,0,0
2362,10,58,418398640,4037749337,2,114,1,57,单手剑58,0,0,0,130,145,0,0,0,0,0,19,0,0,0,0,0,0
2363,10,59,445602880,4483352217,2,116,1,58,单手剑59,0,0,0,132,147,0,0,0,0,0,19,0,0,0,0,0,0
2364,10,60,474112640,4957464857,2,118,1,59,单手剑60,0,0,0,135,150,0,0,0,0,0,20,0,0,0,0,0,0
2365,10,61,629961200,5587426057,2,120,1,60,单手剑61,0,0,0,136,152,0,0,0,0,0,20,0,0,0,0,0,0
2366,10,62,669017200,6256443257,2,122,1,61,单手剑62,0,0,0,139,155,0,0,0,0,0,20,0,0,0,0,0,0
2367,10,63,709861700,6966304957,2,124,1,62,单手剑63,0,0,0,141,157,0,0,0,0,0,21,0,0,0,0,0,0
2368,10,64,752548400,7718853357,2,126,1,63,单手剑64,0,0,0,144,160,0,0,0,0,0,21,0,0,0,0,0,0
2369,10,65,797132000,8515985357,2,128,1,64,单手剑65,0,0,0,145,162,0,0,0,0,0,21,0,0,0,0,0,0
2370,10,66,843667800,9359653157,2,130,1,65,单手剑66,0,0,0,148,165,0,0,0,0,0,22,0,0,0,0,0,0
2371,10,67,892212000,10251865157,2,132,1,66,单手剑67,0,0,0,150,167,0,0,0,0,0,22,0,0,0,0,0,0
2372,10,68,942821600,11194686757,2,134,1,67,单手剑68,0,0,0,153,170,0,0,0,0,0,22,0,0,0,0,0,0
2373,10,69,995554300,12190241057,2,136,1,68,单手剑69,0,0,0,154,172,0,0,0,0,0,23,0,0,0,0,0,0
2374,10,70,1050468800,13240709857,2,138,1,69,单手剑70,0,0,0,157,175,0,0,0,0,0,23,0,0,0,0,0,0
2375,10,71,1107624200,14348334057,2,140,1,70,单手剑71,0,0,0,159,177,0,0,0,0,0,23,0,0,0,0,0,0
2376,10,72,1167081000,15515415057,2,142,1,71,单手剑72,0,0,0,162,180,0,0,0,0,0,24,0,0,0,0,0,0
2377,10,73,1228899900,16744314957,2,144,1,72,单手剑73,0,0,0,163,182,0,0,0,0,0,24,0,0,0,0,0,0
2378,10,74,1293142700,18037457657,2,146,1,73,单手剑74,0,0,0,166,185,0,0,0,0,0,24,0,0,0,0,0,0
2379,10,75,1359872000,19397329657,2,148,1,74,单手剑75,0,0,0,168,187,0,0,0,0,0,25,0,0,0,0,0,0
2380,10,76,1429151100,20826480757,2,150,1,75,单手剑76,0,0,0,171,190,0,0,0,0,0,25,0,0,0,0,0,0
2381,10,77,1501044200,22327524957,2,152,1,76,单手剑77,0,0,0,172,192,0,0,0,0,0,25,0,0,0,0,0,0
2382,10,78,1575616300,23903141257,2,154,1,77,单手剑78,0,0,0,175,195,0,0,0,0,0,26,0,0,0,0,0,0
2383,10,79,1652932900,25556074157,2,156,1,78,单手剑79,0,0,0,177,197,0,0,0,0,0,26,0,0,0,0,0,0
2384,10,80,1733060800,27289134957,2,158,1,79,单手剑80,0,0,0,180,200,0,0,0,0,0,27,0,0,0,0,0,0
2385,10,81,1816067100,29105202057,2,160,1,80,单手剑81,0,0,0,181,202,0,0,0,0,0,27,0,0,0,0,0,0
2386,10,82,1902020100,31007222157,2,162,1,81,单手剑82,0,0,0,184,205,0,0,0,0,0,27,0,0,0,0,0,0
2387,10,83,1990988600,32998210757,2,164,1,82,单手剑83,0,0,0,186,207,0,0,0,0,0,28,0,0,0,0,0,0
2388,10,84,2083042400,35081253157,2,166,1,83,单手剑84,0,0,0,189,210,0,0,0,0,0,28,0,0,0,0,0,0
2389,10,85,2178252000,37259505157,2,168,1,84,单手剑85,0,0,0,190,212,0,0,0,0,0,28,0,0,0,0,0,0
2390,10,86,2276688700,39536193857,2,170,1,85,单手剑86,0,0,0,193,215,0,0,0,0,0,29,0,0,0,0,0,0
2391,10,87,2378424600,41914618457,2,172,1,86,单手剑87,0,0,0,195,217,0,0,0,0,0,29,0,0,0,0,0,0
2392,10,88,2483532700,44398151157,2,174,1,87,单手剑88,0,0,0,198,220,0,0,0,0,0,29,0,0,0,0,0,0
2393,10,89,2592086500,46990237657,2,176,1,88,单手剑89,0,0,0,199,222,0,0,0,0,0,30,0,0,0,0,0,0
2394,10,90,2704160800,49694398457,2,178,1,89,单手剑90,0,0,0,202,225,0,0,0,0,0,30,0,0,0,0,0,0
2395,10,91,2819830600,52514229057,2,180,1,90,单手剑91,0,0,0,204,227,0,0,0,0,0,30,0,0,0,0,0,0
2396,10,92,2939172100,55453401157,2,182,1,91,单手剑92,0,0,0,207,230,0,0,0,0,0,31,0,0,0,0,0,0
2397,10,93,3062262300,58515663457,2,184,1,92,单手剑93,0,0,0,208,232,0,0,0,0,0,31,0,0,0,0,0,0
2398,10,94,3189178800,61704842257,2,186,1,93,单手剑94,0,0,0,211,235,0,0,0,0,0,31,0,0,0,0,0,0
2399,10,95,3320000000,65024842257,2,188,1,94,单手剑95,0,0,0,213,237,0,0,0,0,0,32,0,0,0,0,0,0
2400,10,96,3454805300,68479647557,2,190,1,95,单手剑96,0,0,0,216,240,0,0,0,0,0,32,0,0,0,0,0,0
2401,10,97,3593674800,72073322357,2,192,1,96,单手剑97,0,0,0,217,242,0,0,0,0,0,32,0,0,0,0,0,0
2402,10,98,3736689200,75810011557,2,194,1,97,单手剑98,0,0,0,220,245,0,0,0,0,0,33,0,0,0,0,0,0
2403,10,99,3883930400,79693941957,2,196,1,98,单手剑99,0,0,0,222,247,0,0,0,0,0,33,0,0,0,0,0,0
2404,10,100,4035480800,83729422757,2,198,1,99,单手剑100,0,0,0,225,250,0,0,0,0,0,33,0,0,0,0,0,0
2561,11,1,7200,7200,0,0,0,0,双手剑1,0,0,0,2,3,0,0,0,0,0,0,0,0,0,0,0,0
2562,11,2,11200,18400,2,2,1,1,双手剑2,0,0,0,6,7,0,0,0,1,0,0,0,0,0,0,0,0
2563,11,3,16600,35000,2,4,1,2,双手剑3,0,0,0,9,10,0,0,0,1,0,0,0,0,0,0,0,0
2564,11,4,23300,58300,2,6,1,3,双手剑4,0,0,0,12,14,0,0,0,2,0,0,0,0,0,0,0,0
2565,11,5,31600,89900,2,8,1,4,双手剑5,0,0,0,15,17,0,0,0,2,0,0,0,0,0,0,0,0
2566,11,6,41600,131500,2,10,1,5,双手剑6,0,0,0,18,21,0,0,0,3,0,0,0,0,0,0,0,0
2567,11,7,53500,185000,2,12,1,6,双手剑7,0,0,0,21,24,0,0,0,4,0,0,0,0,0,0,0,0
2568,11,8,67400,252400,2,14,1,7,双手剑8,0,0,0,25,28,0,0,0,4,0,0,0,0,0,0,0,0
2569,11,9,108000,360400,2,16,1,8,双手剑9,0,0,0,27,31,0,0,0,5,0,0,0,0,0,0,0,0
2570,11,10,158100,518500,2,18,1,9,双手剑10,0,0,0,31,35,0,0,0,5,0,0,0,0,0,0,0,0
2571,11,11,223900,742400,2,20,1,10,双手剑11,0,0,0,34,38,0,0,0,6,0,0,0,0,0,0,0,0
2572,11,12,308500,1050900,2,22,1,11,双手剑12,0,0,0,37,42,0,0,0,6,0,0,0,0,0,0,0,0
2573,11,13,414900,1465800,2,24,1,12,双手剑13,0,0,0,40,45,0,0,0,7,0,0,0,0,0,0,0,0
2574,11,14,546800,2012600,2,26,1,13,双手剑14,0,0,0,44,49,0,0,0,8,0,0,0,0,0,0,0,0
2575,11,15,707800,2720400,2,28,1,14,双手剑15,0,0,0,46,52,0,0,0,8,0,0,0,0,0,0,0,0
2576,11,16,902000,3622400,2,30,1,15,双手剑16,0,0,0,50,56,0,0,0,9,0,0,0,0,0,0,0,0
2577,11,17,1133700,4756100,2,32,1,16,双手剑17,0,0,0,53,59,0,0,0,9,0,0,0,0,0,0,0,0
2578,11,18,1407500,6163600,2,34,1,17,双手剑18,0,0,0,56,63,0,0,0,10,0,0,0,0,0,0,0,0
2579,11,19,1728000,7891600,2,36,1,18,双手剑19,0,0,0,59,66,0,0,0,10,0,0,0,0,0,0,0,0
2580,11,20,2100400,9992000,2,38,1,19,双手剑20,0,0,0,63,70,0,0,0,11,0,0,0,0,0,0,0,0
2581,11,21,2530000,12522000,2,40,1,20,双手剑21,0,0,0,65,73,0,0,0,12,0,0,0,0,0,0,0,0
2582,11,22,3022300,15544300,2,42,1,21,双手剑22,0,0,0,69,77,0,0,0,12,0,0,0,0,0,0,0,0
2583,11,23,3583200,19127500,2,44,1,22,双手剑23,0,0,0,72,80,0,0,0,13,0,0,0,0,0,0,0,0
2584,11,24,4218800,23346300,2,46,1,23,双手剑24,0,0,0,75,84,0,0,0,13,0,0,0,0,0,0,0,0
2585,11,25,4935300,28281600,2,48,1,24,双手剑25,0,0,0,78,87,0,0,0,14,0,0,0,0,0,0,0,0
2586,11,26,5739600,34021200,2,50,1,25,双手剑26,0,0,0,81,91,0,0,0,14,0,0,0,0,0,0,0,0
2587,11,27,6638300,40659500,2,52,1,26,双手剑27,0,0,0,84,94,0,0,0,15,0,0,0,0,0,0,0,0
2588,11,28,7638600,48298100,2,54,1,27,双手剑28,0,0,0,88,98,0,0,0,16,0,0,0,0,0,0,0,0
2589,11,29,8748000,57046100,2,56,1,28,双手剑29,0,0,0,90,101,0,0,0,16,0,0,0,0,0,0,0,0
2590,11,30,9974000,67020100,2,58,1,29,双手剑30,0,0,0,94,105,0,0,0,17,0,0,0,0,0,0,0,0
2591,11,31,10246320,77266420,2,60,1,30,双手剑31,0,0,0,97,108,0,0,0,17,0,0,0,0,0,0,0,0
2592,11,32,10534420,87800840,2,62,1,31,双手剑32,0,0,0,100,112,0,0,0,18,0,0,0,0,0,0,0,0
2593,11,33,11334904,99135744,2,64,1,32,双手剑33,0,0,0,103,115,0,0,0,18,0,0,0,0,0,0,0,0
2594,11,34,12010368,111146112,2,66,1,33,双手剑34,0,0,0,107,119,0,0,0,19,0,0,0,0,0,0,0,0
2595,11,35,15268700,126414812,2,68,1,34,双手剑35,0,0,0,109,122,0,0,0,20,0,0,0,0,0,0,0,0
2596,11,36,22118400,148533212,2,70,1,35,双手剑36,0,0,0,113,126,0,0,0,20,0,0,0,0,0,0,0,0
2597,11,37,26449140,174982352,2,72,1,36,双手剑37,0,0,0,116,129,0,0,0,21,0,0,0,0,0,0,0,0
2598,11,38,31365900,206348252,2,74,1,37,双手剑38,0,0,0,119,133,0,0,0,21,0,0,0,0,0,0,0,0
2599,11,39,43076880,249425132,2,76,1,38,双手剑39,0,0,0,122,136,0,0,0,22,0,0,0,0,0,0,0,0
2600,11,40,56131452,305556584,2,78,1,39,双手剑40,0,0,0,126,140,0,0,0,23,0,0,0,0,0,0,0,0
2601,11,41,58556960,364113544,2,80,1,40,双手剑41,0,0,0,128,143,0,0,0,23,0,0,0,0,0,0,0,0
2602,11,42,67699100,431812644,2,82,1,41,双手剑42,0,0,0,132,147,0,0,0,24,0,0,0,0,0,0,0,0
2603,11,43,77879690,509692334,2,84,1,42,双手剑43,0,0,0,135,150,0,0,0,24,0,0,0,0,0,0,0,0
2604,11,44,89181400,598873734,2,86,1,43,双手剑44,0,0,0,138,154,0,0,0,25,0,0,0,0,0,0,0,0
2605,11,45,127840240,726713974,2,88,1,44,双手剑45,0,0,0,141,157,0,0,0,25,0,0,0,0,0,0,0,0
2606,11,46,143740658,870454632,2,90,1,45,双手剑46,0,0,0,144,161,0,0,0,26,0,0,0,0,0,0,0,0
2607,11,47,146862240,1017316872,2,92,1,46,双手剑47,0,0,0,147,164,0,0,0,27,0,0,0,0,0,0,0,0
2608,11,48,161025360,1178342232,2,94,1,47,双手剑48,0,0,0,151,168,0,0,0,27,0,0,0,0,0,0,0,0
2609,11,49,176258880,1354601112,2,96,1,48,双手剑49,0,0,0,153,171,0,0,0,28,0,0,0,0,0,0,0,0
2610,11,50,216700110,1571301222,2,98,1,49,双手剑50,0,0,0,157,175,0,0,0,28,0,0,0,0,0,0,0,0
2611,11,51,227373555,1798674777,2,100,1,50,双手剑51,0,0,0,160,178,0,0,0,29,0,0,0,0,0,0,0,0
2612,11,52,233076480,2031751257,2,102,1,51,双手剑52,0,0,0,163,182,0,0,0,29,0,0,0,0,0,0,0,0
2613,11,53,253489520,2285240777,2,104,1,52,双手剑53,0,0,0,166,185,0,0,0,30,0,0,0,0,0,0,0,0
2614,11,54,275306480,2560547257,2,106,1,53,双手剑54,0,0,0,170,189,0,0,0,31,0,0,0,0,0,0,0,0
2615,11,55,298598400,2859145657,2,108,1,54,双手剑55,0,0,0,172,192,0,0,0,31,0,0,0,0,0,0,0,0
2616,11,56,367745520,3226891177,2,110,1,55,双手剑56,0,0,0,176,196,0,0,0,32,0,0,0,0,0,0,0,0
2617,11,57,392459520,3619350697,2,112,1,56,双手剑57,0,0,0,179,199,0,0,0,32,0,0,0,0,0,0,0,0
2618,11,58,418398640,4037749337,2,114,1,57,双手剑58,0,0,0,182,203,0,0,0,33,0,0,0,0,0,0,0,0
2619,11,59,445602880,4483352217,2,116,1,58,双手剑59,0,0,0,185,206,0,0,0,33,0,0,0,0,0,0,0,0
2620,11,60,474112640,4957464857,2,118,1,59,双手剑60,0,0,0,189,210,0,0,0,34,0,0,0,0,0,0,0,0
2621,11,61,629961200,5587426057,2,120,1,60,双手剑61,0,0,0,191,213,0,0,0,35,0,0,0,0,0,0,0,0
2622,11,62,669017200,6256443257,2,122,1,61,双手剑62,0,0,0,195,217,0,0,0,35,0,0,0,0,0,0,0,0
2623,11,63,709861700,6966304957,2,124,1,62,双手剑63,0,0,0,198,220,0,0,0,36,0,0,0,0,0,0,0,0
2624,11,64,752548400,7718853357,2,126,1,63,双手剑64,0,0,0,201,224,0,0,0,36,0,0,0,0,0,0,0,0
2625,11,65,797132000,8515985357,2,128,1,64,双手剑65,0,0,0,204,227,0,0,0,37,0,0,0,0,0,0,0,0
2626,11,66,843667800,9359653157,2,130,1,65,双手剑66,0,0,0,207,231,0,0,0,37,0,0,0,0,0,0,0,0
2627,11,67,892212000,10251865157,2,132,1,66,双手剑67,0,0,0,210,234,0,0,0,38,0,0,0,0,0,0,0,0
2628,11,68,942821600,11194686757,2,134,1,67,双手剑68,0,0,0,214,238,0,0,0,39,0,0,0,0,0,0,0,0
2629,11,69,995554300,12190241057,2,136,1,68,双手剑69,0,0,0,216,241,0,0,0,39,0,0,0,0,0,0,0,0
2630,11,70,1050468800,13240709857,2,138,1,69,双手剑70,0,0,0,220,245,0,0,0,40,0,0,0,0,0,0,0,0
2631,11,71,1107624200,14348334057,2,140,1,70,双手剑71,0,0,0,223,248,0,0,0,40,0,0,0,0,0,0,0,0
2632,11,72,1167081000,15515415057,2,142,1,71,双手剑72,0,0,0,226,252,0,0,0,41,0,0,0,0,0,0,0,0
2633,11,73,1228899900,16744314957,2,144,1,72,双手剑73,0,0,0,229,255,0,0,0,41,0,0,0,0,0,0,0,0
2634,11,74,1293142700,18037457657,2,146,1,73,双手剑74,0,0,0,233,259,0,0,0,42,0,0,0,0,0,0,0,0
2635,11,75,1359872000,19397329657,2,148,1,74,双手剑75,0,0,0,235,262,0,0,0,43,0,0,0,0,0,0,0,0
2636,11,76,1429151100,20826480757,2,150,1,75,双手剑76,0,0,0,239,266,0,0,0,43,0,0,0,0,0,0,0,0
2637,11,77,1501044200,22327524957,2,152,1,76,双手剑77,0,0,0,242,269,0,0,0,44,0,0,0,0,0,0,0,0
2638,11,78,1575616300,23903141257,2,154,1,77,双手剑78,0,0,0,245,273,0,0,0,44,0,0,0,0,0,0,0,0
2639,11,79,1652932900,25556074157,2,156,1,78,双手剑79,0,0,0,248,276,0,0,0,45,0,0,0,0,0,0,0,0
2640,11,80,1733060800,27289134957,2,158,1,79,双手剑80,0,0,0,252,280,0,0,0,46,0,0,0,0,0,0,0,0
2641,11,81,1816067100,29105202057,2,160,1,80,双手剑81,0,0,0,254,283,0,0,0,46,0,0,0,0,0,0,0,0
2642,11,82,1902020100,31007222157,2,162,1,81,双手剑82,0,0,0,258,287,0,0,0,47,0,0,0,0,0,0,0,0
2643,11,83,1990988600,32998210757,2,164,1,82,双手剑83,0,0,0,261,290,0,0,0,47,0,0,0,0,0,0,0,0
2644,11,84,2083042400,35081253157,2,166,1,83,双手剑84,0,0,0,264,294,0,0,0,48,0,0,0,0,0,0,0,0
2645,11,85,2178252000,37259505157,2,168,1,84,双手剑85,0,0,0,267,297,0,0,0,48,0,0,0,0,0,0,0,0
2646,11,86,2276688700,39536193857,2,170,1,85,双手剑86,0,0,0,270,301,0,0,0,49,0,0,0,0,0,0,0,0
2647,11,87,2378424600,41914618457,2,172,1,86,双手剑87,0,0,0,273,304,0,0,0,50,0,0,0,0,0,0,0,0
2648,11,88,2483532700,44398151157,2,174,1,87,双手剑88,0,0,0,277,308,0,0,0,50,0,0,0,0,0,0,0,0
2649,11,89,2592086500,46990237657,2,176,1,88,双手剑89,0,0,0,279,311,0,0,0,51,0,0,0,0,0,0,0,0
2650,11,90,2704160800,49694398457,2,178,1,89,双手剑90,0,0,0,283,315,0,0,0,51,0,0,0,0,0,0,0,0
2651,11,91,2819830600,52514229057,2,180,1,90,双手剑91,0,0,0,286,318,0,0,0,52,0,0,0,0,0,0,0,0
2652,11,92,2939172100,55453401157,2,182,1,91,双手剑92,0,0,0,289,322,0,0,0,52,0,0,0,0,0,0,0,0
2653,11,93,3062262300,58515663457,2,184,1,92,双手剑93,0,0,0,292,325,0,0,0,53,0,0,0,0,0,0,0,0
2654,11,94,3189178800,61704842257,2,186,1,93,双手剑94,0,0,0,296,329,0,0,0,54,0,0,0,0,0,0,0,0
2655,11,95,3320000000,65024842257,2,188,1,94,双手剑95,0,0,0,298,332,0,0,0,54,0,0,0,0,0,0,0,0
2656,11,96,3454805300,68479647557,2,190,1,95,双手剑96,0,0,0,302,336,0,0,0,55,0,0,0,0,0,0,0,0
2657,11,97,3593674800,72073322357,2,192,1,96,双手剑97,0,0,0,305,339,0,0,0,55,0,0,0,0,0,0,0,0
2658,11,98,3736689200,75810011557,2,194,1,97,双手剑98,0,0,0,308,343,0,0,0,56,0,0,0,0,0,0,0,0
2659,11,99,3883930400,79693941957,2,196,1,98,双手剑99,0,0,0,311,346,0,0,0,56,0,0,0,0,0,0,0,0
2660,11,100,4035480800,83729422757,2,198,1,99,双手剑100,0,0,0,315,350,0,0,0,57,0,0,0,0,0,0,0,0
2817,12,1,7200,7200,0,0,0,0,石弓1,0,0,0,2,3,0,0,0,0,0,0,0,0,0,0,0,0
2818,12,2,11200,18400,2,2,1,1,石弓2,0,0,0,5,6,0,0,0,0,0,0,0,0,0,0,0,0
2819,12,3,16600,35000,2,4,1,2,石弓3,0,0,0,8,9,0,0,0,0,1,0,0,0,0,0,0,0
2820,12,4,23300,58300,2,6,1,3,石弓4,0,0,0,10,12,0,0,0,0,1,0,0,0,0,0,0,0
2821,12,5,31600,89900,2,8,1,4,石弓5,0,0,0,13,15,0,0,0,0,2,0,0,0,0,0,0,0
2822,12,6,41600,131500,2,10,1,5,石弓6,0,0,0,16,18,0,0,0,0,2,0,0,0,0,0,0,0
2823,12,7,53500,185000,2,12,1,6,石弓7,0,0,0,18,21,0,0,0,0,2,0,0,0,0,0,0,0
2824,12,8,67400,252400,2,14,1,7,石弓8,0,0,0,21,24,0,0,0,0,3,0,0,0,0,0,0,0
2825,12,9,108000,360400,2,16,1,8,石弓9,0,0,0,24,27,0,0,0,0,3,0,0,0,0,0,0,0
2826,12,10,158100,518500,2,18,1,9,石弓10,0,0,0,27,30,0,0,0,0,4,0,0,0,0,0,0,0
2827,12,11,223900,742400,2,20,1,10,石弓11,0,0,0,29,33,0,0,0,0,4,0,0,0,0,0,0,0
2828,12,12,308500,1050900,2,22,1,11,石弓12,0,0,0,32,36,0,0,0,0,4,0,0,0,0,0,0,0
2829,12,13,414900,1465800,2,24,1,12,石弓13,0,0,0,35,39,0,0,0,0,5,0,0,0,0,0,0,0
2830,12,14,546800,2012600,2,26,1,13,石弓14,0,0,0,37,42,0,0,0,0,5,0,0,0,0,0,0,0
2831,12,15,707800,2720400,2,28,1,14,石弓15,0,0,0,40,45,0,0,0,0,6,0,0,0,0,0,0,0
2832,12,16,902000,3622400,2,30,1,15,石弓16,0,0,0,43,48,0,0,0,0,6,0,0,0,0,0,0,0
2833,12,17,1133700,4756100,2,32,1,16,石弓17,0,0,0,45,51,0,0,0,0,6,0,0,0,0,0,0,0
2834,12,18,1407500,6163600,2,34,1,17,石弓18,0,0,0,48,54,0,0,0,0,7,0,0,0,0,0,0,0
2835,12,19,1728000,7891600,2,36,1,18,石弓19,0,0,0,51,57,0,0,0,0,7,0,0,0,0,0,0,0
2836,12,20,2100400,9992000,2,38,1,19,石弓20,0,0,0,54,60,0,0,0,0,8,0,0,0,0,0,0,0
2837,12,21,2530000,12522000,2,40,1,20,石弓21,0,0,0,56,63,0,0,0,0,8,0,0,0,0,0,0,0
2838,12,22,3022300,15544300,2,42,1,21,石弓22,0,0,0,59,66,0,0,0,0,8,0,0,0,0,0,0,0
2839,12,23,3583200,19127500,2,44,1,22,石弓23,0,0,0,62,69,0,0,0,0,9,0,0,0,0,0,0,0
2840,12,24,4218800,23346300,2,46,1,23,石弓24,0,0,0,64,72,0,0,0,0,9,0,0,0,0,0,0,0
2841,12,25,4935300,28281600,2,48,1,24,石弓25,0,0,0,67,75,0,0,0,0,10,0,0,0,0,0,0,0
2842,12,26,5739600,34021200,2,50,1,25,石弓26,0,0,0,70,78,0,0,0,0,10,0,0,0,0,0,0,0
2843,12,27,6638300,40659500,2,52,1,26,石弓27,0,0,0,72,81,0,0,0,0,10,0,0,0,0,0,0,0
2844,12,28,7638600,48298100,2,54,1,27,石弓28,0,0,0,75,84,0,0,0,0,11,0,0,0,0,0,0,0
2845,12,29,8748000,57046100,2,56,1,28,石弓29,0,0,0,78,87,0,0,0,0,11,0,0,0,0,0,0,0
2846,12,30,9974000,67020100,2,58,1,29,石弓30,0,0,0,81,90,0,0,0,0,12,0,0,0,0,0,0,0
2847,12,31,10246320,77266420,2,60,1,30,石弓31,0,0,0,83,93,0,0,0,0,12,0,0,0,0,0,0,0
2848,12,32,10534420,87800840,2,62,1,31,石弓32,0,0,0,86,96,0,0,0,0,12,0,0,0,0,0,0,0
2849,12,33,11334904,99135744,2,64,1,32,石弓33,0,0,0,89,99,0,0,0,0,13,0,0,0,0,0,0,0
2850,12,34,12010368,111146112,2,66,1,33,石弓34,0,0,0,91,102,0,0,0,0,13,0,0,0,0,0,0,0
2851,12,35,15268700,126414812,2,68,1,34,石弓35,0,0,0,94,105,0,0,0,0,14,0,0,0,0,0,0,0
2852,12,36,22118400,148533212,2,70,1,35,石弓36,0,0,0,97,108,0,0,0,0,14,0,0,0,0,0,0,0
2853,12,37,26449140,174982352,2,72,1,36,石弓37,0,0,0,99,111,0,0,0,0,14,0,0,0,0,0,0,0
2854,12,38,31365900,206348252,2,74,1,37,石弓38,0,0,0,102,114,0,0,0,0,15,0,0,0,0,0,0,0
2855,12,39,43076880,249425132,2,76,1,38,石弓39,0,0,0,105,117,0,0,0,0,15,0,0,0,0,0,0,0
2856,12,40,56131452,305556584,2,78,1,39,石弓40,0,0,0,108,120,0,0,0,0,16,0,0,0,0,0,0,0
2857,12,41,58556960,364113544,2,80,1,40,石弓41,0,0,0,110,123,0,0,0,0,16,0,0,0,0,0,0,0
2858,12,42,67699100,431812644,2,82,1,41,石弓42,0,0,0,113,126,0,0,0,0,17,0,0,0,0,0,0,0
2859,12,43,77879690,509692334,2,84,1,42,石弓43,0,0,0,116,129,0,0,0,0,17,0,0,0,0,0,0,0
2860,12,44,89181400,598873734,2,86,1,43,石弓44,0,0,0,118,132,0,0,0,0,17,0,0,0,0,0,0,0
2861,12,45,127840240,726713974,2,88,1,44,石弓45,0,0,0,121,135,0,0,0,0,18,0,0,0,0,0,0,0
2862,12,46,143740658,870454632,2,90,1,45,石弓46,0,0,0,124,138,0,0,0,0,18,0,0,0,0,0,0,0
2863,12,47,146862240,1017316872,2,92,1,46,石弓47,0,0,0,126,141,0,0,0,0,19,0,0,0,0,0,0,0
2864,12,48,161025360,1178342232,2,94,1,47,石弓48,0,0,0,129,144,0,0,0,0,19,0,0,0,0,0,0,0
2865,12,49,176258880,1354601112,2,96,1,48,石弓49,0,0,0,132,147,0,0,0,0,19,0,0,0,0,0,0,0
2866,12,50,216700110,1571301222,2,98,1,49,石弓50,0,0,0,135,150,0,0,0,0,20,0,0,0,0,0,0,0
2867,12,51,227373555,1798674777,2,100,1,50,石弓51,0,0,0,137,153,0,0,0,0,20,0,0,0,0,0,0,0
2868,12,52,233076480,2031751257,2,102,1,51,石弓52,0,0,0,140,156,0,0,0,0,21,0,0,0,0,0,0,0
2869,12,53,253489520,2285240777,2,104,1,52,石弓53,0,0,0,143,159,0,0,0,0,21,0,0,0,0,0,0,0
2870,12,54,275306480,2560547257,2,106,1,53,石弓54,0,0,0,145,162,0,0,0,0,21,0,0,0,0,0,0,0
2871,12,55,298598400,2859145657,2,108,1,54,石弓55,0,0,0,148,165,0,0,0,0,22,0,0,0,0,0,0,0
2872,12,56,367745520,3226891177,2,110,1,55,石弓56,0,0,0,151,168,0,0,0,0,22,0,0,0,0,0,0,0
2873,12,57,392459520,3619350697,2,112,1,56,石弓57,0,0,0,153,171,0,0,0,0,23,0,0,0,0,0,0,0
2874,12,58,418398640,4037749337,2,114,1,57,石弓58,0,0,0,156,174,0,0,0,0,23,0,0,0,0,0,0,0
2875,12,59,445602880,4483352217,2,116,1,58,石弓59,0,0,0,159,177,0,0,0,0,23,0,0,0,0,0,0,0
2876,12,60,474112640,4957464857,2,118,1,59,石弓60,0,0,0,162,180,0,0,0,0,24,0,0,0,0,0,0,0
2877,12,61,629961200,5587426057,2,120,1,60,石弓61,0,0,0,164,183,0,0,0,0,24,0,0,0,0,0,0,0
2878,12,62,669017200,6256443257,2,122,1,61,石弓62,0,0,0,167,186,0,0,0,0,25,0,0,0,0,0,0,0
2879,12,63,709861700,6966304957,2,124,1,62,石弓63,0,0,0,170,189,0,0,0,0,25,0,0,0,0,0,0,0
2880,12,64,752548400,7718853357,2,126,1,63,石弓64,0,0,0,172,192,0,0,0,0,25,0,0,0,0,0,0,0
2881,12,65,797132000,8515985357,2,128,1,64,石弓65,0,0,0,175,195,0,0,0,0,26,0,0,0,0,0,0,0
2882,12,66,843667800,9359653157,2,130,1,65,石弓66,0,0,0,178,198,0,0,0,0,26,0,0,0,0,0,0,0
2883,12,67,892212000,10251865157,2,132,1,66,石弓67,0,0,0,180,201,0,0,0,0,27,0,0,0,0,0,0,0
2884,12,68,942821600,11194686757,2,134,1,67,石弓68,0,0,0,183,204,0,0,0,0,27,0,0,0,0,0,0,0
2885,12,69,995554300,12190241057,2,136,1,68,石弓69,0,0,0,186,207,0,0,0,0,27,0,0,0,0,0,0,0
2886,12,70,1050468800,13240709857,2,138,1,69,石弓70,0,0,0,189,210,0,0,0,0,28,0,0,0,0,0,0,0
2887,12,71,1107624200,14348334057,2,140,1,70,石弓71,0,0,0,191,213,0,0,0,0,28,0,0,0,0,0,0,0
2888,12,72,1167081000,15515415057,2,142,1,71,石弓72,0,0,0,194,216,0,0,0,0,29,0,0,0,0,0,0,0
2889,12,73,1228899900,16744314957,2,144,1,72,石弓73,0,0,0,197,219,0,0,0,0,29,0,0,0,0,0,0,0
2890,12,74,1293142700,18037457657,2,146,1,73,石弓74,0,0,0,199,222,0,0,0,0,29,0,0,0,0,0,0,0
2891,12,75,1359872000,19397329657,2,148,1,74,石弓75,0,0,0,202,225,0,0,0,0,30,0,0,0,0,0,0,0
2892,12,76,1429151100,20826480757,2,150,1,75,石弓76,0,0,0,205,228,0,0,0,0,30,0,0,0,0,0,0,0
2893,12,77,1501044200,22327524957,2,152,1,76,石弓77,0,0,0,207,231,0,0,0,0,31,0,0,0,0,0,0,0
2894,12,78,1575616300,23903141257,2,154,1,77,石弓78,0,0,0,210,234,0,0,0,0,31,0,0,0,0,0,0,0
2895,12,79,1652932900,25556074157,2,156,1,78,石弓79,0,0,0,213,237,0,0,0,0,31,0,0,0,0,0,0,0
2896,12,80,1733060800,27289134957,2,158,1,79,石弓80,0,0,0,216,240,0,0,0,0,32,0,0,0,0,0,0,0
2897,12,81,1816067100,29105202057,2,160,1,80,石弓81,0,0,0,218,243,0,0,0,0,32,0,0,0,0,0,0,0
2898,12,82,1902020100,31007222157,2,162,1,81,石弓82,0,0,0,221,246,0,0,0,0,33,0,0,0,0,0,0,0
2899,12,83,1990988600,32998210757,2,164,1,82,石弓83,0,0,0,224,249,0,0,0,0,33,0,0,0,0,0,0,0
2900,12,84,2083042400,35081253157,2,166,1,83,石弓84,0,0,0,226,252,0,0,0,0,34,0,0,0,0,0,0,0
2901,12,85,2178252000,37259505157,2,168,1,84,石弓85,0,0,0,229,255,0,0,0,0,34,0,0,0,0,0,0,0
2902,12,86,2276688700,39536193857,2,170,1,85,石弓86,0,0,0,232,258,0,0,0,0,34,0,0,0,0,0,0,0
2903,12,87,2378424600,41914618457,2,172,1,86,石弓87,0,0,0,234,261,0,0,0,0,35,0,0,0,0,0,0,0
2904,12,88,2483532700,44398151157,2,174,1,87,石弓88,0,0,0,237,264,0,0,0,0,35,0,0,0,0,0,0,0
2905,12,89,2592086500,46990237657,2,176,1,88,石弓89,0,0,0,240,267,0,0,0,0,36,0,0,0,0,0,0,0
2906,12,90,2704160800,49694398457,2,178,1,89,石弓90,0,0,0,243,270,0,0,0,0,36,0,0,0,0,0,0,0
2907,12,91,2819830600,52514229057,2,180,1,90,石弓91,0,0,0,245,273,0,0,0,0,36,0,0,0,0,0,0,0
2908,12,92,2939172100,55453401157,2,182,1,91,石弓92,0,0,0,248,276,0,0,0,0,37,0,0,0,0,0,0,0
2909,12,93,3062262300,58515663457,2,184,1,92,石弓93,0,0,0,251,279,0,0,0,0,37,0,0,0,0,0,0,0
2910,12,94,3189178800,61704842257,2,186,1,93,石弓94,0,0,0,253,282,0,0,0,0,38,0,0,0,0,0,0,0
2911,12,95,3320000000,65024842257,2,188,1,94,石弓95,0,0,0,256,285,0,0,0,0,38,0,0,0,0,0,0,0
2912,12,96,3454805300,68479647557,2,190,1,95,石弓96,0,0,0,259,288,0,0,0,0,38,0,0,0,0,0,0,0
2913,12,97,3593674800,72073322357,2,192,1,96,石弓97,0,0,0,261,291,0,0,0,0,39,0,0,0,0,0,0,0
2914,12,98,3736689200,75810011557,2,194,1,97,石弓98,0,0,0,264,294,0,0,0,0,39,0,0,0,0,0,0,0
2915,12,99,3883930400,79693941957,2,196,1,98,石弓99,0,0,0,267,297,0,0,0,0,40,0,0,0,0,0,0,0
2916,12,100,4035480800,83729422757,2,198,1,99,石弓100,0,0,0,270,300,0,0,0,0,40,0,0,0,0,0,0,0
3073,13,1,7200,7200,0,0,0,0,木箭1,0,0,0,0,0,1,2,0,0,0,0,0,0,0,0,0,0
3074,13,2,11200,18400,2,2,1,1,木箭2,0,0,0,0,0,4,5,0,1,0,0,0,0,0,0,0,0
3075,13,3,16600,35000,2,4,1,2,木箭3,0,0,0,0,0,7,8,0,1,0,0,0,0,0,0,0,0
3076,13,4,23300,58300,2,6,1,3,木箭4,0,0,0,0,0,9,11,0,2,0,0,0,0,0,0,0,0
3077,13,5,31600,89900,2,8,1,4,木箭5,0,0,0,0,0,11,13,0,2,0,0,0,0,0,0,0,0
3078,13,6,41600,131500,2,10,1,5,木箭6,0,0,0,0,0,14,16,0,3,0,0,0,0,0,0,0,0
3079,13,7,53500,185000,2,12,1,6,木箭7,0,0,0,0,0,17,19,0,4,0,0,0,0,0,0,0,0
3080,13,8,67400,252400,2,14,1,7,木箭8,0,0,0,0,0,19,22,0,4,0,0,0,0,0,0,0,0
3081,13,9,108000,360400,2,16,1,8,木箭9,0,0,0,0,0,21,24,0,5,0,0,0,0,0,0,0,0
3082,13,10,158100,518500,2,18,1,9,木箭10,0,0,0,0,0,24,27,0,5,0,0,0,0,0,0,0,0
3083,13,11,223900,742400,2,20,1,10,木箭11,0,0,0,0,0,27,30,0,6,0,0,0,0,0,0,0,0
3084,13,12,308500,1050900,2,22,1,11,木箭12,0,0,0,0,0,29,33,0,6,0,0,0,0,0,0,0,0
3085,13,13,414900,1465800,2,24,1,12,木箭13,0,0,0,0,0,31,35,0,7,0,0,0,0,0,0,0,0
3086,13,14,546800,2012600,2,26,1,13,木箭14,0,0,0,0,0,34,38,0,8,0,0,0,0,0,0,0,0
3087,13,15,707800,2720400,2,28,1,14,木箭15,0,0,0,0,0,36,41,0,8,0,0,0,0,0,0,0,0
3088,13,16,902000,3622400,2,30,1,15,木箭16,0,0,0,0,0,39,44,0,9,0,0,0,0,0,0,0,0
3089,13,17,1133700,4756100,2,32,1,16,木箭17,0,0,0,0,0,41,46,0,9,0,0,0,0,0,0,0,0
3090,13,18,1407500,6163600,2,34,1,17,木箭18,0,0,0,0,0,44,49,0,10,0,0,0,0,0,0,0,0
3091,13,19,1728000,7891600,2,36,1,18,木箭19,0,0,0,0,0,46,52,0,10,0,0,0,0,0,0,0,0
3092,13,20,2100400,9992000,2,38,1,19,木箭20,0,0,0,0,0,49,55,0,11,0,0,0,0,0,0,0,0
3093,13,21,2530000,12522000,2,40,1,20,木箭21,0,0,0,0,0,51,57,0,12,0,0,0,0,0,0,0,0
3094,13,22,3022300,15544300,2,42,1,21,木箭22,0,0,0,0,0,54,60,0,12,0,0,0,0,0,0,0,0
3095,13,23,3583200,19127500,2,44,1,22,木箭23,0,0,0,0,0,56,63,0,13,0,0,0,0,0,0,0,0
3096,13,24,4218800,23346300,2,46,1,23,木箭24,0,0,0,0,0,59,66,0,13,0,0,0,0,0,0,0,0
3097,13,25,4935300,28281600,2,48,1,24,木箭25,0,0,0,0,0,61,68,0,14,0,0,0,0,0,0,0,0
3098,13,26,5739600,34021200,2,50,1,25,木箭26,0,0,0,0,0,63,71,0,14,0,0,0,0,0,0,0,0
3099,13,27,6638300,40659500,2,52,1,26,木箭27,0,0,0,0,0,66,74,0,15,0,0,0,0,0,0,0,0
3100,13,28,7638600,48298100,2,54,1,27,木箭28,0,0,0,0,0,69,77,0,16,0,0,0,0,0,0,0,0
3101,13,29,8748000,57046100,2,56,1,28,木箭29,0,0,0,0,0,71,79,0,16,0,0,0,0,0,0,0,0
3102,13,30,9974000,67020100,2,58,1,29,木箭30,0,0,0,0,0,73,82,0,17,0,0,0,0,0,0,0,0
3103,13,31,10246320,77266420,2,60,1,30,木箭31,0,0,0,0,0,76,85,0,17,0,0,0,0,0,0,0,0
3104,13,32,10534420,87800840,2,62,1,31,木箭32,0,0,0,0,0,79,88,0,18,0,0,0,0,0,0,0,0
3105,13,33,11334904,99135744,2,64,1,32,木箭33,0,0,0,0,0,81,90,0,18,0,0,0,0,0,0,0,0
3106,13,34,12010368,111146112,2,66,1,33,木箭34,0,0,0,0,0,83,93,0,19,0,0,0,0,0,0,0,0
3107,13,35,15268700,126414812,2,68,1,34,木箭35,0,0,0,0,0,86,96,0,20,0,0,0,0,0,0,0,0
3108,13,36,22118400,148533212,2,70,1,35,木箭36,0,0,0,0,0,89,99,0,20,0,0,0,0,0,0,0,0
3109,13,37,26449140,174982352,2,72,1,36,木箭37,0,0,0,0,0,90,101,0,21,0,0,0,0,0,0,0,0
3110,13,38,31365900,206348252,2,74,1,37,木箭38,0,0,0,0,0,93,104,0,21,0,0,0,0,0,0,0,0
3111,13,39,43076880,249425132,2,76,1,38,木箭39,0,0,0,0,0,96,107,0,22,0,0,0,0,0,0,0,0
3112,13,40,56131452,305556584,2,78,1,39,木箭40,0,0,0,0,0,99,110,0,23,0,0,0,0,0,0,0,0
3113,13,41,58556960,364113544,2,80,1,40,木箭41,0,0,0,0,0,100,112,0,23,0,0,0,0,0,0,0,0
3114,13,42,67699100,431812644,2,82,1,41,木箭42,0,0,0,0,0,103,115,0,24,0,0,0,0,0,0,0,0
3115,13,43,77879690,509692334,2,84,1,42,木箭43,0,0,0,0,0,106,118,0,24,0,0,0,0,0,0,0,0
3116,13,44,89181400,598873734,2,86,1,43,木箭44,0,0,0,0,0,108,121,0,25,0,0,0,0,0,0,0,0
3117,13,45,127840240,726713974,2,88,1,44,木箭45,0,0,0,0,0,110,123,0,25,0,0,0,0,0,0,0,0
3118,13,46,143740658,870454632,2,90,1,45,木箭46,0,0,0,0,0,113,126,0,26,0,0,0,0,0,0,0,0
3119,13,47,146862240,1017316872,2,92,1,46,木箭47,0,0,0,0,0,116,129,0,27,0,0,0,0,0,0,0,0
3120,13,48,161025360,1178342232,2,94,1,47,木箭48,0,0,0,0,0,118,132,0,27,0,0,0,0,0,0,0,0
3121,13,49,176258880,1354601112,2,96,1,48,木箭49,0,0,0,0,0,120,134,0,28,0,0,0,0,0,0,0,0
3122,13,50,216700110,1571301222,2,98,1,49,木箭50,0,0,0,0,0,123,137,0,28,0,0,0,0,0,0,0,0
3123,13,51,227373555,1798674777,2,100,1,50,木箭51,0,0,0,0,0,126,140,0,29,0,0,0,0,0,0,0,0
3124,13,52,233076480,2031751257,2,102,1,51,木箭52,0,0,0,0,0,128,143,0,29,0,0,0,0,0,0,0,0
3125,13,53,253489520,2285240777,2,104,1,52,木箭53,0,0,0,0,0,130,145,0,30,0,0,0,0,0,0,0,0
3126,13,54,275306480,2560547257,2,106,1,53,木箭54,0,0,0,0,0,133,148,0,31,0,0,0,0,0,0,0,0
3127,13,55,298598400,2859145657,2,108,1,54,木箭55,0,0,0,0,0,135,151,0,31,0,0,0,0,0,0,0,0
3128,13,56,367745520,3226891177,2,110,1,55,木箭56,0,0,0,0,0,138,154,0,32,0,0,0,0,0,0,0,0
3129,13,57,392459520,3619350697,2,112,1,56,木箭57,0,0,0,0,0,140,156,0,32,0,0,0,0,0,0,0,0
3130,13,58,418398640,4037749337,2,114,1,57,木箭58,0,0,0,0,0,143,159,0,33,0,0,0,0,0,0,0,0
3131,13,59,445602880,4483352217,2,116,1,58,木箭59,0,0,0,0,0,145,162,0,33,0,0,0,0,0,0,0,0
3132,13,60,474112640,4957464857,2,118,1,59,木箭60,0,0,0,0,0,148,165,0,34,0,0,0,0,0,0,0,0
3133,13,61,629961200,5587426057,2,120,1,60,木箭61,0,0,0,0,0,150,167,0,35,0,0,0,0,0,0,0,0
3134,13,62,669017200,6256443257,2,122,1,61,木箭62,0,0,0,0,0,153,170,0,35,0,0,0,0,0,0,0,0
3135,13,63,709861700,6966304957,2,124,1,62,木箭63,0,0,0,0,0,155,173,0,36,0,0,0,0,0,0,0,0
3136,13,64,752548400,7718853357,2,126,1,63,木箭64,0,0,0,0,0,158,176,0,36,0,0,0,0,0,0,0,0
3137,13,65,797132000,8515985357,2,128,1,64,木箭65,0,0,0,0,0,160,178,0,37,0,0,0,0,0,0,0,0
3138,13,66,843667800,9359653157,2,130,1,65,木箭66,0,0,0,0,0,162,181,0,37,0,0,0,0,0,0,0,0
3139,13,67,892212000,10251865157,2,132,1,66,木箭67,0,0,0,0,0,165,184,0,38,0,0,0,0,0,0,0,0
3140,13,68,942821600,11194686757,2,134,1,67,木箭68,0,0,0,0,0,168,187,0,39,0,0,0,0,0,0,0,0
3141,13,69,995554300,12190241057,2,136,1,68,木箭69,0,0,0,0,0,170,189,0,39,0,0,0,0,0,0,0,0
3142,13,70,1050468800,13240709857,2,138,1,69,木箭70,0,0,0,0,0,172,192,0,40,0,0,0,0,0,0,0,0
3143,13,71,1107624200,14348334057,2,140,1,70,木箭71,0,0,0,0,0,175,195,0,40,0,0,0,0,0,0,0,0
3144,13,72,1167081000,15515415057,2,142,1,71,木箭72,0,0,0,0,0,178,198,0,41,0,0,0,0,0,0,0,0
3145,13,73,1228899900,16744314957,2,144,1,72,木箭73,0,0,0,0,0,180,200,0,41,0,0,0,0,0,0,0,0
3146,13,74,1293142700,18037457657,2,146,1,73,木箭74,0,0,0,0,0,182,203,0,42,0,0,0,0,0,0,0,0
3147,13,75,1359872000,19397329657,2,148,1,74,木箭75,0,0,0,0,0,185,206,0,43,0,0,0,0,0,0,0,0
3148,13,76,1429151100,20826480757,2,150,1,75,木箭76,0,0,0,0,0,188,209,0,43,0,0,0,0,0,0,0,0
3149,13,77,1501044200,22327524957,2,152,1,76,木箭77,0,0,0,0,0,189,211,0,44,0,0,0,0,0,0,0,0
3150,13,78,1575616300,23903141257,2,154,1,77,木箭78,0,0,0,0,0,192,214,0,44,0,0,0,0,0,0,0,0
3151,13,79,1652932900,25556074157,2,156,1,78,木箭79,0,0,0,0,0,195,217,0,45,0,0,0,0,0,0,0,0
3152,13,80,1733060800,27289134957,2,158,1,79,木箭80,0,0,0,0,0,198,220,0,46,0,0,0,0,0,0,0,0
3153,13,81,1816067100,29105202057,2,160,1,80,木箭81,0,0,0,0,0,199,222,0,46,0,0,0,0,0,0,0,0
3154,13,82,1902020100,31007222157,2,162,1,81,木箭82,0,0,0,0,0,202,225,0,47,0,0,0,0,0,0,0,0
3155,13,83,1990988600,32998210757,2,164,1,82,木箭83,0,0,0,0,0,205,228,0,47,0,0,0,0,0,0,0,0
3156,13,84,2083042400,35081253157,2,166,1,83,木箭84,0,0,0,0,0,207,231,0,48,0,0,0,0,0,0,0,0
3157,13,85,2178252000,37259505157,2,168,1,84,木箭85,0,0,0,0,0,209,233,0,48,0,0,0,0,0,0,0,0
3158,13,86,2276688700,39536193857,2,170,1,85,木箭86,0,0,0,0,0,212,236,0,49,0,0,0,0,0,0,0,0
3159,13,87,2378424600,41914618457,2,172,1,86,木箭87,0,0,0,0,0,215,239,0,50,0,0,0,0,0,0,0,0
3160,13,88,2483532700,44398151157,2,174,1,87,木箭88,0,0,0,0,0,217,242,0,50,0,0,0,0,0,0,0,0
3161,13,89,2592086500,46990237657,2,176,1,88,木箭89,0,0,0,0,0,219,244,0,51,0,0,0,0,0,0,0,0
3162,13,90,2704160800,49694398457,2,178,1,89,木箭90,0,0,0,0,0,222,247,0,51,0,0,0,0,0,0,0,0
3163,13,91,2819830600,52514229057,2,180,1,90,木箭91,0,0,0,0,0,225,250,0,52,0,0,0,0,0,0,0,0
3164,13,92,2939172100,55453401157,2,182,1,91,木箭92,0,0,0,0,0,227,253,0,52,0,0,0,0,0,0,0,0
3165,13,93,3062262300,58515663457,2,184,1,92,木箭93,0,0,0,0,0,229,255,0,53,0,0,0,0,0,0,0,0
3166,13,94,3189178800,61704842257,2,186,1,93,木箭94,0,0,0,0,0,232,258,0,54,0,0,0,0,0,0,0,0
3167,13,95,3320000000,65024842257,2,188,1,94,木箭95,0,0,0,0,0,234,261,0,54,0,0,0,0,0,0,0,0
3168,13,96,3454805300,68479647557,2,190,1,95,木箭96,0,0,0,0,0,237,264,0,55,0,0,0,0,0,0,0,0
3169,13,97,3593674800,72073322357,2,192,1,96,木箭97,0,0,0,0,0,239,266,0,55,0,0,0,0,0,0,0,0
3170,13,98,3736689200,75810011557,2,194,1,97,木箭98,0,0,0,0,0,242,269,0,56,0,0,0,0,0,0,0,0
3171,13,99,3883930400,79693941957,2,196,1,98,木箭99,0,0,0,0,0,244,272,0,56,0,0,0,0,0,0,0,0
3172,13,100,4035480800,83729422757,2,198,1,99,木箭100,0,0,0,0,0,247,275,0,57,0,0,0,0,0,0,0,0
